country_key,country,iso3,g_whoregion,year,age_group,age_group_label,sex,sex_label,e_inc_num
afg,Afghanistan,AFG,Eastern Mediterranean,2024,0_14,0-14,a,All sexes,17000
afg,Afghanistan,AFG,Eastern Mediterranean,2024,0_14,0-14,f,Female,8400
afg,Afghanistan,AFG,Eastern Mediterranean,2024,0_14,0-14,m,Male,8700
afg,Afghanistan,AFG,Eastern Mediterranean,2024,0_4,0-4,a,All sexes,8300
afg,Afghanistan,AFG,Eastern Mediterranean,2024,0_4,0-4,f,Female,3800
afg,Afghanistan,AFG,Eastern Mediterranean,2024,0_4,0-4,m,Male,4500
afg,Afghanistan,AFG,Eastern Mediterranean,2024,10_14,10-14,a,All sexes,4900
afg,Afghanistan,AFG,Eastern Mediterranean,2024,10_14,10-14,f,Female,2500
afg,Afghanistan,AFG,Eastern Mediterranean,2024,10_14,10-14,m,Male,2400
afg,Afghanistan,AFG,Eastern Mediterranean,2024,15_19,15-19,a,All sexes,6900
afg,Afghanistan,AFG,Eastern Mediterranean,2024,15_19,15-19,f,Female,3700
afg,Afghanistan,AFG,Eastern Mediterranean,2024,15_19,15-19,m,Male,3200
afg,Afghanistan,AFG,Eastern Mediterranean,2024,15_24,15-24,a,All sexes,16000
afg,Afghanistan,AFG,Eastern Mediterranean,2024,15_24,15-24,f,Female,8500
afg,Afghanistan,AFG,Eastern Mediterranean,2024,15_24,15-24,m,Male,7200
afg,Afghanistan,AFG,Eastern Mediterranean,2024,15plus,15+,a,All sexes,70000
afg,Afghanistan,AFG,Eastern Mediterranean,2024,15plus,15+,f,Female,37000
afg,Afghanistan,AFG,Eastern Mediterranean,2024,15plus,15+,m,Male,33000
afg,Afghanistan,AFG,Eastern Mediterranean,2024,20_24,20-24,a,All sexes,8800
afg,Afghanistan,AFG,Eastern Mediterranean,2024,20_24,20-24,f,Female,4700
afg,Afghanistan,AFG,Eastern Mediterranean,2024,20_24,20-24,m,Male,4000
afg,Afghanistan,AFG,Eastern Mediterranean,2024,25_34,25-34,a,All sexes,14000
afg,Afghanistan,AFG,Eastern Mediterranean,2024,25_34,25-34,f,Female,7700
afg,Afghanistan,AFG,Eastern Mediterranean,2024,25_34,25-34,m,Male,6600
afg,Afghanistan,AFG,Eastern Mediterranean,2024,35_44,35-44,a,All sexes,11000
afg,Afghanistan,AFG,Eastern Mediterranean,2024,35_44,35-44,f,Female,5700
afg,Afghanistan,AFG,Eastern Mediterranean,2024,35_44,35-44,m,Male,5200
afg,Afghanistan,AFG,Eastern Mediterranean,2024,45_54,45-54,a,All sexes,9600
afg,Afghanistan,AFG,Eastern Mediterranean,2024,45_54,45-54,f,Female,5200
afg,Afghanistan,AFG,Eastern Mediterranean,2024,45_54,45-54,m,Male,4400
afg,Afghanistan,AFG,Eastern Mediterranean,2024,55_64,55-64,a,All sexes,9200
afg,Afghanistan,AFG,Eastern Mediterranean,2024,55_64,55-64,f,Female,5000
afg,Afghanistan,AFG,Eastern Mediterranean,2024,55_64,55-64,m,Male,4200
afg,Afghanistan,AFG,Eastern Mediterranean,2024,5_14,5-14,a,All sexes,8800
afg,Afghanistan,AFG,Eastern Mediterranean,2024,5_14,5-14,f,Female,4600
afg,Afghanistan,AFG,Eastern Mediterranean,2024,5_14,5-14,m,Male,4200
afg,Afghanistan,AFG,Eastern Mediterranean,2024,5_9,5-9,a,All sexes,3900
afg,Afghanistan,AFG,Eastern Mediterranean,2024,5_9,5-9,f,Female,2000
afg,Afghanistan,AFG,Eastern Mediterranean,2024,5_9,5-9,m,Male,1900
afg,Afghanistan,AFG,Eastern Mediterranean,2024,65plus,65+,a,All sexes,9900
afg,Afghanistan,AFG,Eastern Mediterranean,2024,65plus,65+,f,Female,4600
afg,Afghanistan,AFG,Eastern Mediterranean,2024,65plus,65+,m,Male,5300
afg,Afghanistan,AFG,Eastern Mediterranean,2024,all,All ages,a,All sexes,87000
afg,Afghanistan,AFG,Eastern Mediterranean,2024,all,All ages,f,Female,45000
afg,Afghanistan,AFG,Eastern Mediterranean,2024,all,All ages,m,Male,42000
alb,Albania,ALB,Europe,2024,0_14,0-14,a,All sexes,19
alb,Albania,ALB,Europe,2024,0_14,0-14,f,Female,4
alb,Albania,ALB,Europe,2024,0_14,0-14,m,Male,16
alb,Albania,ALB,Europe,2024,0_4,0-4,a,All sexes,12
alb,Albania,ALB,Europe,2024,0_4,0-4,f,Female,4
alb,Albania,ALB,Europe,2024,0_4,0-4,m,Male,9
alb,Albania,ALB,Europe,2024,10_14,10-14,a,All sexes,4
alb,Albania,ALB,Europe,2024,10_14,10-14,f,Female,0
alb,Albania,ALB,Europe,2024,10_14,10-14,m,Male,4
alb,Albania,ALB,Europe,2024,15_19,15-19,a,All sexes,25
alb,Albania,ALB,Europe,2024,15_19,15-19,f,Female,12
alb,Albania,ALB,Europe,2024,15_19,15-19,m,Male,12
alb,Albania,ALB,Europe,2024,15_24,15-24,a,All sexes,46
alb,Albania,ALB,Europe,2024,15_24,15-24,f,Female,23
alb,Albania,ALB,Europe,2024,15_24,15-24,m,Male,23
alb,Albania,ALB,Europe,2024,15plus,15+,a,All sexes,390
alb,Albania,ALB,Europe,2024,15plus,15+,f,Female,130
alb,Albania,ALB,Europe,2024,15plus,15+,m,Male,260
alb,Albania,ALB,Europe,2024,20_24,20-24,a,All sexes,21
alb,Albania,ALB,Europe,2024,20_24,20-24,f,Female,11
alb,Albania,ALB,Europe,2024,20_24,20-24,m,Male,11
alb,Albania,ALB,Europe,2024,25_34,25-34,a,All sexes,60
alb,Albania,ALB,Europe,2024,25_34,25-34,f,Female,23
alb,Albania,ALB,Europe,2024,25_34,25-34,m,Male,37
alb,Albania,ALB,Europe,2024,35_44,35-44,a,All sexes,65
alb,Albania,ALB,Europe,2024,35_44,35-44,f,Female,18
alb,Albania,ALB,Europe,2024,35_44,35-44,m,Male,48
alb,Albania,ALB,Europe,2024,45_54,45-54,a,All sexes,69
alb,Albania,ALB,Europe,2024,45_54,45-54,f,Female,12
alb,Albania,ALB,Europe,2024,45_54,45-54,m,Male,56
alb,Albania,ALB,Europe,2024,55_64,55-64,a,All sexes,48
alb,Albania,ALB,Europe,2024,55_64,55-64,f,Female,5
alb,Albania,ALB,Europe,2024,55_64,55-64,m,Male,42
alb,Albania,ALB,Europe,2024,5_14,5-14,a,All sexes,7
alb,Albania,ALB,Europe,2024,5_14,5-14,f,Female,0
alb,Albania,ALB,Europe,2024,5_14,5-14,m,Male,7
alb,Albania,ALB,Europe,2024,5_9,5-9,a,All sexes,4
alb,Albania,ALB,Europe,2024,5_9,5-9,f,Female,0
alb,Albania,ALB,Europe,2024,5_9,5-9,m,Male,4
alb,Albania,ALB,Europe,2024,65plus,65+,a,All sexes,100
alb,Albania,ALB,Europe,2024,65plus,65+,f,Female,48
alb,Albania,ALB,Europe,2024,65plus,65+,m,Male,55
alb,Albania,ALB,Europe,2024,all,All ages,a,All sexes,410
alb,Albania,ALB,Europe,2024,all,All ages,f,Female,130
alb,Albania,ALB,Europe,2024,all,All ages,m,Male,280
dza,Algeria,DZA,Africa,2024,0_14,0-14,a,All sexes,420
dza,Algeria,DZA,Africa,2024,0_14,0-14,f,Female,250
dza,Algeria,DZA,Africa,2024,0_14,0-14,m,Male,170
dza,Algeria,DZA,Africa,2024,0_4,0-4,a,All sexes,210
dza,Algeria,DZA,Africa,2024,0_4,0-4,f,Female,130
dza,Algeria,DZA,Africa,2024,0_4,0-4,m,Male,83
dza,Algeria,DZA,Africa,2024,10_14,10-14,a,All sexes,110
dza,Algeria,DZA,Africa,2024,10_14,10-14,f,Female,66
dza,Algeria,DZA,Africa,2024,10_14,10-14,m,Male,44
dza,Algeria,DZA,Africa,2024,15_19,15-19,a,All sexes,2000
dza,Algeria,DZA,Africa,2024,15_19,15-19,f,Female,930
dza,Algeria,DZA,Africa,2024,15_19,15-19,m,Male,1000
dza,Algeria,DZA,Africa,2024,15_24,15-24,a,All sexes,4100
dza,Algeria,DZA,Africa,2024,15_24,15-24,f,Female,2000
dza,Algeria,DZA,Africa,2024,15_24,15-24,m,Male,2100
dza,Algeria,DZA,Africa,2024,15plus,15+,a,All sexes,25000
dza,Algeria,DZA,Africa,2024,15plus,15+,f,Female,9000
dza,Algeria,DZA,Africa,2024,15plus,15+,m,Male,16000
dza,Algeria,DZA,Africa,2024,20_24,20-24,a,All sexes,2100
dza,Algeria,DZA,Africa,2024,20_24,20-24,f,Female,1000
dza,Algeria,DZA,Africa,2024,20_24,20-24,m,Male,1100
dza,Algeria,DZA,Africa,2024,25_34,25-34,a,All sexes,5000
dza,Algeria,DZA,Africa,2024,25_34,25-34,f,Female,1700
dza,Algeria,DZA,Africa,2024,25_34,25-34,m,Male,3300
dza,Algeria,DZA,Africa,2024,35_44,35-44,a,All sexes,4400
dza,Algeria,DZA,Africa,2024,35_44,35-44,f,Female,1300
dza,Algeria,DZA,Africa,2024,35_44,35-44,m,Male,3100
dza,Algeria,DZA,Africa,2024,45_54,45-54,a,All sexes,3800
dza,Algeria,DZA,Africa,2024,45_54,45-54,f,Female,1100
dza,Algeria,DZA,Africa,2024,45_54,45-54,m,Male,2700
dza,Algeria,DZA,Africa,2024,55_64,55-64,a,All sexes,3100
dza,Algeria,DZA,Africa,2024,55_64,55-64,f,Female,990
dza,Algeria,DZA,Africa,2024,55_64,55-64,m,Male,2100
dza,Algeria,DZA,Africa,2024,5_14,5-14,a,All sexes,210
dza,Algeria,DZA,Africa,2024,5_14,5-14,f,Female,130
dza,Algeria,DZA,Africa,2024,5_14,5-14,m,Male,83
dza,Algeria,DZA,Africa,2024,5_9,5-9,a,All sexes,99
dza,Algeria,DZA,Africa,2024,5_9,5-9,f,Female,61
dza,Algeria,DZA,Africa,2024,5_9,5-9,m,Male,39
dza,Algeria,DZA,Africa,2024,65plus,65+,a,All sexes,4300
dza,Algeria,DZA,Africa,2024,65plus,65+,f,Female,1900
dza,Algeria,DZA,Africa,2024,65plus,65+,m,Male,2400
dza,Algeria,DZA,Africa,2024,all,All ages,a,All sexes,25000
dza,Algeria,DZA,Africa,2024,all,All ages,f,Female,9200
dza,Algeria,DZA,Africa,2024,all,All ages,m,Male,16000
ago,Angola,AGO,Africa,2024,0_14,0-14,a,All sexes,21000
ago,Angola,AGO,Africa,2024,0_14,0-14,f,Female,10000
ago,Angola,AGO,Africa,2024,0_14,0-14,m,Male,11000
ago,Angola,AGO,Africa,2024,0_4,0-4,a,All sexes,10000
ago,Angola,AGO,Africa,2024,0_4,0-4,f,Female,4500
ago,Angola,AGO,Africa,2024,0_4,0-4,m,Male,5600
ago,Angola,AGO,Africa,2024,10_14,10-14,a,All sexes,5900
ago,Angola,AGO,Africa,2024,10_14,10-14,f,Female,3000
ago,Angola,AGO,Africa,2024,10_14,10-14,m,Male,2900
ago,Angola,AGO,Africa,2024,15_19,15-19,a,All sexes,13000
ago,Angola,AGO,Africa,2024,15_19,15-19,f,Female,5800
ago,Angola,AGO,Africa,2024,15_19,15-19,m,Male,6900
ago,Angola,AGO,Africa,2024,15_24,15-24,a,All sexes,29000
ago,Angola,AGO,Africa,2024,15_24,15-24,f,Female,14000
ago,Angola,AGO,Africa,2024,15_24,15-24,m,Male,16000
ago,Angola,AGO,Africa,2024,15plus,15+,a,All sexes,120000
ago,Angola,AGO,Africa,2024,15plus,15+,f,Female,51000
ago,Angola,AGO,Africa,2024,15plus,15+,m,Male,70000
ago,Angola,AGO,Africa,2024,20_24,20-24,a,All sexes,17000
ago,Angola,AGO,Africa,2024,20_24,20-24,f,Female,7900
ago,Angola,AGO,Africa,2024,20_24,20-24,m,Male,8600
ago,Angola,AGO,Africa,2024,25_34,25-34,a,All sexes,28000
ago,Angola,AGO,Africa,2024,25_34,25-34,f,Female,12000
ago,Angola,AGO,Africa,2024,25_34,25-34,m,Male,17000
ago,Angola,AGO,Africa,2024,35_44,35-44,a,All sexes,23000
ago,Angola,AGO,Africa,2024,35_44,35-44,f,Female,9200
ago,Angola,AGO,Africa,2024,35_44,35-44,m,Male,14000
ago,Angola,AGO,Africa,2024,45_54,45-54,a,All sexes,17000
ago,Angola,AGO,Africa,2024,45_54,45-54,f,Female,6800
ago,Angola,AGO,Africa,2024,45_54,45-54,m,Male,9800
ago,Angola,AGO,Africa,2024,55_64,55-64,a,All sexes,12000
ago,Angola,AGO,Africa,2024,55_64,55-64,f,Female,5000
ago,Angola,AGO,Africa,2024,55_64,55-64,m,Male,7300
ago,Angola,AGO,Africa,2024,5_14,5-14,a,All sexes,11000
ago,Angola,AGO,Africa,2024,5_14,5-14,f,Female,5700
ago,Angola,AGO,Africa,2024,5_14,5-14,m,Male,5600
ago,Angola,AGO,Africa,2024,5_9,5-9,a,All sexes,5400
ago,Angola,AGO,Africa,2024,5_9,5-9,f,Female,2700
ago,Angola,AGO,Africa,2024,5_9,5-9,m,Male,2700
ago,Angola,AGO,Africa,2024,65plus,65+,a,All sexes,10000
ago,Angola,AGO,Africa,2024,65plus,65+,f,Female,4300
ago,Angola,AGO,Africa,2024,65plus,65+,m,Male,5800
ago,Angola,AGO,Africa,2024,all,All ages,a,All sexes,141000
ago,Angola,AGO,Africa,2024,all,All ages,f,Female,61000
ago,Angola,AGO,Africa,2024,all,All ages,m,Male,81000
arg,Argentina,ARG,Americas,2024,0_14,0-14,a,All sexes,1700
arg,Argentina,ARG,Americas,2024,0_14,0-14,f,Female,860
arg,Argentina,ARG,Americas,2024,0_14,0-14,m,Male,860
arg,Argentina,ARG,Americas,2024,0_4,0-4,a,All sexes,490
arg,Argentina,ARG,Americas,2024,0_4,0-4,f,Female,260
arg,Argentina,ARG,Americas,2024,0_4,0-4,m,Male,230
arg,Argentina,ARG,Americas,2024,10_14,10-14,a,All sexes,750
arg,Argentina,ARG,Americas,2024,10_14,10-14,f,Female,390
arg,Argentina,ARG,Americas,2024,10_14,10-14,m,Male,360
arg,Argentina,ARG,Americas,2024,15_19,15-19,a,All sexes,1900
arg,Argentina,ARG,Americas,2024,15_19,15-19,f,Female,820
arg,Argentina,ARG,Americas,2024,15_19,15-19,m,Male,1100
arg,Argentina,ARG,Americas,2024,15_24,15-24,a,All sexes,4400
arg,Argentina,ARG,Americas,2024,15_24,15-24,f,Female,1800
arg,Argentina,ARG,Americas,2024,15_24,15-24,m,Male,2600
arg,Argentina,ARG,Americas,2024,15plus,15+,a,All sexes,19000
arg,Argentina,ARG,Americas,2024,15plus,15+,f,Female,7100
arg,Argentina,ARG,Americas,2024,15plus,15+,m,Male,11000
arg,Argentina,ARG,Americas,2024,20_24,20-24,a,All sexes,2500
arg,Argentina,ARG,Americas,2024,20_24,20-24,f,Female,1000
arg,Argentina,ARG,Americas,2024,20_24,20-24,m,Male,1500
arg,Argentina,ARG,Americas,2024,25_34,25-34,a,All sexes,4600
arg,Argentina,ARG,Americas,2024,25_34,25-34,f,Female,1700
arg,Argentina,ARG,Americas,2024,25_34,25-34,m,Male,2900
arg,Argentina,ARG,Americas,2024,35_44,35-44,a,All sexes,3300
arg,Argentina,ARG,Americas,2024,35_44,35-44,f,Female,1200
arg,Argentina,ARG,Americas,2024,35_44,35-44,m,Male,2100
arg,Argentina,ARG,Americas,2024,45_54,45-54,a,All sexes,2400
arg,Argentina,ARG,Americas,2024,45_54,45-54,f,Female,870
arg,Argentina,ARG,Americas,2024,45_54,45-54,m,Male,1500
arg,Argentina,ARG,Americas,2024,55_64,55-64,a,All sexes,1800
arg,Argentina,ARG,Americas,2024,55_64,55-64,f,Female,680
arg,Argentina,ARG,Americas,2024,55_64,55-64,m,Male,1200
arg,Argentina,ARG,Americas,2024,5_14,5-14,a,All sexes,1200
arg,Argentina,ARG,Americas,2024,5_14,5-14,f,Female,600
arg,Argentina,ARG,Americas,2024,5_14,5-14,m,Male,620
arg,Argentina,ARG,Americas,2024,5_9,5-9,a,All sexes,480
arg,Argentina,ARG,Americas,2024,5_9,5-9,f,Female,210
arg,Argentina,ARG,Americas,2024,5_9,5-9,m,Male,260
arg,Argentina,ARG,Americas,2024,65plus,65+,a,All sexes,2000
arg,Argentina,ARG,Americas,2024,65plus,65+,f,Female,820
arg,Argentina,ARG,Americas,2024,65plus,65+,m,Male,1200
arg,Argentina,ARG,Americas,2024,all,All ages,a,All sexes,20000
arg,Argentina,ARG,Americas,2024,all,All ages,f,Female,8000
arg,Argentina,ARG,Americas,2024,all,All ages,m,Male,12000
arm,Armenia,ARM,Europe,2024,0_14,0-14,a,All sexes,30
arm,Armenia,ARM,Europe,2024,0_14,0-14,f,Female,14
arm,Armenia,ARM,Europe,2024,0_14,0-14,m,Male,16
arm,Armenia,ARM,Europe,2024,0_4,0-4,a,All sexes,7
arm,Armenia,ARM,Europe,2024,0_4,0-4,f,Female,1
arm,Armenia,ARM,Europe,2024,0_4,0-4,m,Male,6
arm,Armenia,ARM,Europe,2024,10_14,10-14,a,All sexes,10
arm,Armenia,ARM,Europe,2024,10_14,10-14,f,Female,6
arm,Armenia,ARM,Europe,2024,10_14,10-14,m,Male,4
arm,Armenia,ARM,Europe,2024,15_19,15-19,a,All sexes,25
arm,Armenia,ARM,Europe,2024,15_19,15-19,f,Female,10
arm,Armenia,ARM,Europe,2024,15_19,15-19,m,Male,14
arm,Armenia,ARM,Europe,2024,15_24,15-24,a,All sexes,46
arm,Armenia,ARM,Europe,2024,15_24,15-24,f,Female,19
arm,Armenia,ARM,Europe,2024,15_24,15-24,m,Male,27
arm,Armenia,ARM,Europe,2024,15plus,15+,a,All sexes,520
arm,Armenia,ARM,Europe,2024,15plus,15+,f,Female,120
arm,Armenia,ARM,Europe,2024,15plus,15+,m,Male,400
arm,Armenia,ARM,Europe,2024,20_24,20-24,a,All sexes,22
arm,Armenia,ARM,Europe,2024,20_24,20-24,f,Female,9
arm,Armenia,ARM,Europe,2024,20_24,20-24,m,Male,13
arm,Armenia,ARM,Europe,2024,25_34,25-34,a,All sexes,58
arm,Armenia,ARM,Europe,2024,25_34,25-34,f,Female,14
arm,Armenia,ARM,Europe,2024,25_34,25-34,m,Male,43
arm,Armenia,ARM,Europe,2024,35_44,35-44,a,All sexes,100
arm,Armenia,ARM,Europe,2024,35_44,35-44,f,Female,17
arm,Armenia,ARM,Europe,2024,35_44,35-44,m,Male,82
arm,Armenia,ARM,Europe,2024,45_54,45-54,a,All sexes,110
arm,Armenia,ARM,Europe,2024,45_54,45-54,f,Female,23
arm,Armenia,ARM,Europe,2024,45_54,45-54,m,Male,87
arm,Armenia,ARM,Europe,2024,55_64,55-64,a,All sexes,120
arm,Armenia,ARM,Europe,2024,55_64,55-64,f,Female,23
arm,Armenia,ARM,Europe,2024,55_64,55-64,m,Male,100
arm,Armenia,ARM,Europe,2024,5_14,5-14,a,All sexes,23
arm,Armenia,ARM,Europe,2024,5_14,5-14,f,Female,13
arm,Armenia,ARM,Europe,2024,5_14,5-14,m,Male,10
arm,Armenia,ARM,Europe,2024,5_9,5-9,a,All sexes,13
arm,Armenia,ARM,Europe,2024,5_9,5-9,f,Female,7
arm,Armenia,ARM,Europe,2024,5_9,5-9,m,Male,6
arm,Armenia,ARM,Europe,2024,65plus,65+,a,All sexes,87
arm,Armenia,ARM,Europe,2024,65plus,65+,f,Female,23
arm,Armenia,ARM,Europe,2024,65plus,65+,m,Male,64
arm,Armenia,ARM,Europe,2024,all,All ages,a,All sexes,550
arm,Armenia,ARM,Europe,2024,all,All ages,f,Female,130
arm,Armenia,ARM,Europe,2024,all,All ages,m,Male,420
aus,Australia,AUS,Western Pacific,2024,0_14,0-14,a,All sexes,34
aus,Australia,AUS,Western Pacific,2024,0_14,0-14,f,Female,24
aus,Australia,AUS,Western Pacific,2024,0_14,0-14,m,Male,10
aus,Australia,AUS,Western Pacific,2024,0_4,0-4,a,All sexes,11
aus,Australia,AUS,Western Pacific,2024,0_4,0-4,f,Female,8
aus,Australia,AUS,Western Pacific,2024,0_4,0-4,m,Male,3
aus,Australia,AUS,Western Pacific,2024,10_14,10-14,a,All sexes,11
aus,Australia,AUS,Western Pacific,2024,10_14,10-14,f,Female,8
aus,Australia,AUS,Western Pacific,2024,10_14,10-14,m,Male,3
aus,Australia,AUS,Western Pacific,2024,15_19,15-19,a,All sexes,130
aus,Australia,AUS,Western Pacific,2024,15_19,15-19,f,Female,55
aus,Australia,AUS,Western Pacific,2024,15_19,15-19,m,Male,70
aus,Australia,AUS,Western Pacific,2024,15_24,15-24,a,All sexes,250
aus,Australia,AUS,Western Pacific,2024,15_24,15-24,f,Female,110
aus,Australia,AUS,Western Pacific,2024,15_24,15-24,m,Male,140
aus,Australia,AUS,Western Pacific,2024,15plus,15+,a,All sexes,1800
aus,Australia,AUS,Western Pacific,2024,15plus,15+,f,Female,840
aus,Australia,AUS,Western Pacific,2024,15plus,15+,m,Male,980
aus,Australia,AUS,Western Pacific,2024,20_24,20-24,a,All sexes,130
aus,Australia,AUS,Western Pacific,2024,20_24,20-24,f,Female,55
aus,Australia,AUS,Western Pacific,2024,20_24,20-24,m,Male,70
aus,Australia,AUS,Western Pacific,2024,25_34,25-34,a,All sexes,520
aus,Australia,AUS,Western Pacific,2024,25_34,25-34,f,Female,260
aus,Australia,AUS,Western Pacific,2024,25_34,25-34,m,Male,260
aus,Australia,AUS,Western Pacific,2024,35_44,35-44,a,All sexes,280
aus,Australia,AUS,Western Pacific,2024,35_44,35-44,f,Female,160
aus,Australia,AUS,Western Pacific,2024,35_44,35-44,m,Male,120
aus,Australia,AUS,Western Pacific,2024,45_54,45-54,a,All sexes,220
aus,Australia,AUS,Western Pacific,2024,45_54,45-54,f,Female,100
aus,Australia,AUS,Western Pacific,2024,45_54,45-54,m,Male,120
aus,Australia,AUS,Western Pacific,2024,55_64,55-64,a,All sexes,180
aus,Australia,AUS,Western Pacific,2024,55_64,55-64,f,Female,68
aus,Australia,AUS,Western Pacific,2024,55_64,55-64,m,Male,110
aus,Australia,AUS,Western Pacific,2024,5_14,5-14,a,All sexes,23
aus,Australia,AUS,Western Pacific,2024,5_14,5-14,f,Female,16
aus,Australia,AUS,Western Pacific,2024,5_14,5-14,m,Male,7
aus,Australia,AUS,Western Pacific,2024,5_9,5-9,a,All sexes,11
aus,Australia,AUS,Western Pacific,2024,5_9,5-9,f,Female,8
aus,Australia,AUS,Western Pacific,2024,5_9,5-9,m,Male,3
aus,Australia,AUS,Western Pacific,2024,65plus,65+,a,All sexes,360
aus,Australia,AUS,Western Pacific,2024,65plus,65+,f,Female,130
aus,Australia,AUS,Western Pacific,2024,65plus,65+,m,Male,230
aus,Australia,AUS,Western Pacific,2024,all,All ages,a,All sexes,1900
aus,Australia,AUS,Western Pacific,2024,all,All ages,f,Female,860
aus,Australia,AUS,Western Pacific,2024,all,All ages,m,Male,990
aut,Austria,AUT,Europe,2024,0_14,0-14,a,All sexes,14
aut,Austria,AUT,Europe,2024,0_14,0-14,f,Female,5
aut,Austria,AUT,Europe,2024,0_14,0-14,m,Male,9
aut,Austria,AUT,Europe,2024,0_4,0-4,a,All sexes,9
aut,Austria,AUT,Europe,2024,0_4,0-4,f,Female,2
aut,Austria,AUT,Europe,2024,0_4,0-4,m,Male,7
aut,Austria,AUT,Europe,2024,10_14,10-14,a,All sexes,1
aut,Austria,AUT,Europe,2024,10_14,10-14,f,Female,1
aut,Austria,AUT,Europe,2024,10_14,10-14,m,Male,0
aut,Austria,AUT,Europe,2024,15_19,15-19,a,All sexes,36
aut,Austria,AUT,Europe,2024,15_19,15-19,f,Female,6
aut,Austria,AUT,Europe,2024,15_19,15-19,m,Male,31
aut,Austria,AUT,Europe,2024,15_24,15-24,a,All sexes,82
aut,Austria,AUT,Europe,2024,15_24,15-24,f,Female,15
aut,Austria,AUT,Europe,2024,15_24,15-24,m,Male,67
aut,Austria,AUT,Europe,2024,15plus,15+,a,All sexes,430
aut,Austria,AUT,Europe,2024,15plus,15+,f,Female,130
aut,Austria,AUT,Europe,2024,15plus,15+,m,Male,300
aut,Austria,AUT,Europe,2024,20_24,20-24,a,All sexes,46
aut,Austria,AUT,Europe,2024,20_24,20-24,f,Female,9
aut,Austria,AUT,Europe,2024,20_24,20-24,m,Male,36
aut,Austria,AUT,Europe,2024,25_34,25-34,a,All sexes,69
aut,Austria,AUT,Europe,2024,25_34,25-34,f,Female,26
aut,Austria,AUT,Europe,2024,25_34,25-34,m,Male,43
aut,Austria,AUT,Europe,2024,35_44,35-44,a,All sexes,74
aut,Austria,AUT,Europe,2024,35_44,35-44,f,Female,24
aut,Austria,AUT,Europe,2024,35_44,35-44,m,Male,51
aut,Austria,AUT,Europe,2024,45_54,45-54,a,All sexes,45
aut,Austria,AUT,Europe,2024,45_54,45-54,f,Female,9
aut,Austria,AUT,Europe,2024,45_54,45-54,m,Male,35
aut,Austria,AUT,Europe,2024,55_64,55-64,a,All sexes,66
aut,Austria,AUT,Europe,2024,55_64,55-64,f,Female,18
aut,Austria,AUT,Europe,2024,55_64,55-64,m,Male,48
aut,Austria,AUT,Europe,2024,5_14,5-14,a,All sexes,5
aut,Austria,AUT,Europe,2024,5_14,5-14,f,Female,2
aut,Austria,AUT,Europe,2024,5_14,5-14,m,Male,2
aut,Austria,AUT,Europe,2024,5_9,5-9,a,All sexes,4
aut,Austria,AUT,Europe,2024,5_9,5-9,f,Female,1
aut,Austria,AUT,Europe,2024,5_9,5-9,m,Male,2
aut,Austria,AUT,Europe,2024,65plus,65+,a,All sexes,99
aut,Austria,AUT,Europe,2024,65plus,65+,f,Female,42
aut,Austria,AUT,Europe,2024,65plus,65+,m,Male,56
aut,Austria,AUT,Europe,2024,all,All ages,a,All sexes,450
aut,Austria,AUT,Europe,2024,all,All ages,f,Female,140
aut,Austria,AUT,Europe,2024,all,All ages,m,Male,310
aze,Azerbaijan,AZE,Europe,2024,0_14,0-14,a,All sexes,280
aze,Azerbaijan,AZE,Europe,2024,0_14,0-14,f,Female,150
aze,Azerbaijan,AZE,Europe,2024,0_14,0-14,m,Male,130
aze,Azerbaijan,AZE,Europe,2024,0_4,0-4,a,All sexes,76
aze,Azerbaijan,AZE,Europe,2024,0_4,0-4,f,Female,37
aze,Azerbaijan,AZE,Europe,2024,0_4,0-4,m,Male,39
aze,Azerbaijan,AZE,Europe,2024,10_14,10-14,a,All sexes,98
aze,Azerbaijan,AZE,Europe,2024,10_14,10-14,f,Female,51
aze,Azerbaijan,AZE,Europe,2024,10_14,10-14,m,Male,46
aze,Azerbaijan,AZE,Europe,2024,15_19,15-19,a,All sexes,520
aze,Azerbaijan,AZE,Europe,2024,15_19,15-19,f,Female,180
aze,Azerbaijan,AZE,Europe,2024,15_19,15-19,m,Male,340
aze,Azerbaijan,AZE,Europe,2024,15_24,15-24,a,All sexes,1000
aze,Azerbaijan,AZE,Europe,2024,15_24,15-24,f,Female,340
aze,Azerbaijan,AZE,Europe,2024,15_24,15-24,m,Male,660
aze,Azerbaijan,AZE,Europe,2024,15plus,15+,a,All sexes,6400
aze,Azerbaijan,AZE,Europe,2024,15plus,15+,f,Female,2200
aze,Azerbaijan,AZE,Europe,2024,15plus,15+,m,Male,4200
aze,Azerbaijan,AZE,Europe,2024,20_24,20-24,a,All sexes,480
aze,Azerbaijan,AZE,Europe,2024,20_24,20-24,f,Female,160
aze,Azerbaijan,AZE,Europe,2024,20_24,20-24,m,Male,320
aze,Azerbaijan,AZE,Europe,2024,25_34,25-34,a,All sexes,1200
aze,Azerbaijan,AZE,Europe,2024,25_34,25-34,f,Female,420
aze,Azerbaijan,AZE,Europe,2024,25_34,25-34,m,Male,800
aze,Azerbaijan,AZE,Europe,2024,35_44,35-44,a,All sexes,1200
aze,Azerbaijan,AZE,Europe,2024,35_44,35-44,f,Female,420
aze,Azerbaijan,AZE,Europe,2024,35_44,35-44,m,Male,790
aze,Azerbaijan,AZE,Europe,2024,45_54,45-54,a,All sexes,1100
aze,Azerbaijan,AZE,Europe,2024,45_54,45-54,f,Female,320
aze,Azerbaijan,AZE,Europe,2024,45_54,45-54,m,Male,800
aze,Azerbaijan,AZE,Europe,2024,55_64,55-64,a,All sexes,1200
aze,Azerbaijan,AZE,Europe,2024,55_64,55-64,f,Female,400
aze,Azerbaijan,AZE,Europe,2024,55_64,55-64,m,Male,820
aze,Azerbaijan,AZE,Europe,2024,5_14,5-14,a,All sexes,200
aze,Azerbaijan,AZE,Europe,2024,5_14,5-14,f,Female,110
aze,Azerbaijan,AZE,Europe,2024,5_14,5-14,m,Male,96
aze,Azerbaijan,AZE,Europe,2024,5_9,5-9,a,All sexes,110
aze,Azerbaijan,AZE,Europe,2024,5_9,5-9,f,Female,57
aze,Azerbaijan,AZE,Europe,2024,5_9,5-9,m,Male,50
aze,Azerbaijan,AZE,Europe,2024,65plus,65+,a,All sexes,590
aze,Azerbaijan,AZE,Europe,2024,65plus,65+,f,Female,250
aze,Azerbaijan,AZE,Europe,2024,65plus,65+,m,Male,340
aze,Azerbaijan,AZE,Europe,2024,all,All ages,a,All sexes,6600
aze,Azerbaijan,AZE,Europe,2024,all,All ages,f,Female,2300
aze,Azerbaijan,AZE,Europe,2024,all,All ages,m,Male,4300
bhs,Bahamas,BHS,Americas,2024,0_14,0-14,a,All sexes,7
bhs,Bahamas,BHS,Americas,2024,0_14,0-14,f,Female,4
bhs,Bahamas,BHS,Americas,2024,0_14,0-14,m,Male,3
bhs,Bahamas,BHS,Americas,2024,0_4,0-4,a,All sexes,1
bhs,Bahamas,BHS,Americas,2024,0_4,0-4,f,Female,1
bhs,Bahamas,BHS,Americas,2024,0_4,0-4,m,Male,0
bhs,Bahamas,BHS,Americas,2024,10_14,10-14,a,All sexes,4
bhs,Bahamas,BHS,Americas,2024,10_14,10-14,f,Female,1
bhs,Bahamas,BHS,Americas,2024,10_14,10-14,m,Male,3
bhs,Bahamas,BHS,Americas,2024,15_19,15-19,a,All sexes,1
bhs,Bahamas,BHS,Americas,2024,15_19,15-19,f,Female,1
bhs,Bahamas,BHS,Americas,2024,15_19,15-19,m,Male,0
bhs,Bahamas,BHS,Americas,2024,15_24,15-24,a,All sexes,5
bhs,Bahamas,BHS,Americas,2024,15_24,15-24,f,Female,4
bhs,Bahamas,BHS,Americas,2024,15_24,15-24,m,Male,1
bhs,Bahamas,BHS,Americas,2024,15plus,15+,a,All sexes,67
bhs,Bahamas,BHS,Americas,2024,15plus,15+,f,Female,23
bhs,Bahamas,BHS,Americas,2024,15plus,15+,m,Male,43
bhs,Bahamas,BHS,Americas,2024,20_24,20-24,a,All sexes,4
bhs,Bahamas,BHS,Americas,2024,20_24,20-24,f,Female,3
bhs,Bahamas,BHS,Americas,2024,20_24,20-24,m,Male,1
bhs,Bahamas,BHS,Americas,2024,25_34,25-34,a,All sexes,12
bhs,Bahamas,BHS,Americas,2024,25_34,25-34,f,Female,7
bhs,Bahamas,BHS,Americas,2024,25_34,25-34,m,Male,5
bhs,Bahamas,BHS,Americas,2024,35_44,35-44,a,All sexes,20
bhs,Bahamas,BHS,Americas,2024,35_44,35-44,f,Female,5
bhs,Bahamas,BHS,Americas,2024,35_44,35-44,m,Male,14
bhs,Bahamas,BHS,Americas,2024,45_54,45-54,a,All sexes,12
bhs,Bahamas,BHS,Americas,2024,45_54,45-54,f,Female,4
bhs,Bahamas,BHS,Americas,2024,45_54,45-54,m,Male,8
bhs,Bahamas,BHS,Americas,2024,55_64,55-64,a,All sexes,9
bhs,Bahamas,BHS,Americas,2024,55_64,55-64,f,Female,1
bhs,Bahamas,BHS,Americas,2024,55_64,55-64,m,Male,8
bhs,Bahamas,BHS,Americas,2024,5_14,5-14,a,All sexes,5
bhs,Bahamas,BHS,Americas,2024,5_14,5-14,f,Female,3
bhs,Bahamas,BHS,Americas,2024,5_14,5-14,m,Male,3
bhs,Bahamas,BHS,Americas,2024,5_9,5-9,a,All sexes,1
bhs,Bahamas,BHS,Americas,2024,5_9,5-9,f,Female,1
bhs,Bahamas,BHS,Americas,2024,5_9,5-9,m,Male,0
bhs,Bahamas,BHS,Americas,2024,65plus,65+,a,All sexes,9
bhs,Bahamas,BHS,Americas,2024,65plus,65+,f,Female,3
bhs,Bahamas,BHS,Americas,2024,65plus,65+,m,Male,7
bhs,Bahamas,BHS,Americas,2024,all,All ages,a,All sexes,73
bhs,Bahamas,BHS,Americas,2024,all,All ages,f,Female,27
bhs,Bahamas,BHS,Americas,2024,all,All ages,m,Male,46
bhr,Bahrain,BHR,Eastern Mediterranean,2024,0_14,0-14,a,All sexes,0
bhr,Bahrain,BHR,Eastern Mediterranean,2024,0_14,0-14,f,Female,0
bhr,Bahrain,BHR,Eastern Mediterranean,2024,0_14,0-14,m,Male,0
bhr,Bahrain,BHR,Eastern Mediterranean,2024,0_4,0-4,a,All sexes,0
bhr,Bahrain,BHR,Eastern Mediterranean,2024,0_4,0-4,f,Female,0
bhr,Bahrain,BHR,Eastern Mediterranean,2024,0_4,0-4,m,Male,0
bhr,Bahrain,BHR,Eastern Mediterranean,2024,10_14,10-14,a,All sexes,0
bhr,Bahrain,BHR,Eastern Mediterranean,2024,10_14,10-14,f,Female,0
bhr,Bahrain,BHR,Eastern Mediterranean,2024,10_14,10-14,m,Male,0
bhr,Bahrain,BHR,Eastern Mediterranean,2024,15_19,15-19,a,All sexes,9
bhr,Bahrain,BHR,Eastern Mediterranean,2024,15_19,15-19,f,Female,0
bhr,Bahrain,BHR,Eastern Mediterranean,2024,15_19,15-19,m,Male,9
bhr,Bahrain,BHR,Eastern Mediterranean,2024,15_24,15-24,a,All sexes,23
bhr,Bahrain,BHR,Eastern Mediterranean,2024,15_24,15-24,f,Female,1
bhr,Bahrain,BHR,Eastern Mediterranean,2024,15_24,15-24,m,Male,21
bhr,Bahrain,BHR,Eastern Mediterranean,2024,15plus,15+,a,All sexes,190
bhr,Bahrain,BHR,Eastern Mediterranean,2024,15plus,15+,f,Female,57
bhr,Bahrain,BHR,Eastern Mediterranean,2024,15plus,15+,m,Male,140
bhr,Bahrain,BHR,Eastern Mediterranean,2024,20_24,20-24,a,All sexes,13
bhr,Bahrain,BHR,Eastern Mediterranean,2024,20_24,20-24,f,Female,1
bhr,Bahrain,BHR,Eastern Mediterranean,2024,20_24,20-24,m,Male,12
bhr,Bahrain,BHR,Eastern Mediterranean,2024,25_34,25-34,a,All sexes,47
bhr,Bahrain,BHR,Eastern Mediterranean,2024,25_34,25-34,f,Female,8
bhr,Bahrain,BHR,Eastern Mediterranean,2024,25_34,25-34,m,Male,39
bhr,Bahrain,BHR,Eastern Mediterranean,2024,35_44,35-44,a,All sexes,65
bhr,Bahrain,BHR,Eastern Mediterranean,2024,35_44,35-44,f,Female,20
bhr,Bahrain,BHR,Eastern Mediterranean,2024,35_44,35-44,m,Male,45
bhr,Bahrain,BHR,Eastern Mediterranean,2024,45_54,45-54,a,All sexes,29
bhr,Bahrain,BHR,Eastern Mediterranean,2024,45_54,45-54,f,Female,15
bhr,Bahrain,BHR,Eastern Mediterranean,2024,45_54,45-54,m,Male,15
bhr,Bahrain,BHR,Eastern Mediterranean,2024,55_64,55-64,a,All sexes,21
bhr,Bahrain,BHR,Eastern Mediterranean,2024,55_64,55-64,f,Female,12
bhr,Bahrain,BHR,Eastern Mediterranean,2024,55_64,55-64,m,Male,9
bhr,Bahrain,BHR,Eastern Mediterranean,2024,5_14,5-14,a,All sexes,0
bhr,Bahrain,BHR,Eastern Mediterranean,2024,5_14,5-14,f,Female,0
bhr,Bahrain,BHR,Eastern Mediterranean,2024,5_14,5-14,m,Male,0
bhr,Bahrain,BHR,Eastern Mediterranean,2024,5_9,5-9,a,All sexes,0
bhr,Bahrain,BHR,Eastern Mediterranean,2024,5_9,5-9,f,Female,0
bhr,Bahrain,BHR,Eastern Mediterranean,2024,5_9,5-9,m,Male,0
bhr,Bahrain,BHR,Eastern Mediterranean,2024,65plus,65+,a,All sexes,8
bhr,Bahrain,BHR,Eastern Mediterranean,2024,65plus,65+,f,Female,1
bhr,Bahrain,BHR,Eastern Mediterranean,2024,65plus,65+,m,Male,7
bhr,Bahrain,BHR,Eastern Mediterranean,2024,all,All ages,a,All sexes,190
bhr,Bahrain,BHR,Eastern Mediterranean,2024,all,All ages,f,Female,57
bhr,Bahrain,BHR,Eastern Mediterranean,2024,all,All ages,m,Male,140
bgd,Bangladesh,BGD,South-East Asia,2024,0_14,0-14,a,All sexes,34000
bgd,Bangladesh,BGD,South-East Asia,2024,0_14,0-14,f,Female,16000
bgd,Bangladesh,BGD,South-East Asia,2024,0_14,0-14,m,Male,18000
bgd,Bangladesh,BGD,South-East Asia,2024,0_4,0-4,a,All sexes,14000
bgd,Bangladesh,BGD,South-East Asia,2024,0_4,0-4,f,Female,6100
bgd,Bangladesh,BGD,South-East Asia,2024,0_4,0-4,m,Male,7800
bgd,Bangladesh,BGD,South-East Asia,2024,10_14,10-14,a,All sexes,12000
bgd,Bangladesh,BGD,South-East Asia,2024,10_14,10-14,f,Female,6300
bgd,Bangladesh,BGD,South-East Asia,2024,10_14,10-14,m,Male,5900
bgd,Bangladesh,BGD,South-East Asia,2024,15_19,15-19,a,All sexes,17000
bgd,Bangladesh,BGD,South-East Asia,2024,15_19,15-19,f,Female,9600
bgd,Bangladesh,BGD,South-East Asia,2024,15_19,15-19,m,Male,7700
bgd,Bangladesh,BGD,South-East Asia,2024,15_24,15-24,a,All sexes,43000
bgd,Bangladesh,BGD,South-East Asia,2024,15_24,15-24,f,Female,23000
bgd,Bangladesh,BGD,South-East Asia,2024,15_24,15-24,m,Male,19000
bgd,Bangladesh,BGD,South-East Asia,2024,15plus,15+,a,All sexes,350000
bgd,Bangladesh,BGD,South-East Asia,2024,15plus,15+,f,Female,152000
bgd,Bangladesh,BGD,South-East Asia,2024,15plus,15+,m,Male,197000
bgd,Bangladesh,BGD,South-East Asia,2024,20_24,20-24,a,All sexes,26000
bgd,Bangladesh,BGD,South-East Asia,2024,20_24,20-24,f,Female,14000
bgd,Bangladesh,BGD,South-East Asia,2024,20_24,20-24,m,Male,12000
bgd,Bangladesh,BGD,South-East Asia,2024,25_34,25-34,a,All sexes,53000
bgd,Bangladesh,BGD,South-East Asia,2024,25_34,25-34,f,Female,27000
bgd,Bangladesh,BGD,South-East Asia,2024,25_34,25-34,m,Male,25000
bgd,Bangladesh,BGD,South-East Asia,2024,35_44,35-44,a,All sexes,58000
bgd,Bangladesh,BGD,South-East Asia,2024,35_44,35-44,f,Female,29000
bgd,Bangladesh,BGD,South-East Asia,2024,35_44,35-44,m,Male,29000
bgd,Bangladesh,BGD,South-East Asia,2024,45_54,45-54,a,All sexes,64000
bgd,Bangladesh,BGD,South-East Asia,2024,45_54,45-54,f,Female,29000
bgd,Bangladesh,BGD,South-East Asia,2024,45_54,45-54,m,Male,35000
bgd,Bangladesh,BGD,South-East Asia,2024,55_64,55-64,a,All sexes,66000
bgd,Bangladesh,BGD,South-East Asia,2024,55_64,55-64,f,Female,25000
bgd,Bangladesh,BGD,South-East Asia,2024,55_64,55-64,m,Male,41000
bgd,Bangladesh,BGD,South-East Asia,2024,5_14,5-14,a,All sexes,20000
bgd,Bangladesh,BGD,South-East Asia,2024,5_14,5-14,f,Female,10000
bgd,Bangladesh,BGD,South-East Asia,2024,5_14,5-14,m,Male,9900
bgd,Bangladesh,BGD,South-East Asia,2024,5_9,5-9,a,All sexes,8000
bgd,Bangladesh,BGD,South-East Asia,2024,5_9,5-9,f,Female,4000
bgd,Bangladesh,BGD,South-East Asia,2024,5_9,5-9,m,Male,4000
bgd,Bangladesh,BGD,South-East Asia,2024,65plus,65+,a,All sexes,67000
bgd,Bangladesh,BGD,South-East Asia,2024,65plus,65+,f,Female,18000
bgd,Bangladesh,BGD,South-East Asia,2024,65plus,65+,m,Male,48000
bgd,Bangladesh,BGD,South-East Asia,2024,all,All ages,a,All sexes,384000
bgd,Bangladesh,BGD,South-East Asia,2024,all,All ages,f,Female,169000
bgd,Bangladesh,BGD,South-East Asia,2024,all,All ages,m,Male,215000
blr,Belarus,BLR,Europe,2024,0_14,0-14,a,All sexes,4
blr,Belarus,BLR,Europe,2024,0_14,0-14,f,Female,1
blr,Belarus,BLR,Europe,2024,0_14,0-14,m,Male,2
blr,Belarus,BLR,Europe,2024,0_4,0-4,a,All sexes,0
blr,Belarus,BLR,Europe,2024,0_4,0-4,f,Female,0
blr,Belarus,BLR,Europe,2024,0_4,0-4,m,Male,0
blr,Belarus,BLR,Europe,2024,10_14,10-14,a,All sexes,4
blr,Belarus,BLR,Europe,2024,10_14,10-14,f,Female,1
blr,Belarus,BLR,Europe,2024,10_14,10-14,m,Male,2
blr,Belarus,BLR,Europe,2024,15_19,15-19,a,All sexes,18
blr,Belarus,BLR,Europe,2024,15_19,15-19,f,Female,11
blr,Belarus,BLR,Europe,2024,15_19,15-19,m,Male,7
blr,Belarus,BLR,Europe,2024,15_24,15-24,a,All sexes,32
blr,Belarus,BLR,Europe,2024,15_24,15-24,f,Female,18
blr,Belarus,BLR,Europe,2024,15_24,15-24,m,Male,13
blr,Belarus,BLR,Europe,2024,15plus,15+,a,All sexes,1500
blr,Belarus,BLR,Europe,2024,15plus,15+,f,Female,350
blr,Belarus,BLR,Europe,2024,15plus,15+,m,Male,1200
blr,Belarus,BLR,Europe,2024,20_24,20-24,a,All sexes,13
blr,Belarus,BLR,Europe,2024,20_24,20-24,f,Female,7
blr,Belarus,BLR,Europe,2024,20_24,20-24,m,Male,6
blr,Belarus,BLR,Europe,2024,25_34,25-34,a,All sexes,110
blr,Belarus,BLR,Europe,2024,25_34,25-34,f,Female,32
blr,Belarus,BLR,Europe,2024,25_34,25-34,m,Male,76
blr,Belarus,BLR,Europe,2024,35_44,35-44,a,All sexes,330
blr,Belarus,BLR,Europe,2024,35_44,35-44,f,Female,64
blr,Belarus,BLR,Europe,2024,35_44,35-44,m,Male,270
blr,Belarus,BLR,Europe,2024,45_54,45-54,a,All sexes,440
blr,Belarus,BLR,Europe,2024,45_54,45-54,f,Female,62
blr,Belarus,BLR,Europe,2024,45_54,45-54,m,Male,380
blr,Belarus,BLR,Europe,2024,55_64,55-64,a,All sexes,330
blr,Belarus,BLR,Europe,2024,55_64,55-64,f,Female,54
blr,Belarus,BLR,Europe,2024,55_64,55-64,m,Male,270
blr,Belarus,BLR,Europe,2024,5_14,5-14,a,All sexes,4
blr,Belarus,BLR,Europe,2024,5_14,5-14,f,Female,1
blr,Belarus,BLR,Europe,2024,5_14,5-14,m,Male,2
blr,Belarus,BLR,Europe,2024,5_9,5-9,a,All sexes,0
blr,Belarus,BLR,Europe,2024,5_9,5-9,f,Female,0
blr,Belarus,BLR,Europe,2024,5_9,5-9,m,Male,0
blr,Belarus,BLR,Europe,2024,65plus,65+,a,All sexes,280
blr,Belarus,BLR,Europe,2024,65plus,65+,f,Female,120
blr,Belarus,BLR,Europe,2024,65plus,65+,m,Male,160
blr,Belarus,BLR,Europe,2024,all,All ages,a,All sexes,1500
blr,Belarus,BLR,Europe,2024,all,All ages,f,Female,350
blr,Belarus,BLR,Europe,2024,all,All ages,m,Male,1200
bel,Belgium,BEL,Europe,2024,0_14,0-14,a,All sexes,8
bel,Belgium,BEL,Europe,2024,0_14,0-14,f,Female,4
bel,Belgium,BEL,Europe,2024,0_14,0-14,m,Male,4
bel,Belgium,BEL,Europe,2024,0_4,0-4,a,All sexes,3
bel,Belgium,BEL,Europe,2024,0_4,0-4,f,Female,1
bel,Belgium,BEL,Europe,2024,0_4,0-4,m,Male,1
bel,Belgium,BEL,Europe,2024,10_14,10-14,a,All sexes,4
bel,Belgium,BEL,Europe,2024,10_14,10-14,f,Female,3
bel,Belgium,BEL,Europe,2024,10_14,10-14,m,Male,1
bel,Belgium,BEL,Europe,2024,15_19,15-19,a,All sexes,37
bel,Belgium,BEL,Europe,2024,15_19,15-19,f,Female,1
bel,Belgium,BEL,Europe,2024,15_19,15-19,m,Male,36
bel,Belgium,BEL,Europe,2024,15_24,15-24,a,All sexes,71
bel,Belgium,BEL,Europe,2024,15_24,15-24,f,Female,6
bel,Belgium,BEL,Europe,2024,15_24,15-24,m,Male,65
bel,Belgium,BEL,Europe,2024,15plus,15+,a,All sexes,310
bel,Belgium,BEL,Europe,2024,15plus,15+,f,Female,70
bel,Belgium,BEL,Europe,2024,15plus,15+,m,Male,240
bel,Belgium,BEL,Europe,2024,20_24,20-24,a,All sexes,34
bel,Belgium,BEL,Europe,2024,20_24,20-24,f,Female,5
bel,Belgium,BEL,Europe,2024,20_24,20-24,m,Male,29
bel,Belgium,BEL,Europe,2024,25_34,25-34,a,All sexes,83
bel,Belgium,BEL,Europe,2024,25_34,25-34,f,Female,20
bel,Belgium,BEL,Europe,2024,25_34,25-34,m,Male,62
bel,Belgium,BEL,Europe,2024,35_44,35-44,a,All sexes,48
bel,Belgium,BEL,Europe,2024,35_44,35-44,f,Female,22
bel,Belgium,BEL,Europe,2024,35_44,35-44,m,Male,27
bel,Belgium,BEL,Europe,2024,45_54,45-54,a,All sexes,50
bel,Belgium,BEL,Europe,2024,45_54,45-54,f,Female,6
bel,Belgium,BEL,Europe,2024,45_54,45-54,m,Male,43
bel,Belgium,BEL,Europe,2024,55_64,55-64,a,All sexes,27
bel,Belgium,BEL,Europe,2024,55_64,55-64,f,Female,5
bel,Belgium,BEL,Europe,2024,55_64,55-64,m,Male,22
bel,Belgium,BEL,Europe,2024,5_14,5-14,a,All sexes,5
bel,Belgium,BEL,Europe,2024,5_14,5-14,f,Female,3
bel,Belgium,BEL,Europe,2024,5_14,5-14,m,Male,3
bel,Belgium,BEL,Europe,2024,5_9,5-9,a,All sexes,1
bel,Belgium,BEL,Europe,2024,5_9,5-9,f,Female,0
bel,Belgium,BEL,Europe,2024,5_9,5-9,m,Male,1
bel,Belgium,BEL,Europe,2024,65plus,65+,a,All sexes,36
bel,Belgium,BEL,Europe,2024,65plus,65+,f,Female,10
bel,Belgium,BEL,Europe,2024,65plus,65+,m,Male,25
bel,Belgium,BEL,Europe,2024,all,All ages,a,All sexes,320
bel,Belgium,BEL,Europe,2024,all,All ages,f,Female,74
bel,Belgium,BEL,Europe,2024,all,All ages,m,Male,250
blz,Belize,BLZ,Americas,2024,0_14,0-14,a,All sexes,0
blz,Belize,BLZ,Americas,2024,0_14,0-14,f,Female,0
blz,Belize,BLZ,Americas,2024,0_14,0-14,m,Male,0
blz,Belize,BLZ,Americas,2024,0_4,0-4,a,All sexes,0
blz,Belize,BLZ,Americas,2024,0_4,0-4,f,Female,0
blz,Belize,BLZ,Americas,2024,0_4,0-4,m,Male,0
blz,Belize,BLZ,Americas,2024,10_14,10-14,a,All sexes,0
blz,Belize,BLZ,Americas,2024,10_14,10-14,f,Female,0
blz,Belize,BLZ,Americas,2024,10_14,10-14,m,Male,0
blz,Belize,BLZ,Americas,2024,15_19,15-19,a,All sexes,2
blz,Belize,BLZ,Americas,2024,15_19,15-19,f,Female,0
blz,Belize,BLZ,Americas,2024,15_19,15-19,m,Male,2
blz,Belize,BLZ,Americas,2024,15_24,15-24,a,All sexes,8
blz,Belize,BLZ,Americas,2024,15_24,15-24,f,Female,0
blz,Belize,BLZ,Americas,2024,15_24,15-24,m,Male,8
blz,Belize,BLZ,Americas,2024,15plus,15+,a,All sexes,140
blz,Belize,BLZ,Americas,2024,15plus,15+,f,Female,37
blz,Belize,BLZ,Americas,2024,15plus,15+,m,Male,100
blz,Belize,BLZ,Americas,2024,20_24,20-24,a,All sexes,6
blz,Belize,BLZ,Americas,2024,20_24,20-24,f,Female,0
blz,Belize,BLZ,Americas,2024,20_24,20-24,m,Male,6
blz,Belize,BLZ,Americas,2024,25_34,25-34,a,All sexes,21
blz,Belize,BLZ,Americas,2024,25_34,25-34,f,Female,10
blz,Belize,BLZ,Americas,2024,25_34,25-34,m,Male,12
blz,Belize,BLZ,Americas,2024,35_44,35-44,a,All sexes,48
blz,Belize,BLZ,Americas,2024,35_44,35-44,f,Female,10
blz,Belize,BLZ,Americas,2024,35_44,35-44,m,Male,39
blz,Belize,BLZ,Americas,2024,45_54,45-54,a,All sexes,35
blz,Belize,BLZ,Americas,2024,45_54,45-54,f,Female,6
blz,Belize,BLZ,Americas,2024,45_54,45-54,m,Male,29
blz,Belize,BLZ,Americas,2024,55_64,55-64,a,All sexes,15
blz,Belize,BLZ,Americas,2024,55_64,55-64,f,Female,6
blz,Belize,BLZ,Americas,2024,55_64,55-64,m,Male,10
blz,Belize,BLZ,Americas,2024,5_14,5-14,a,All sexes,0
blz,Belize,BLZ,Americas,2024,5_14,5-14,f,Female,0
blz,Belize,BLZ,Americas,2024,5_14,5-14,m,Male,0
blz,Belize,BLZ,Americas,2024,5_9,5-9,a,All sexes,0
blz,Belize,BLZ,Americas,2024,5_9,5-9,f,Female,0
blz,Belize,BLZ,Americas,2024,5_9,5-9,m,Male,0
blz,Belize,BLZ,Americas,2024,65plus,65+,a,All sexes,13
blz,Belize,BLZ,Americas,2024,65plus,65+,f,Female,6
blz,Belize,BLZ,Americas,2024,65plus,65+,m,Male,8
blz,Belize,BLZ,Americas,2024,all,All ages,a,All sexes,140
blz,Belize,BLZ,Americas,2024,all,All ages,f,Female,37
blz,Belize,BLZ,Americas,2024,all,All ages,m,Male,100
ben,Benin,BEN,Africa,2024,0_14,0-14,a,All sexes,530
ben,Benin,BEN,Africa,2024,0_14,0-14,f,Female,250
ben,Benin,BEN,Africa,2024,0_14,0-14,m,Male,280
ben,Benin,BEN,Africa,2024,0_4,0-4,a,All sexes,270
ben,Benin,BEN,Africa,2024,0_4,0-4,f,Female,120
ben,Benin,BEN,Africa,2024,0_4,0-4,m,Male,150
ben,Benin,BEN,Africa,2024,10_14,10-14,a,All sexes,140
ben,Benin,BEN,Africa,2024,10_14,10-14,f,Female,68
ben,Benin,BEN,Africa,2024,10_14,10-14,m,Male,68
ben,Benin,BEN,Africa,2024,15_19,15-19,a,All sexes,400
ben,Benin,BEN,Africa,2024,15_19,15-19,f,Female,170
ben,Benin,BEN,Africa,2024,15_19,15-19,m,Male,230
ben,Benin,BEN,Africa,2024,15_24,15-24,a,All sexes,830
ben,Benin,BEN,Africa,2024,15_24,15-24,f,Female,360
ben,Benin,BEN,Africa,2024,15_24,15-24,m,Male,470
ben,Benin,BEN,Africa,2024,15plus,15+,a,All sexes,5200
ben,Benin,BEN,Africa,2024,15plus,15+,f,Female,1900
ben,Benin,BEN,Africa,2024,15plus,15+,m,Male,3400
ben,Benin,BEN,Africa,2024,20_24,20-24,a,All sexes,430
ben,Benin,BEN,Africa,2024,20_24,20-24,f,Female,190
ben,Benin,BEN,Africa,2024,20_24,20-24,m,Male,250
ben,Benin,BEN,Africa,2024,25_34,25-34,a,All sexes,1300
ben,Benin,BEN,Africa,2024,25_34,25-34,f,Female,460
ben,Benin,BEN,Africa,2024,25_34,25-34,m,Male,800
ben,Benin,BEN,Africa,2024,35_44,35-44,a,All sexes,1200
ben,Benin,BEN,Africa,2024,35_44,35-44,f,Female,390
ben,Benin,BEN,Africa,2024,35_44,35-44,m,Male,810
ben,Benin,BEN,Africa,2024,45_54,45-54,a,All sexes,900
ben,Benin,BEN,Africa,2024,45_54,45-54,f,Female,280
ben,Benin,BEN,Africa,2024,45_54,45-54,m,Male,620
ben,Benin,BEN,Africa,2024,55_64,55-64,a,All sexes,560
ben,Benin,BEN,Africa,2024,55_64,55-64,f,Female,180
ben,Benin,BEN,Africa,2024,55_64,55-64,m,Male,380
ben,Benin,BEN,Africa,2024,5_14,5-14,a,All sexes,260
ben,Benin,BEN,Africa,2024,5_14,5-14,f,Female,130
ben,Benin,BEN,Africa,2024,5_14,5-14,m,Male,130
ben,Benin,BEN,Africa,2024,5_9,5-9,a,All sexes,120
ben,Benin,BEN,Africa,2024,5_9,5-9,f,Female,62
ben,Benin,BEN,Africa,2024,5_9,5-9,m,Male,62
ben,Benin,BEN,Africa,2024,65plus,65+,a,All sexes,490
ben,Benin,BEN,Africa,2024,65plus,65+,f,Female,200
ben,Benin,BEN,Africa,2024,65plus,65+,m,Male,290
ben,Benin,BEN,Africa,2024,all,All ages,a,All sexes,5800
ben,Benin,BEN,Africa,2024,all,All ages,f,Female,2100
ben,Benin,BEN,Africa,2024,all,All ages,m,Male,3600
btn,Bhutan,BTN,South-East Asia,2024,0_14,0-14,a,All sexes,37
btn,Bhutan,BTN,South-East Asia,2024,0_14,0-14,f,Female,17
btn,Bhutan,BTN,South-East Asia,2024,0_14,0-14,m,Male,20
btn,Bhutan,BTN,South-East Asia,2024,0_4,0-4,a,All sexes,10
btn,Bhutan,BTN,South-East Asia,2024,0_4,0-4,f,Female,5
btn,Bhutan,BTN,South-East Asia,2024,0_4,0-4,m,Male,5
btn,Bhutan,BTN,South-East Asia,2024,10_14,10-14,a,All sexes,15
btn,Bhutan,BTN,South-East Asia,2024,10_14,10-14,f,Female,7
btn,Bhutan,BTN,South-East Asia,2024,10_14,10-14,m,Male,8
btn,Bhutan,BTN,South-East Asia,2024,15_19,15-19,a,All sexes,200
btn,Bhutan,BTN,South-East Asia,2024,15_19,15-19,f,Female,110
btn,Bhutan,BTN,South-East Asia,2024,15_19,15-19,m,Male,86
btn,Bhutan,BTN,South-East Asia,2024,15_24,15-24,a,All sexes,480
btn,Bhutan,BTN,South-East Asia,2024,15_24,15-24,f,Female,270
btn,Bhutan,BTN,South-East Asia,2024,15_24,15-24,m,Male,210
btn,Bhutan,BTN,South-East Asia,2024,15plus,15+,a,All sexes,1500
btn,Bhutan,BTN,South-East Asia,2024,15plus,15+,f,Female,700
btn,Bhutan,BTN,South-East Asia,2024,15plus,15+,m,Male,780
btn,Bhutan,BTN,South-East Asia,2024,20_24,20-24,a,All sexes,280
btn,Bhutan,BTN,South-East Asia,2024,20_24,20-24,f,Female,160
btn,Bhutan,BTN,South-East Asia,2024,20_24,20-24,m,Male,120
btn,Bhutan,BTN,South-East Asia,2024,25_34,25-34,a,All sexes,390
btn,Bhutan,BTN,South-East Asia,2024,25_34,25-34,f,Female,200
btn,Bhutan,BTN,South-East Asia,2024,25_34,25-34,m,Male,200
btn,Bhutan,BTN,South-East Asia,2024,35_44,35-44,a,All sexes,190
btn,Bhutan,BTN,South-East Asia,2024,35_44,35-44,f,Female,89
btn,Bhutan,BTN,South-East Asia,2024,35_44,35-44,m,Male,100
btn,Bhutan,BTN,South-East Asia,2024,45_54,45-54,a,All sexes,140
btn,Bhutan,BTN,South-East Asia,2024,45_54,45-54,f,Female,49
btn,Bhutan,BTN,South-East Asia,2024,45_54,45-54,m,Male,89
btn,Bhutan,BTN,South-East Asia,2024,55_64,55-64,a,All sexes,120
btn,Bhutan,BTN,South-East Asia,2024,55_64,55-64,f,Female,39
btn,Bhutan,BTN,South-East Asia,2024,55_64,55-64,m,Male,77
btn,Bhutan,BTN,South-East Asia,2024,5_14,5-14,a,All sexes,27
btn,Bhutan,BTN,South-East Asia,2024,5_14,5-14,f,Female,12
btn,Bhutan,BTN,South-East Asia,2024,5_14,5-14,m,Male,15
btn,Bhutan,BTN,South-East Asia,2024,5_9,5-9,a,All sexes,12
btn,Bhutan,BTN,South-East Asia,2024,5_9,5-9,f,Female,5
btn,Bhutan,BTN,South-East Asia,2024,5_9,5-9,m,Male,7
btn,Bhutan,BTN,South-East Asia,2024,65plus,65+,a,All sexes,160
btn,Bhutan,BTN,South-East Asia,2024,65plus,65+,f,Female,52
btn,Bhutan,BTN,South-East Asia,2024,65plus,65+,m,Male,110
btn,Bhutan,BTN,South-East Asia,2024,all,All ages,a,All sexes,1500
btn,Bhutan,BTN,South-East Asia,2024,all,All ages,f,Female,720
btn,Bhutan,BTN,South-East Asia,2024,all,All ages,m,Male,800
bol,Bolivia,BOL,Americas,2024,0_14,0-14,a,All sexes,930
bol,Bolivia,BOL,Americas,2024,0_14,0-14,f,Female,440
bol,Bolivia,BOL,Americas,2024,0_14,0-14,m,Male,480
bol,Bolivia,BOL,Americas,2024,0_4,0-4,a,All sexes,410
bol,Bolivia,BOL,Americas,2024,0_4,0-4,f,Female,190
bol,Bolivia,BOL,Americas,2024,0_4,0-4,m,Male,230
bol,Bolivia,BOL,Americas,2024,10_14,10-14,a,All sexes,350
bol,Bolivia,BOL,Americas,2024,10_14,10-14,f,Female,170
bol,Bolivia,BOL,Americas,2024,10_14,10-14,m,Male,180
bol,Bolivia,BOL,Americas,2024,15_19,15-19,a,All sexes,860
bol,Bolivia,BOL,Americas,2024,15_19,15-19,f,Female,330
bol,Bolivia,BOL,Americas,2024,15_19,15-19,m,Male,530
bol,Bolivia,BOL,Americas,2024,15_24,15-24,a,All sexes,2700
bol,Bolivia,BOL,Americas,2024,15_24,15-24,f,Female,1000
bol,Bolivia,BOL,Americas,2024,15_24,15-24,m,Male,1700
bol,Bolivia,BOL,Americas,2024,15plus,15+,a,All sexes,13000
bol,Bolivia,BOL,Americas,2024,15plus,15+,f,Female,4900
bol,Bolivia,BOL,Americas,2024,15plus,15+,m,Male,8300
bol,Bolivia,BOL,Americas,2024,20_24,20-24,a,All sexes,1900
bol,Bolivia,BOL,Americas,2024,20_24,20-24,f,Female,710
bol,Bolivia,BOL,Americas,2024,20_24,20-24,m,Male,1100
bol,Bolivia,BOL,Americas,2024,25_34,25-34,a,All sexes,2800
bol,Bolivia,BOL,Americas,2024,25_34,25-34,f,Female,1000
bol,Bolivia,BOL,Americas,2024,25_34,25-34,m,Male,1800
bol,Bolivia,BOL,Americas,2024,35_44,35-44,a,All sexes,1900
bol,Bolivia,BOL,Americas,2024,35_44,35-44,f,Female,680
bol,Bolivia,BOL,Americas,2024,35_44,35-44,m,Male,1200
bol,Bolivia,BOL,Americas,2024,45_54,45-54,a,All sexes,1700
bol,Bolivia,BOL,Americas,2024,45_54,45-54,f,Female,580
bol,Bolivia,BOL,Americas,2024,45_54,45-54,m,Male,1100
bol,Bolivia,BOL,Americas,2024,55_64,55-64,a,All sexes,1700
bol,Bolivia,BOL,Americas,2024,55_64,55-64,f,Female,590
bol,Bolivia,BOL,Americas,2024,55_64,55-64,m,Male,1100
bol,Bolivia,BOL,Americas,2024,5_14,5-14,a,All sexes,510
bol,Bolivia,BOL,Americas,2024,5_14,5-14,f,Female,260
bol,Bolivia,BOL,Americas,2024,5_14,5-14,m,Male,260
bol,Bolivia,BOL,Americas,2024,5_9,5-9,a,All sexes,170
bol,Bolivia,BOL,Americas,2024,5_9,5-9,f,Female,83
bol,Bolivia,BOL,Americas,2024,5_9,5-9,m,Male,83
bol,Bolivia,BOL,Americas,2024,65plus,65+,a,All sexes,2400
bol,Bolivia,BOL,Americas,2024,65plus,65+,f,Female,950
bol,Bolivia,BOL,Americas,2024,65plus,65+,m,Male,1400
bol,Bolivia,BOL,Americas,2024,all,All ages,a,All sexes,14000
bol,Bolivia,BOL,Americas,2024,all,All ages,f,Female,5300
bol,Bolivia,BOL,Americas,2024,all,All ages,m,Male,8800
bih,Bosnia and Herzegovina,BIH,Europe,2024,0_14,0-14,a,All sexes,0
bih,Bosnia and Herzegovina,BIH,Europe,2024,0_14,0-14,f,Female,0
bih,Bosnia and Herzegovina,BIH,Europe,2024,0_14,0-14,m,Male,0
bih,Bosnia and Herzegovina,BIH,Europe,2024,0_4,0-4,a,All sexes,0
bih,Bosnia and Herzegovina,BIH,Europe,2024,0_4,0-4,f,Female,0
bih,Bosnia and Herzegovina,BIH,Europe,2024,0_4,0-4,m,Male,0
bih,Bosnia and Herzegovina,BIH,Europe,2024,10_14,10-14,a,All sexes,0
bih,Bosnia and Herzegovina,BIH,Europe,2024,10_14,10-14,f,Female,0
bih,Bosnia and Herzegovina,BIH,Europe,2024,10_14,10-14,m,Male,0
bih,Bosnia and Herzegovina,BIH,Europe,2024,15_19,15-19,a,All sexes,4
bih,Bosnia and Herzegovina,BIH,Europe,2024,15_19,15-19,f,Female,0
bih,Bosnia and Herzegovina,BIH,Europe,2024,15_19,15-19,m,Male,4
bih,Bosnia and Herzegovina,BIH,Europe,2024,15_24,15-24,a,All sexes,23
bih,Bosnia and Herzegovina,BIH,Europe,2024,15_24,15-24,f,Female,6
bih,Bosnia and Herzegovina,BIH,Europe,2024,15_24,15-24,m,Male,17
bih,Bosnia and Herzegovina,BIH,Europe,2024,15plus,15+,a,All sexes,650
bih,Bosnia and Herzegovina,BIH,Europe,2024,15plus,15+,f,Female,250
bih,Bosnia and Herzegovina,BIH,Europe,2024,15plus,15+,m,Male,400
bih,Bosnia and Herzegovina,BIH,Europe,2024,20_24,20-24,a,All sexes,19
bih,Bosnia and Herzegovina,BIH,Europe,2024,20_24,20-24,f,Female,6
bih,Bosnia and Herzegovina,BIH,Europe,2024,20_24,20-24,m,Male,13
bih,Bosnia and Herzegovina,BIH,Europe,2024,25_34,25-34,a,All sexes,77
bih,Bosnia and Herzegovina,BIH,Europe,2024,25_34,25-34,f,Female,33
bih,Bosnia and Herzegovina,BIH,Europe,2024,25_34,25-34,m,Male,44
bih,Bosnia and Herzegovina,BIH,Europe,2024,35_44,35-44,a,All sexes,62
bih,Bosnia and Herzegovina,BIH,Europe,2024,35_44,35-44,f,Female,24
bih,Bosnia and Herzegovina,BIH,Europe,2024,35_44,35-44,m,Male,37
bih,Bosnia and Herzegovina,BIH,Europe,2024,45_54,45-54,a,All sexes,86
bih,Bosnia and Herzegovina,BIH,Europe,2024,45_54,45-54,f,Female,20
bih,Bosnia and Herzegovina,BIH,Europe,2024,45_54,45-54,m,Male,66
bih,Bosnia and Herzegovina,BIH,Europe,2024,55_64,55-64,a,All sexes,150
bih,Bosnia and Herzegovina,BIH,Europe,2024,55_64,55-64,f,Female,39
bih,Bosnia and Herzegovina,BIH,Europe,2024,55_64,55-64,m,Male,110
bih,Bosnia and Herzegovina,BIH,Europe,2024,5_14,5-14,a,All sexes,0
bih,Bosnia and Herzegovina,BIH,Europe,2024,5_14,5-14,f,Female,0
bih,Bosnia and Herzegovina,BIH,Europe,2024,5_14,5-14,m,Male,0
bih,Bosnia and Herzegovina,BIH,Europe,2024,5_9,5-9,a,All sexes,0
bih,Bosnia and Herzegovina,BIH,Europe,2024,5_9,5-9,f,Female,0
bih,Bosnia and Herzegovina,BIH,Europe,2024,5_9,5-9,m,Male,0
bih,Bosnia and Herzegovina,BIH,Europe,2024,65plus,65+,a,All sexes,260
bih,Bosnia and Herzegovina,BIH,Europe,2024,65plus,65+,f,Female,130
bih,Bosnia and Herzegovina,BIH,Europe,2024,65plus,65+,m,Male,130
bih,Bosnia and Herzegovina,BIH,Europe,2024,all,All ages,a,All sexes,650
bih,Bosnia and Herzegovina,BIH,Europe,2024,all,All ages,f,Female,250
bih,Bosnia and Herzegovina,BIH,Europe,2024,all,All ages,m,Male,400
bwa,Botswana,BWA,Africa,2024,0_14,0-14,a,All sexes,470
bwa,Botswana,BWA,Africa,2024,0_14,0-14,f,Female,220
bwa,Botswana,BWA,Africa,2024,0_14,0-14,m,Male,250
bwa,Botswana,BWA,Africa,2024,0_4,0-4,a,All sexes,250
bwa,Botswana,BWA,Africa,2024,0_4,0-4,f,Female,110
bwa,Botswana,BWA,Africa,2024,0_4,0-4,m,Male,140
bwa,Botswana,BWA,Africa,2024,10_14,10-14,a,All sexes,110
bwa,Botswana,BWA,Africa,2024,10_14,10-14,f,Female,56
bwa,Botswana,BWA,Africa,2024,10_14,10-14,m,Male,56
bwa,Botswana,BWA,Africa,2024,15_19,15-19,a,All sexes,200
bwa,Botswana,BWA,Africa,2024,15_19,15-19,f,Female,83
bwa,Botswana,BWA,Africa,2024,15_19,15-19,m,Male,120
bwa,Botswana,BWA,Africa,2024,15_24,15-24,a,All sexes,440
bwa,Botswana,BWA,Africa,2024,15_24,15-24,f,Female,180
bwa,Botswana,BWA,Africa,2024,15_24,15-24,m,Male,260
bwa,Botswana,BWA,Africa,2024,15plus,15+,a,All sexes,3100
bwa,Botswana,BWA,Africa,2024,15plus,15+,f,Female,1200
bwa,Botswana,BWA,Africa,2024,15plus,15+,m,Male,1900
bwa,Botswana,BWA,Africa,2024,20_24,20-24,a,All sexes,240
bwa,Botswana,BWA,Africa,2024,20_24,20-24,f,Female,98
bwa,Botswana,BWA,Africa,2024,20_24,20-24,m,Male,140
bwa,Botswana,BWA,Africa,2024,25_34,25-34,a,All sexes,770
bwa,Botswana,BWA,Africa,2024,25_34,25-34,f,Female,320
bwa,Botswana,BWA,Africa,2024,25_34,25-34,m,Male,450
bwa,Botswana,BWA,Africa,2024,35_44,35-44,a,All sexes,750
bwa,Botswana,BWA,Africa,2024,35_44,35-44,f,Female,280
bwa,Botswana,BWA,Africa,2024,35_44,35-44,m,Male,470
bwa,Botswana,BWA,Africa,2024,45_54,45-54,a,All sexes,490
bwa,Botswana,BWA,Africa,2024,45_54,45-54,f,Female,190
bwa,Botswana,BWA,Africa,2024,45_54,45-54,m,Male,300
bwa,Botswana,BWA,Africa,2024,55_64,55-64,a,All sexes,330
bwa,Botswana,BWA,Africa,2024,55_64,55-64,f,Female,120
bwa,Botswana,BWA,Africa,2024,55_64,55-64,m,Male,200
bwa,Botswana,BWA,Africa,2024,5_14,5-14,a,All sexes,210
bwa,Botswana,BWA,Africa,2024,5_14,5-14,f,Female,110
bwa,Botswana,BWA,Africa,2024,5_14,5-14,m,Male,110
bwa,Botswana,BWA,Africa,2024,5_9,5-9,a,All sexes,100
bwa,Botswana,BWA,Africa,2024,5_9,5-9,f,Female,51
bwa,Botswana,BWA,Africa,2024,5_9,5-9,m,Male,51
bwa,Botswana,BWA,Africa,2024,65plus,65+,a,All sexes,360
bwa,Botswana,BWA,Africa,2024,65plus,65+,f,Female,140
bwa,Botswana,BWA,Africa,2024,65plus,65+,m,Male,220
bwa,Botswana,BWA,Africa,2024,all,All ages,a,All sexes,3600
bwa,Botswana,BWA,Africa,2024,all,All ages,f,Female,1400
bwa,Botswana,BWA,Africa,2024,all,All ages,m,Male,2200
bra,Brazil,BRA,Americas,2024,0_14,0-14,a,All sexes,3400
bra,Brazil,BRA,Americas,2024,0_14,0-14,f,Female,1600
bra,Brazil,BRA,Americas,2024,0_14,0-14,m,Male,1800
bra,Brazil,BRA,Americas,2024,0_4,0-4,a,All sexes,1300
bra,Brazil,BRA,Americas,2024,0_4,0-4,f,Female,550
bra,Brazil,BRA,Americas,2024,0_4,0-4,m,Male,780
bra,Brazil,BRA,Americas,2024,10_14,10-14,a,All sexes,1300
bra,Brazil,BRA,Americas,2024,10_14,10-14,f,Female,700
bra,Brazil,BRA,Americas,2024,10_14,10-14,m,Male,590
bra,Brazil,BRA,Americas,2024,15_19,15-19,a,All sexes,4900
bra,Brazil,BRA,Americas,2024,15_19,15-19,f,Female,2200
bra,Brazil,BRA,Americas,2024,15_19,15-19,m,Male,2700
bra,Brazil,BRA,Americas,2024,15_24,15-24,a,All sexes,15000
bra,Brazil,BRA,Americas,2024,15_24,15-24,f,Female,5300
bra,Brazil,BRA,Americas,2024,15_24,15-24,m,Male,9900
bra,Brazil,BRA,Americas,2024,15plus,15+,a,All sexes,101000
bra,Brazil,BRA,Americas,2024,15plus,15+,f,Female,31000
bra,Brazil,BRA,Americas,2024,15plus,15+,m,Male,70000
bra,Brazil,BRA,Americas,2024,20_24,20-24,a,All sexes,10000
bra,Brazil,BRA,Americas,2024,20_24,20-24,f,Female,3100
bra,Brazil,BRA,Americas,2024,20_24,20-24,m,Male,7100
bra,Brazil,BRA,Americas,2024,25_34,25-34,a,All sexes,24000
bra,Brazil,BRA,Americas,2024,25_34,25-34,f,Female,6200
bra,Brazil,BRA,Americas,2024,25_34,25-34,m,Male,17000
bra,Brazil,BRA,Americas,2024,35_44,35-44,a,All sexes,20000
bra,Brazil,BRA,Americas,2024,35_44,35-44,f,Female,5800
bra,Brazil,BRA,Americas,2024,35_44,35-44,m,Male,14000
bra,Brazil,BRA,Americas,2024,45_54,45-54,a,All sexes,17000
bra,Brazil,BRA,Americas,2024,45_54,45-54,f,Female,4900
bra,Brazil,BRA,Americas,2024,45_54,45-54,m,Male,12000
bra,Brazil,BRA,Americas,2024,55_64,55-64,a,All sexes,13000
bra,Brazil,BRA,Americas,2024,55_64,55-64,f,Female,4100
bra,Brazil,BRA,Americas,2024,55_64,55-64,m,Male,8900
bra,Brazil,BRA,Americas,2024,5_14,5-14,a,All sexes,2100
bra,Brazil,BRA,Americas,2024,5_14,5-14,f,Female,1100
bra,Brazil,BRA,Americas,2024,5_14,5-14,m,Male,1000
bra,Brazil,BRA,Americas,2024,5_9,5-9,a,All sexes,800
bra,Brazil,BRA,Americas,2024,5_9,5-9,f,Female,390
bra,Brazil,BRA,Americas,2024,5_9,5-9,m,Male,410
bra,Brazil,BRA,Americas,2024,65plus,65+,a,All sexes,12000
bra,Brazil,BRA,Americas,2024,65plus,65+,f,Female,4200
bra,Brazil,BRA,Americas,2024,65plus,65+,m,Male,7800
bra,Brazil,BRA,Americas,2024,all,All ages,a,All sexes,104000
bra,Brazil,BRA,Americas,2024,all,All ages,f,Female,32000
bra,Brazil,BRA,Americas,2024,all,All ages,m,Male,72000
brn,Brunei Darussalam,BRN,Western Pacific,2024,0_14,0-14,a,All sexes,5
brn,Brunei Darussalam,BRN,Western Pacific,2024,0_14,0-14,f,Female,4
brn,Brunei Darussalam,BRN,Western Pacific,2024,0_14,0-14,m,Male,1
brn,Brunei Darussalam,BRN,Western Pacific,2024,0_4,0-4,a,All sexes,5
brn,Brunei Darussalam,BRN,Western Pacific,2024,0_4,0-4,f,Female,4
brn,Brunei Darussalam,BRN,Western Pacific,2024,0_4,0-4,m,Male,1
brn,Brunei Darussalam,BRN,Western Pacific,2024,10_14,10-14,a,All sexes,0
brn,Brunei Darussalam,BRN,Western Pacific,2024,10_14,10-14,f,Female,0
brn,Brunei Darussalam,BRN,Western Pacific,2024,10_14,10-14,m,Male,0
brn,Brunei Darussalam,BRN,Western Pacific,2024,15_19,15-19,a,All sexes,6
brn,Brunei Darussalam,BRN,Western Pacific,2024,15_19,15-19,f,Female,3
brn,Brunei Darussalam,BRN,Western Pacific,2024,15_19,15-19,m,Male,4
brn,Brunei Darussalam,BRN,Western Pacific,2024,15_24,15-24,a,All sexes,20
brn,Brunei Darussalam,BRN,Western Pacific,2024,15_24,15-24,f,Female,8
brn,Brunei Darussalam,BRN,Western Pacific,2024,15_24,15-24,m,Male,13
brn,Brunei Darussalam,BRN,Western Pacific,2024,15plus,15+,a,All sexes,290
brn,Brunei Darussalam,BRN,Western Pacific,2024,15plus,15+,f,Female,120
brn,Brunei Darussalam,BRN,Western Pacific,2024,15plus,15+,m,Male,180
brn,Brunei Darussalam,BRN,Western Pacific,2024,20_24,20-24,a,All sexes,14
brn,Brunei Darussalam,BRN,Western Pacific,2024,20_24,20-24,f,Female,5
brn,Brunei Darussalam,BRN,Western Pacific,2024,20_24,20-24,m,Male,9
brn,Brunei Darussalam,BRN,Western Pacific,2024,25_34,25-34,a,All sexes,41
brn,Brunei Darussalam,BRN,Western Pacific,2024,25_34,25-34,f,Female,17
brn,Brunei Darussalam,BRN,Western Pacific,2024,25_34,25-34,m,Male,24
brn,Brunei Darussalam,BRN,Western Pacific,2024,35_44,35-44,a,All sexes,47
brn,Brunei Darussalam,BRN,Western Pacific,2024,35_44,35-44,f,Female,19
brn,Brunei Darussalam,BRN,Western Pacific,2024,35_44,35-44,m,Male,28
brn,Brunei Darussalam,BRN,Western Pacific,2024,45_54,45-54,a,All sexes,71
brn,Brunei Darussalam,BRN,Western Pacific,2024,45_54,45-54,f,Female,33
brn,Brunei Darussalam,BRN,Western Pacific,2024,45_54,45-54,m,Male,38
brn,Brunei Darussalam,BRN,Western Pacific,2024,55_64,55-64,a,All sexes,46
brn,Brunei Darussalam,BRN,Western Pacific,2024,55_64,55-64,f,Female,19
brn,Brunei Darussalam,BRN,Western Pacific,2024,55_64,55-64,m,Male,27
brn,Brunei Darussalam,BRN,Western Pacific,2024,5_14,5-14,a,All sexes,0
brn,Brunei Darussalam,BRN,Western Pacific,2024,5_14,5-14,f,Female,0
brn,Brunei Darussalam,BRN,Western Pacific,2024,5_14,5-14,m,Male,0
brn,Brunei Darussalam,BRN,Western Pacific,2024,5_9,5-9,a,All sexes,0
brn,Brunei Darussalam,BRN,Western Pacific,2024,5_9,5-9,f,Female,0
brn,Brunei Darussalam,BRN,Western Pacific,2024,5_9,5-9,m,Male,0
brn,Brunei Darussalam,BRN,Western Pacific,2024,65plus,65+,a,All sexes,69
brn,Brunei Darussalam,BRN,Western Pacific,2024,65plus,65+,f,Female,23
brn,Brunei Darussalam,BRN,Western Pacific,2024,65plus,65+,m,Male,46
brn,Brunei Darussalam,BRN,Western Pacific,2024,all,All ages,a,All sexes,300
brn,Brunei Darussalam,BRN,Western Pacific,2024,all,All ages,f,Female,120
brn,Brunei Darussalam,BRN,Western Pacific,2024,all,All ages,m,Male,180
bgr,Bulgaria,BGR,Europe,2024,0_14,0-14,a,All sexes,19
bgr,Bulgaria,BGR,Europe,2024,0_14,0-14,f,Female,6
bgr,Bulgaria,BGR,Europe,2024,0_14,0-14,m,Male,14
bgr,Bulgaria,BGR,Europe,2024,0_4,0-4,a,All sexes,8
bgr,Bulgaria,BGR,Europe,2024,0_4,0-4,f,Female,3
bgr,Bulgaria,BGR,Europe,2024,0_4,0-4,m,Male,5
bgr,Bulgaria,BGR,Europe,2024,10_14,10-14,a,All sexes,5
bgr,Bulgaria,BGR,Europe,2024,10_14,10-14,f,Female,1
bgr,Bulgaria,BGR,Europe,2024,10_14,10-14,m,Male,4
bgr,Bulgaria,BGR,Europe,2024,15_19,15-19,a,All sexes,18
bgr,Bulgaria,BGR,Europe,2024,15_19,15-19,f,Female,7
bgr,Bulgaria,BGR,Europe,2024,15_19,15-19,m,Male,12
bgr,Bulgaria,BGR,Europe,2024,15_24,15-24,a,All sexes,50
bgr,Bulgaria,BGR,Europe,2024,15_24,15-24,f,Female,21
bgr,Bulgaria,BGR,Europe,2024,15_24,15-24,m,Male,29
bgr,Bulgaria,BGR,Europe,2024,15plus,15+,a,All sexes,810
bgr,Bulgaria,BGR,Europe,2024,15plus,15+,f,Female,320
bgr,Bulgaria,BGR,Europe,2024,15plus,15+,m,Male,490
bgr,Bulgaria,BGR,Europe,2024,20_24,20-24,a,All sexes,32
bgr,Bulgaria,BGR,Europe,2024,20_24,20-24,f,Female,15
bgr,Bulgaria,BGR,Europe,2024,20_24,20-24,m,Male,17
bgr,Bulgaria,BGR,Europe,2024,25_34,25-34,a,All sexes,81
bgr,Bulgaria,BGR,Europe,2024,25_34,25-34,f,Female,38
bgr,Bulgaria,BGR,Europe,2024,25_34,25-34,m,Male,44
bgr,Bulgaria,BGR,Europe,2024,35_44,35-44,a,All sexes,140
bgr,Bulgaria,BGR,Europe,2024,35_44,35-44,f,Female,61
bgr,Bulgaria,BGR,Europe,2024,35_44,35-44,m,Male,78
bgr,Bulgaria,BGR,Europe,2024,45_54,45-54,a,All sexes,170
bgr,Bulgaria,BGR,Europe,2024,45_54,45-54,f,Female,43
bgr,Bulgaria,BGR,Europe,2024,45_54,45-54,m,Male,130
bgr,Bulgaria,BGR,Europe,2024,55_64,55-64,a,All sexes,150
bgr,Bulgaria,BGR,Europe,2024,55_64,55-64,f,Female,55
bgr,Bulgaria,BGR,Europe,2024,55_64,55-64,m,Male,92
bgr,Bulgaria,BGR,Europe,2024,5_14,5-14,a,All sexes,12
bgr,Bulgaria,BGR,Europe,2024,5_14,5-14,f,Female,3
bgr,Bulgaria,BGR,Europe,2024,5_14,5-14,m,Male,9
bgr,Bulgaria,BGR,Europe,2024,5_9,5-9,a,All sexes,7
bgr,Bulgaria,BGR,Europe,2024,5_9,5-9,f,Female,2
bgr,Bulgaria,BGR,Europe,2024,5_9,5-9,m,Male,5
bgr,Bulgaria,BGR,Europe,2024,65plus,65+,a,All sexes,220
bgr,Bulgaria,BGR,Europe,2024,65plus,65+,f,Female,100
bgr,Bulgaria,BGR,Europe,2024,65plus,65+,m,Male,120
bgr,Bulgaria,BGR,Europe,2024,all,All ages,a,All sexes,830
bgr,Bulgaria,BGR,Europe,2024,all,All ages,f,Female,330
bgr,Bulgaria,BGR,Europe,2024,all,All ages,m,Male,500
bfa,Burkina Faso,BFA,Africa,2024,0_14,0-14,a,All sexes,1300
bfa,Burkina Faso,BFA,Africa,2024,0_14,0-14,f,Female,630
bfa,Burkina Faso,BFA,Africa,2024,0_14,0-14,m,Male,700
bfa,Burkina Faso,BFA,Africa,2024,0_4,0-4,a,All sexes,660
bfa,Burkina Faso,BFA,Africa,2024,0_4,0-4,f,Female,300
bfa,Burkina Faso,BFA,Africa,2024,0_4,0-4,m,Male,360
bfa,Burkina Faso,BFA,Africa,2024,10_14,10-14,a,All sexes,350
bfa,Burkina Faso,BFA,Africa,2024,10_14,10-14,f,Female,170
bfa,Burkina Faso,BFA,Africa,2024,10_14,10-14,m,Male,170
bfa,Burkina Faso,BFA,Africa,2024,15_19,15-19,a,All sexes,760
bfa,Burkina Faso,BFA,Africa,2024,15_19,15-19,f,Female,230
bfa,Burkina Faso,BFA,Africa,2024,15_19,15-19,m,Male,540
bfa,Burkina Faso,BFA,Africa,2024,15_24,15-24,a,All sexes,1600
bfa,Burkina Faso,BFA,Africa,2024,15_24,15-24,f,Female,470
bfa,Burkina Faso,BFA,Africa,2024,15_24,15-24,m,Male,1100
bfa,Burkina Faso,BFA,Africa,2024,15plus,15+,a,All sexes,12000
bfa,Burkina Faso,BFA,Africa,2024,15plus,15+,f,Female,3100
bfa,Burkina Faso,BFA,Africa,2024,15plus,15+,m,Male,9000
bfa,Burkina Faso,BFA,Africa,2024,20_24,20-24,a,All sexes,820
bfa,Burkina Faso,BFA,Africa,2024,20_24,20-24,f,Female,250
bfa,Burkina Faso,BFA,Africa,2024,20_24,20-24,m,Male,570
bfa,Burkina Faso,BFA,Africa,2024,25_34,25-34,a,All sexes,2900
bfa,Burkina Faso,BFA,Africa,2024,25_34,25-34,f,Female,620
bfa,Burkina Faso,BFA,Africa,2024,25_34,25-34,m,Male,2200
bfa,Burkina Faso,BFA,Africa,2024,35_44,35-44,a,All sexes,2900
bfa,Burkina Faso,BFA,Africa,2024,35_44,35-44,f,Female,620
bfa,Burkina Faso,BFA,Africa,2024,35_44,35-44,m,Male,2300
bfa,Burkina Faso,BFA,Africa,2024,45_54,45-54,a,All sexes,2100
bfa,Burkina Faso,BFA,Africa,2024,45_54,45-54,f,Female,500
bfa,Burkina Faso,BFA,Africa,2024,45_54,45-54,m,Male,1600
bfa,Burkina Faso,BFA,Africa,2024,55_64,55-64,a,All sexes,1400
bfa,Burkina Faso,BFA,Africa,2024,55_64,55-64,f,Female,430
bfa,Burkina Faso,BFA,Africa,2024,55_64,55-64,m,Male,1000
bfa,Burkina Faso,BFA,Africa,2024,5_14,5-14,a,All sexes,670
bfa,Burkina Faso,BFA,Africa,2024,5_14,5-14,f,Female,340
bfa,Burkina Faso,BFA,Africa,2024,5_14,5-14,m,Male,340
bfa,Burkina Faso,BFA,Africa,2024,5_9,5-9,a,All sexes,320
bfa,Burkina Faso,BFA,Africa,2024,5_9,5-9,f,Female,160
bfa,Burkina Faso,BFA,Africa,2024,5_9,5-9,m,Male,160
bfa,Burkina Faso,BFA,Africa,2024,65plus,65+,a,All sexes,1300
bfa,Burkina Faso,BFA,Africa,2024,65plus,65+,f,Female,460
bfa,Burkina Faso,BFA,Africa,2024,65plus,65+,m,Male,800
bfa,Burkina Faso,BFA,Africa,2024,all,All ages,a,All sexes,13000
bfa,Burkina Faso,BFA,Africa,2024,all,All ages,f,Female,3700
bfa,Burkina Faso,BFA,Africa,2024,all,All ages,m,Male,9700
bdi,Burundi,BDI,Africa,2024,0_14,0-14,a,All sexes,1100
bdi,Burundi,BDI,Africa,2024,0_14,0-14,f,Female,500
bdi,Burundi,BDI,Africa,2024,0_14,0-14,m,Male,550
bdi,Burundi,BDI,Africa,2024,0_4,0-4,a,All sexes,500
bdi,Burundi,BDI,Africa,2024,0_4,0-4,f,Female,230
bdi,Burundi,BDI,Africa,2024,0_4,0-4,m,Male,270
bdi,Burundi,BDI,Africa,2024,10_14,10-14,a,All sexes,290
bdi,Burundi,BDI,Africa,2024,10_14,10-14,f,Female,140
bdi,Burundi,BDI,Africa,2024,10_14,10-14,m,Male,140
bdi,Burundi,BDI,Africa,2024,15_19,15-19,a,All sexes,780
bdi,Burundi,BDI,Africa,2024,15_19,15-19,f,Female,310
bdi,Burundi,BDI,Africa,2024,15_19,15-19,m,Male,460
bdi,Burundi,BDI,Africa,2024,15_24,15-24,a,All sexes,1600
bdi,Burundi,BDI,Africa,2024,15_24,15-24,f,Female,660
bdi,Burundi,BDI,Africa,2024,15_24,15-24,m,Male,970
bdi,Burundi,BDI,Africa,2024,15plus,15+,a,All sexes,11000
bdi,Burundi,BDI,Africa,2024,15plus,15+,f,Female,3700
bdi,Burundi,BDI,Africa,2024,15plus,15+,m,Male,6900
bdi,Burundi,BDI,Africa,2024,20_24,20-24,a,All sexes,850
bdi,Burundi,BDI,Africa,2024,20_24,20-24,f,Female,340
bdi,Burundi,BDI,Africa,2024,20_24,20-24,m,Male,500
bdi,Burundi,BDI,Africa,2024,25_34,25-34,a,All sexes,2400
bdi,Burundi,BDI,Africa,2024,25_34,25-34,f,Female,830
bdi,Burundi,BDI,Africa,2024,25_34,25-34,m,Male,1600
bdi,Burundi,BDI,Africa,2024,35_44,35-44,a,All sexes,2400
bdi,Burundi,BDI,Africa,2024,35_44,35-44,f,Female,790
bdi,Burundi,BDI,Africa,2024,35_44,35-44,m,Male,1600
bdi,Burundi,BDI,Africa,2024,45_54,45-54,a,All sexes,1800
bdi,Burundi,BDI,Africa,2024,45_54,45-54,f,Female,590
bdi,Burundi,BDI,Africa,2024,45_54,45-54,m,Male,1200
bdi,Burundi,BDI,Africa,2024,55_64,55-64,a,All sexes,1300
bdi,Burundi,BDI,Africa,2024,55_64,55-64,f,Female,410
bdi,Burundi,BDI,Africa,2024,55_64,55-64,m,Male,850
bdi,Burundi,BDI,Africa,2024,5_14,5-14,a,All sexes,550
bdi,Burundi,BDI,Africa,2024,5_14,5-14,f,Female,280
bdi,Burundi,BDI,Africa,2024,5_14,5-14,m,Male,280
bdi,Burundi,BDI,Africa,2024,5_9,5-9,a,All sexes,270
bdi,Burundi,BDI,Africa,2024,5_9,5-9,f,Female,130
bdi,Burundi,BDI,Africa,2024,5_9,5-9,m,Male,130
bdi,Burundi,BDI,Africa,2024,65plus,65+,a,All sexes,1100
bdi,Burundi,BDI,Africa,2024,65plus,65+,f,Female,400
bdi,Burundi,BDI,Africa,2024,65plus,65+,m,Male,680
bdi,Burundi,BDI,Africa,2024,all,All ages,a,All sexes,12000
bdi,Burundi,BDI,Africa,2024,all,All ages,f,Female,4200
bdi,Burundi,BDI,Africa,2024,all,All ages,m,Male,7500
cpv,Cabo Verde,CPV,Africa,2024,0_14,0-14,a,All sexes,13
cpv,Cabo Verde,CPV,Africa,2024,0_14,0-14,f,Female,6
cpv,Cabo Verde,CPV,Africa,2024,0_14,0-14,m,Male,7
cpv,Cabo Verde,CPV,Africa,2024,0_4,0-4,a,All sexes,6
cpv,Cabo Verde,CPV,Africa,2024,0_4,0-4,f,Female,4
cpv,Cabo Verde,CPV,Africa,2024,0_4,0-4,m,Male,1
cpv,Cabo Verde,CPV,Africa,2024,10_14,10-14,a,All sexes,4
cpv,Cabo Verde,CPV,Africa,2024,10_14,10-14,f,Female,1
cpv,Cabo Verde,CPV,Africa,2024,10_14,10-14,m,Male,3
cpv,Cabo Verde,CPV,Africa,2024,15_19,15-19,a,All sexes,14
cpv,Cabo Verde,CPV,Africa,2024,15_19,15-19,f,Female,8
cpv,Cabo Verde,CPV,Africa,2024,15_19,15-19,m,Male,6
cpv,Cabo Verde,CPV,Africa,2024,15_24,15-24,a,All sexes,31
cpv,Cabo Verde,CPV,Africa,2024,15_24,15-24,f,Female,18
cpv,Cabo Verde,CPV,Africa,2024,15_24,15-24,m,Male,13
cpv,Cabo Verde,CPV,Africa,2024,15plus,15+,a,All sexes,230
cpv,Cabo Verde,CPV,Africa,2024,15plus,15+,f,Female,84
cpv,Cabo Verde,CPV,Africa,2024,15plus,15+,m,Male,150
cpv,Cabo Verde,CPV,Africa,2024,20_24,20-24,a,All sexes,17
cpv,Cabo Verde,CPV,Africa,2024,20_24,20-24,f,Female,10
cpv,Cabo Verde,CPV,Africa,2024,20_24,20-24,m,Male,7
cpv,Cabo Verde,CPV,Africa,2024,25_34,25-34,a,All sexes,49
cpv,Cabo Verde,CPV,Africa,2024,25_34,25-34,f,Female,15
cpv,Cabo Verde,CPV,Africa,2024,25_34,25-34,m,Male,34
cpv,Cabo Verde,CPV,Africa,2024,35_44,35-44,a,All sexes,77
cpv,Cabo Verde,CPV,Africa,2024,35_44,35-44,f,Female,24
cpv,Cabo Verde,CPV,Africa,2024,35_44,35-44,m,Male,53
cpv,Cabo Verde,CPV,Africa,2024,45_54,45-54,a,All sexes,41
cpv,Cabo Verde,CPV,Africa,2024,45_54,45-54,f,Female,11
cpv,Cabo Verde,CPV,Africa,2024,45_54,45-54,m,Male,29
cpv,Cabo Verde,CPV,Africa,2024,55_64,55-64,a,All sexes,28
cpv,Cabo Verde,CPV,Africa,2024,55_64,55-64,f,Female,10
cpv,Cabo Verde,CPV,Africa,2024,55_64,55-64,m,Male,18
cpv,Cabo Verde,CPV,Africa,2024,5_14,5-14,a,All sexes,7
cpv,Cabo Verde,CPV,Africa,2024,5_14,5-14,f,Female,1
cpv,Cabo Verde,CPV,Africa,2024,5_14,5-14,m,Male,6
cpv,Cabo Verde,CPV,Africa,2024,5_9,5-9,a,All sexes,3
cpv,Cabo Verde,CPV,Africa,2024,5_9,5-9,f,Female,0
cpv,Cabo Verde,CPV,Africa,2024,5_9,5-9,m,Male,3
cpv,Cabo Verde,CPV,Africa,2024,65plus,65+,a,All sexes,8
cpv,Cabo Verde,CPV,Africa,2024,65plus,65+,f,Female,6
cpv,Cabo Verde,CPV,Africa,2024,65plus,65+,m,Male,3
cpv,Cabo Verde,CPV,Africa,2024,all,All ages,a,All sexes,250
cpv,Cabo Verde,CPV,Africa,2024,all,All ages,f,Female,90
cpv,Cabo Verde,CPV,Africa,2024,all,All ages,m,Male,160
khm,Cambodia,KHM,Western Pacific,2024,0_14,0-14,a,All sexes,11000
khm,Cambodia,KHM,Western Pacific,2024,0_14,0-14,f,Female,4700
khm,Cambodia,KHM,Western Pacific,2024,0_14,0-14,m,Male,6000
khm,Cambodia,KHM,Western Pacific,2024,0_4,0-4,a,All sexes,3600
khm,Cambodia,KHM,Western Pacific,2024,0_4,0-4,f,Female,1400
khm,Cambodia,KHM,Western Pacific,2024,0_4,0-4,m,Male,2200
khm,Cambodia,KHM,Western Pacific,2024,10_14,10-14,a,All sexes,3600
khm,Cambodia,KHM,Western Pacific,2024,10_14,10-14,f,Female,1700
khm,Cambodia,KHM,Western Pacific,2024,10_14,10-14,m,Male,1900
khm,Cambodia,KHM,Western Pacific,2024,15_19,15-19,a,All sexes,2500
khm,Cambodia,KHM,Western Pacific,2024,15_19,15-19,f,Female,1100
khm,Cambodia,KHM,Western Pacific,2024,15_19,15-19,m,Male,1400
khm,Cambodia,KHM,Western Pacific,2024,15_24,15-24,a,All sexes,5100
khm,Cambodia,KHM,Western Pacific,2024,15_24,15-24,f,Female,2300
khm,Cambodia,KHM,Western Pacific,2024,15_24,15-24,m,Male,2800
khm,Cambodia,KHM,Western Pacific,2024,15plus,15+,a,All sexes,37000
khm,Cambodia,KHM,Western Pacific,2024,15plus,15+,f,Female,16000
khm,Cambodia,KHM,Western Pacific,2024,15plus,15+,m,Male,21000
khm,Cambodia,KHM,Western Pacific,2024,20_24,20-24,a,All sexes,2700
khm,Cambodia,KHM,Western Pacific,2024,20_24,20-24,f,Female,1200
khm,Cambodia,KHM,Western Pacific,2024,20_24,20-24,m,Male,1500
khm,Cambodia,KHM,Western Pacific,2024,25_34,25-34,a,All sexes,4500
khm,Cambodia,KHM,Western Pacific,2024,25_34,25-34,f,Female,2000
khm,Cambodia,KHM,Western Pacific,2024,25_34,25-34,m,Male,2500
khm,Cambodia,KHM,Western Pacific,2024,35_44,35-44,a,All sexes,5500
khm,Cambodia,KHM,Western Pacific,2024,35_44,35-44,f,Female,2200
khm,Cambodia,KHM,Western Pacific,2024,35_44,35-44,m,Male,3300
khm,Cambodia,KHM,Western Pacific,2024,45_54,45-54,a,All sexes,5900
khm,Cambodia,KHM,Western Pacific,2024,45_54,45-54,f,Female,2400
khm,Cambodia,KHM,Western Pacific,2024,45_54,45-54,m,Male,3500
khm,Cambodia,KHM,Western Pacific,2024,55_64,55-64,a,All sexes,7500
khm,Cambodia,KHM,Western Pacific,2024,55_64,55-64,f,Female,3200
khm,Cambodia,KHM,Western Pacific,2024,55_64,55-64,m,Male,4300
khm,Cambodia,KHM,Western Pacific,2024,5_14,5-14,a,All sexes,7100
khm,Cambodia,KHM,Western Pacific,2024,5_14,5-14,f,Female,3300
khm,Cambodia,KHM,Western Pacific,2024,5_14,5-14,m,Male,3800
khm,Cambodia,KHM,Western Pacific,2024,5_9,5-9,a,All sexes,3600
khm,Cambodia,KHM,Western Pacific,2024,5_9,5-9,f,Female,1600
khm,Cambodia,KHM,Western Pacific,2024,5_9,5-9,m,Male,1900
khm,Cambodia,KHM,Western Pacific,2024,65plus,65+,a,All sexes,8800
khm,Cambodia,KHM,Western Pacific,2024,65plus,65+,f,Female,4300
khm,Cambodia,KHM,Western Pacific,2024,65plus,65+,m,Male,4500
khm,Cambodia,KHM,Western Pacific,2024,all,All ages,a,All sexes,48000
khm,Cambodia,KHM,Western Pacific,2024,all,All ages,f,Female,21000
khm,Cambodia,KHM,Western Pacific,2024,all,All ages,m,Male,27000
cmr,Cameroon,CMR,Africa,2024,0_14,0-14,a,All sexes,4300
cmr,Cameroon,CMR,Africa,2024,0_14,0-14,f,Female,2000
cmr,Cameroon,CMR,Africa,2024,0_14,0-14,m,Male,2300
cmr,Cameroon,CMR,Africa,2024,0_4,0-4,a,All sexes,2200
cmr,Cameroon,CMR,Africa,2024,0_4,0-4,f,Female,960
cmr,Cameroon,CMR,Africa,2024,0_4,0-4,m,Male,1200
cmr,Cameroon,CMR,Africa,2024,10_14,10-14,a,All sexes,1100
cmr,Cameroon,CMR,Africa,2024,10_14,10-14,f,Female,570
cmr,Cameroon,CMR,Africa,2024,10_14,10-14,m,Male,570
cmr,Cameroon,CMR,Africa,2024,15_19,15-19,a,All sexes,2700
cmr,Cameroon,CMR,Africa,2024,15_19,15-19,f,Female,1200
cmr,Cameroon,CMR,Africa,2024,15_19,15-19,m,Male,1600
cmr,Cameroon,CMR,Africa,2024,15_24,15-24,a,All sexes,6400
cmr,Cameroon,CMR,Africa,2024,15_24,15-24,f,Female,2600
cmr,Cameroon,CMR,Africa,2024,15_24,15-24,m,Male,3800
cmr,Cameroon,CMR,Africa,2024,15plus,15+,a,All sexes,34000
cmr,Cameroon,CMR,Africa,2024,15plus,15+,f,Female,13000
cmr,Cameroon,CMR,Africa,2024,15plus,15+,m,Male,21000
cmr,Cameroon,CMR,Africa,2024,20_24,20-24,a,All sexes,3600
cmr,Cameroon,CMR,Africa,2024,20_24,20-24,f,Female,1400
cmr,Cameroon,CMR,Africa,2024,20_24,20-24,m,Male,2200
cmr,Cameroon,CMR,Africa,2024,25_34,25-34,a,All sexes,8300
cmr,Cameroon,CMR,Africa,2024,25_34,25-34,f,Female,3100
cmr,Cameroon,CMR,Africa,2024,25_34,25-34,m,Male,5100
cmr,Cameroon,CMR,Africa,2024,35_44,35-44,a,All sexes,7600
cmr,Cameroon,CMR,Africa,2024,35_44,35-44,f,Female,2800
cmr,Cameroon,CMR,Africa,2024,35_44,35-44,m,Male,4800
cmr,Cameroon,CMR,Africa,2024,45_54,45-54,a,All sexes,5400
cmr,Cameroon,CMR,Africa,2024,45_54,45-54,f,Female,1900
cmr,Cameroon,CMR,Africa,2024,45_54,45-54,m,Male,3500
cmr,Cameroon,CMR,Africa,2024,55_64,55-64,a,All sexes,3500
cmr,Cameroon,CMR,Africa,2024,55_64,55-64,f,Female,1200
cmr,Cameroon,CMR,Africa,2024,55_64,55-64,m,Male,2300
cmr,Cameroon,CMR,Africa,2024,5_14,5-14,a,All sexes,2100
cmr,Cameroon,CMR,Africa,2024,5_14,5-14,f,Female,1100
cmr,Cameroon,CMR,Africa,2024,5_14,5-14,m,Male,1100
cmr,Cameroon,CMR,Africa,2024,5_9,5-9,a,All sexes,1000
cmr,Cameroon,CMR,Africa,2024,5_9,5-9,f,Female,500
cmr,Cameroon,CMR,Africa,2024,5_9,5-9,m,Male,510
cmr,Cameroon,CMR,Africa,2024,65plus,65+,a,All sexes,3100
cmr,Cameroon,CMR,Africa,2024,65plus,65+,f,Female,1200
cmr,Cameroon,CMR,Africa,2024,65plus,65+,m,Male,1900
cmr,Cameroon,CMR,Africa,2024,all,All ages,a,All sexes,38000
cmr,Cameroon,CMR,Africa,2024,all,All ages,f,Female,15000
cmr,Cameroon,CMR,Africa,2024,all,All ages,m,Male,24000
can,Canada,CAN,Americas,2024,0_14,0-14,a,All sexes,150
can,Canada,CAN,Americas,2024,0_14,0-14,f,Female,80
can,Canada,CAN,Americas,2024,0_14,0-14,m,Male,72
can,Canada,CAN,Americas,2024,0_4,0-4,a,All sexes,74
can,Canada,CAN,Americas,2024,0_4,0-4,f,Female,36
can,Canada,CAN,Americas,2024,0_4,0-4,m,Male,38
can,Canada,CAN,Americas,2024,10_14,10-14,a,All sexes,53
can,Canada,CAN,Americas,2024,10_14,10-14,f,Female,30
can,Canada,CAN,Americas,2024,10_14,10-14,m,Male,22
can,Canada,CAN,Americas,2024,15_19,15-19,a,All sexes,110
can,Canada,CAN,Americas,2024,15_19,15-19,f,Female,51
can,Canada,CAN,Americas,2024,15_19,15-19,m,Male,63
can,Canada,CAN,Americas,2024,15_24,15-24,a,All sexes,360
can,Canada,CAN,Americas,2024,15_24,15-24,f,Female,160
can,Canada,CAN,Americas,2024,15_24,15-24,m,Male,200
can,Canada,CAN,Americas,2024,15plus,15+,a,All sexes,2300
can,Canada,CAN,Americas,2024,15plus,15+,f,Female,1000
can,Canada,CAN,Americas,2024,15plus,15+,m,Male,1300
can,Canada,CAN,Americas,2024,20_24,20-24,a,All sexes,240
can,Canada,CAN,Americas,2024,20_24,20-24,f,Female,110
can,Canada,CAN,Americas,2024,20_24,20-24,m,Male,130
can,Canada,CAN,Americas,2024,25_34,25-34,a,All sexes,450
can,Canada,CAN,Americas,2024,25_34,25-34,f,Female,230
can,Canada,CAN,Americas,2024,25_34,25-34,m,Male,230
can,Canada,CAN,Americas,2024,35_44,35-44,a,All sexes,370
can,Canada,CAN,Americas,2024,35_44,35-44,f,Female,160
can,Canada,CAN,Americas,2024,35_44,35-44,m,Male,210
can,Canada,CAN,Americas,2024,45_54,45-54,a,All sexes,290
can,Canada,CAN,Americas,2024,45_54,45-54,f,Female,120
can,Canada,CAN,Americas,2024,45_54,45-54,m,Male,160
can,Canada,CAN,Americas,2024,55_64,55-64,a,All sexes,290
can,Canada,CAN,Americas,2024,55_64,55-64,f,Female,130
can,Canada,CAN,Americas,2024,55_64,55-64,m,Male,170
can,Canada,CAN,Americas,2024,5_14,5-14,a,All sexes,78
can,Canada,CAN,Americas,2024,5_14,5-14,f,Female,45
can,Canada,CAN,Americas,2024,5_14,5-14,m,Male,34
can,Canada,CAN,Americas,2024,5_9,5-9,a,All sexes,26
can,Canada,CAN,Americas,2024,5_9,5-9,f,Female,15
can,Canada,CAN,Americas,2024,5_9,5-9,m,Male,11
can,Canada,CAN,Americas,2024,65plus,65+,a,All sexes,550
can,Canada,CAN,Americas,2024,65plus,65+,f,Female,230
can,Canada,CAN,Americas,2024,65plus,65+,m,Male,320
can,Canada,CAN,Americas,2024,all,All ages,a,All sexes,2500
can,Canada,CAN,Americas,2024,all,All ages,f,Female,1100
can,Canada,CAN,Americas,2024,all,All ages,m,Male,1400
caf,Central African Republic,CAF,Africa,2024,0_14,0-14,a,All sexes,3300
caf,Central African Republic,CAF,Africa,2024,0_14,0-14,f,Female,1600
caf,Central African Republic,CAF,Africa,2024,0_14,0-14,m,Male,1700
caf,Central African Republic,CAF,Africa,2024,0_4,0-4,a,All sexes,1600
caf,Central African Republic,CAF,Africa,2024,0_4,0-4,f,Female,710
caf,Central African Republic,CAF,Africa,2024,0_4,0-4,m,Male,860
caf,Central African Republic,CAF,Africa,2024,10_14,10-14,a,All sexes,910
caf,Central African Republic,CAF,Africa,2024,10_14,10-14,f,Female,450
caf,Central African Republic,CAF,Africa,2024,10_14,10-14,m,Male,460
caf,Central African Republic,CAF,Africa,2024,15_19,15-19,a,All sexes,1900
caf,Central African Republic,CAF,Africa,2024,15_19,15-19,f,Female,740
caf,Central African Republic,CAF,Africa,2024,15_19,15-19,m,Male,1200
caf,Central African Republic,CAF,Africa,2024,15_24,15-24,a,All sexes,4000
caf,Central African Republic,CAF,Africa,2024,15_24,15-24,f,Female,1500
caf,Central African Republic,CAF,Africa,2024,15_24,15-24,m,Male,2400
caf,Central African Republic,CAF,Africa,2024,15plus,15+,a,All sexes,19000
caf,Central African Republic,CAF,Africa,2024,15plus,15+,f,Female,7700
caf,Central African Republic,CAF,Africa,2024,15plus,15+,m,Male,11000
caf,Central African Republic,CAF,Africa,2024,20_24,20-24,a,All sexes,2100
caf,Central African Republic,CAF,Africa,2024,20_24,20-24,f,Female,810
caf,Central African Republic,CAF,Africa,2024,20_24,20-24,m,Male,1300
caf,Central African Republic,CAF,Africa,2024,25_34,25-34,a,All sexes,4700
caf,Central African Republic,CAF,Africa,2024,25_34,25-34,f,Female,2000
caf,Central African Republic,CAF,Africa,2024,25_34,25-34,m,Male,2700
caf,Central African Republic,CAF,Africa,2024,35_44,35-44,a,All sexes,4100
caf,Central African Republic,CAF,Africa,2024,35_44,35-44,f,Female,1700
caf,Central African Republic,CAF,Africa,2024,35_44,35-44,m,Male,2400
caf,Central African Republic,CAF,Africa,2024,45_54,45-54,a,All sexes,2900
caf,Central African Republic,CAF,Africa,2024,45_54,45-54,f,Female,1100
caf,Central African Republic,CAF,Africa,2024,45_54,45-54,m,Male,1800
caf,Central African Republic,CAF,Africa,2024,55_64,55-64,a,All sexes,1900
caf,Central African Republic,CAF,Africa,2024,55_64,55-64,f,Female,770
caf,Central African Republic,CAF,Africa,2024,55_64,55-64,m,Male,1100
caf,Central African Republic,CAF,Africa,2024,5_14,5-14,a,All sexes,1700
caf,Central African Republic,CAF,Africa,2024,5_14,5-14,f,Female,870
caf,Central African Republic,CAF,Africa,2024,5_14,5-14,m,Male,870
caf,Central African Republic,CAF,Africa,2024,5_9,5-9,a,All sexes,830
caf,Central African Republic,CAF,Africa,2024,5_9,5-9,f,Female,420
caf,Central African Republic,CAF,Africa,2024,5_9,5-9,m,Male,420
caf,Central African Republic,CAF,Africa,2024,65plus,65+,a,All sexes,1500
caf,Central African Republic,CAF,Africa,2024,65plus,65+,f,Female,580
caf,Central African Republic,CAF,Africa,2024,65plus,65+,m,Male,880
caf,Central African Republic,CAF,Africa,2024,all,All ages,a,All sexes,22000
caf,Central African Republic,CAF,Africa,2024,all,All ages,f,Female,9300
caf,Central African Republic,CAF,Africa,2024,all,All ages,m,Male,13000
tcd,Chad,TCD,Africa,2024,0_14,0-14,a,All sexes,2800
tcd,Chad,TCD,Africa,2024,0_14,0-14,f,Female,1300
tcd,Chad,TCD,Africa,2024,0_14,0-14,m,Male,1500
tcd,Chad,TCD,Africa,2024,0_4,0-4,a,All sexes,1400
tcd,Chad,TCD,Africa,2024,0_4,0-4,f,Female,650
tcd,Chad,TCD,Africa,2024,0_4,0-4,m,Male,790
tcd,Chad,TCD,Africa,2024,10_14,10-14,a,All sexes,690
tcd,Chad,TCD,Africa,2024,10_14,10-14,f,Female,350
tcd,Chad,TCD,Africa,2024,10_14,10-14,m,Male,350
tcd,Chad,TCD,Africa,2024,15_19,15-19,a,All sexes,1700
tcd,Chad,TCD,Africa,2024,15_19,15-19,f,Female,660
tcd,Chad,TCD,Africa,2024,15_19,15-19,m,Male,1100
tcd,Chad,TCD,Africa,2024,15_24,15-24,a,All sexes,3600
tcd,Chad,TCD,Africa,2024,15_24,15-24,f,Female,1400
tcd,Chad,TCD,Africa,2024,15_24,15-24,m,Male,2200
tcd,Chad,TCD,Africa,2024,15plus,15+,a,All sexes,21000
tcd,Chad,TCD,Africa,2024,15plus,15+,f,Female,7300
tcd,Chad,TCD,Africa,2024,15plus,15+,m,Male,14000
tcd,Chad,TCD,Africa,2024,20_24,20-24,a,All sexes,1900
tcd,Chad,TCD,Africa,2024,20_24,20-24,f,Female,720
tcd,Chad,TCD,Africa,2024,20_24,20-24,m,Male,1200
tcd,Chad,TCD,Africa,2024,25_34,25-34,a,All sexes,5500
tcd,Chad,TCD,Africa,2024,25_34,25-34,f,Female,1800
tcd,Chad,TCD,Africa,2024,25_34,25-34,m,Male,3700
tcd,Chad,TCD,Africa,2024,35_44,35-44,a,All sexes,4900
tcd,Chad,TCD,Africa,2024,35_44,35-44,f,Female,1600
tcd,Chad,TCD,Africa,2024,35_44,35-44,m,Male,3300
tcd,Chad,TCD,Africa,2024,45_54,45-54,a,All sexes,3400
tcd,Chad,TCD,Africa,2024,45_54,45-54,f,Female,1100
tcd,Chad,TCD,Africa,2024,45_54,45-54,m,Male,2200
tcd,Chad,TCD,Africa,2024,55_64,55-64,a,All sexes,2200
tcd,Chad,TCD,Africa,2024,55_64,55-64,f,Female,780
tcd,Chad,TCD,Africa,2024,55_64,55-64,m,Male,1400
tcd,Chad,TCD,Africa,2024,5_14,5-14,a,All sexes,1300
tcd,Chad,TCD,Africa,2024,5_14,5-14,f,Female,670
tcd,Chad,TCD,Africa,2024,5_14,5-14,m,Male,670
tcd,Chad,TCD,Africa,2024,5_9,5-9,a,All sexes,640
tcd,Chad,TCD,Africa,2024,5_9,5-9,f,Female,320
tcd,Chad,TCD,Africa,2024,5_9,5-9,m,Male,320
tcd,Chad,TCD,Africa,2024,65plus,65+,a,All sexes,1600
tcd,Chad,TCD,Africa,2024,65plus,65+,f,Female,580
tcd,Chad,TCD,Africa,2024,65plus,65+,m,Male,1000
tcd,Chad,TCD,Africa,2024,all,All ages,a,All sexes,24000
tcd,Chad,TCD,Africa,2024,all,All ages,f,Female,8600
tcd,Chad,TCD,Africa,2024,all,All ages,m,Male,15000
chl,Chile,CHL,Americas,2024,0_14,0-14,a,All sexes,150
chl,Chile,CHL,Americas,2024,0_14,0-14,f,Female,76
chl,Chile,CHL,Americas,2024,0_14,0-14,m,Male,77
chl,Chile,CHL,Americas,2024,0_4,0-4,a,All sexes,44
chl,Chile,CHL,Americas,2024,0_4,0-4,f,Female,20
chl,Chile,CHL,Americas,2024,0_4,0-4,m,Male,24
chl,Chile,CHL,Americas,2024,10_14,10-14,a,All sexes,54
chl,Chile,CHL,Americas,2024,10_14,10-14,f,Female,29
chl,Chile,CHL,Americas,2024,10_14,10-14,m,Male,24
chl,Chile,CHL,Americas,2024,15_19,15-19,a,All sexes,140
chl,Chile,CHL,Americas,2024,15_19,15-19,f,Female,63
chl,Chile,CHL,Americas,2024,15_19,15-19,m,Male,77
chl,Chile,CHL,Americas,2024,15_24,15-24,a,All sexes,450
chl,Chile,CHL,Americas,2024,15_24,15-24,f,Female,190
chl,Chile,CHL,Americas,2024,15_24,15-24,m,Male,260
chl,Chile,CHL,Americas,2024,15plus,15+,a,All sexes,3600
chl,Chile,CHL,Americas,2024,15plus,15+,f,Female,1200
chl,Chile,CHL,Americas,2024,15plus,15+,m,Male,2400
chl,Chile,CHL,Americas,2024,20_24,20-24,a,All sexes,310
chl,Chile,CHL,Americas,2024,20_24,20-24,f,Female,130
chl,Chile,CHL,Americas,2024,20_24,20-24,m,Male,180
chl,Chile,CHL,Americas,2024,25_34,25-34,a,All sexes,730
chl,Chile,CHL,Americas,2024,25_34,25-34,f,Female,260
chl,Chile,CHL,Americas,2024,25_34,25-34,m,Male,480
chl,Chile,CHL,Americas,2024,35_44,35-44,a,All sexes,630
chl,Chile,CHL,Americas,2024,35_44,35-44,f,Female,190
chl,Chile,CHL,Americas,2024,35_44,35-44,m,Male,450
chl,Chile,CHL,Americas,2024,45_54,45-54,a,All sexes,570
chl,Chile,CHL,Americas,2024,45_54,45-54,f,Female,170
chl,Chile,CHL,Americas,2024,45_54,45-54,m,Male,390
chl,Chile,CHL,Americas,2024,55_64,55-64,a,All sexes,580
chl,Chile,CHL,Americas,2024,55_64,55-64,f,Female,180
chl,Chile,CHL,Americas,2024,55_64,55-64,m,Male,400
chl,Chile,CHL,Americas,2024,5_14,5-14,a,All sexes,110
chl,Chile,CHL,Americas,2024,5_14,5-14,f,Female,56
chl,Chile,CHL,Americas,2024,5_14,5-14,m,Male,52
chl,Chile,CHL,Americas,2024,5_9,5-9,a,All sexes,55
chl,Chile,CHL,Americas,2024,5_9,5-9,f,Female,27
chl,Chile,CHL,Americas,2024,5_9,5-9,m,Male,28
chl,Chile,CHL,Americas,2024,65plus,65+,a,All sexes,660
chl,Chile,CHL,Americas,2024,65plus,65+,f,Female,230
chl,Chile,CHL,Americas,2024,65plus,65+,m,Male,430
chl,Chile,CHL,Americas,2024,all,All ages,a,All sexes,3800
chl,Chile,CHL,Americas,2024,all,All ages,f,Female,1300
chl,Chile,CHL,Americas,2024,all,All ages,m,Male,2500
chn,China,CHN,Western Pacific,2024,0_14,0-14,a,All sexes,8000
chn,China,CHN,Western Pacific,2024,0_14,0-14,f,Female,4300
chn,China,CHN,Western Pacific,2024,0_14,0-14,m,Male,3700
chn,China,CHN,Western Pacific,2024,0_4,0-4,a,All sexes,400
chn,China,CHN,Western Pacific,2024,0_4,0-4,f,Female,180
chn,China,CHN,Western Pacific,2024,0_4,0-4,m,Male,220
chn,China,CHN,Western Pacific,2024,10_14,10-14,a,All sexes,6500
chn,China,CHN,Western Pacific,2024,10_14,10-14,f,Female,3600
chn,China,CHN,Western Pacific,2024,10_14,10-14,m,Male,2900
chn,China,CHN,Western Pacific,2024,15_19,15-19,a,All sexes,28000
chn,China,CHN,Western Pacific,2024,15_19,15-19,f,Female,13000
chn,China,CHN,Western Pacific,2024,15_19,15-19,m,Male,15000
chn,China,CHN,Western Pacific,2024,15_24,15-24,a,All sexes,56000
chn,China,CHN,Western Pacific,2024,15_24,15-24,f,Female,25000
chn,China,CHN,Western Pacific,2024,15_24,15-24,m,Male,32000
chn,China,CHN,Western Pacific,2024,15plus,15+,a,All sexes,688000
chn,China,CHN,Western Pacific,2024,15plus,15+,f,Female,213000
chn,China,CHN,Western Pacific,2024,15plus,15+,m,Male,475000
chn,China,CHN,Western Pacific,2024,20_24,20-24,a,All sexes,28000
chn,China,CHN,Western Pacific,2024,20_24,20-24,f,Female,12000
chn,China,CHN,Western Pacific,2024,20_24,20-24,m,Male,16000
chn,China,CHN,Western Pacific,2024,25_34,25-34,a,All sexes,68000
chn,China,CHN,Western Pacific,2024,25_34,25-34,f,Female,26000
chn,China,CHN,Western Pacific,2024,25_34,25-34,m,Male,41000
chn,China,CHN,Western Pacific,2024,35_44,35-44,a,All sexes,71000
chn,China,CHN,Western Pacific,2024,35_44,35-44,f,Female,24000
chn,China,CHN,Western Pacific,2024,35_44,35-44,m,Male,47000
chn,China,CHN,Western Pacific,2024,45_54,45-54,a,All sexes,106000
chn,China,CHN,Western Pacific,2024,45_54,45-54,f,Female,27000
chn,China,CHN,Western Pacific,2024,45_54,45-54,m,Male,79000
chn,China,CHN,Western Pacific,2024,55_64,55-64,a,All sexes,142000
chn,China,CHN,Western Pacific,2024,55_64,55-64,f,Female,36000
chn,China,CHN,Western Pacific,2024,55_64,55-64,m,Male,106000
chn,China,CHN,Western Pacific,2024,5_14,5-14,a,All sexes,7600
chn,China,CHN,Western Pacific,2024,5_14,5-14,f,Female,4100
chn,China,CHN,Western Pacific,2024,5_14,5-14,m,Male,3400
chn,China,CHN,Western Pacific,2024,5_9,5-9,a,All sexes,1100
chn,China,CHN,Western Pacific,2024,5_9,5-9,f,Female,500
chn,China,CHN,Western Pacific,2024,5_9,5-9,m,Male,580
chn,China,CHN,Western Pacific,2024,65plus,65+,a,All sexes,245000
chn,China,CHN,Western Pacific,2024,65plus,65+,f,Female,74000
chn,China,CHN,Western Pacific,2024,65plus,65+,m,Male,171000
chn,China,CHN,Western Pacific,2024,all,All ages,a,All sexes,696000
chn,China,CHN,Western Pacific,2024,all,All ages,f,Female,217000
chn,China,CHN,Western Pacific,2024,all,All ages,m,Male,479000
col,Colombia,COL,Americas,2024,0_14,0-14,a,All sexes,810
col,Colombia,COL,Americas,2024,0_14,0-14,f,Female,360
col,Colombia,COL,Americas,2024,0_14,0-14,m,Male,450
col,Colombia,COL,Americas,2024,0_4,0-4,a,All sexes,340
col,Colombia,COL,Americas,2024,0_4,0-4,f,Female,150
col,Colombia,COL,Americas,2024,0_4,0-4,m,Male,190
col,Colombia,COL,Americas,2024,10_14,10-14,a,All sexes,300
col,Colombia,COL,Americas,2024,10_14,10-14,f,Female,140
col,Colombia,COL,Americas,2024,10_14,10-14,m,Male,160
col,Colombia,COL,Americas,2024,15_19,15-19,a,All sexes,1200
col,Colombia,COL,Americas,2024,15_19,15-19,f,Female,510
col,Colombia,COL,Americas,2024,15_19,15-19,m,Male,660
col,Colombia,COL,Americas,2024,15_24,15-24,a,All sexes,3900
col,Colombia,COL,Americas,2024,15_24,15-24,f,Female,1400
col,Colombia,COL,Americas,2024,15_24,15-24,m,Male,2500
col,Colombia,COL,Americas,2024,15plus,15+,a,All sexes,25000
col,Colombia,COL,Americas,2024,15plus,15+,f,Female,8200
col,Colombia,COL,Americas,2024,15plus,15+,m,Male,17000
col,Colombia,COL,Americas,2024,20_24,20-24,a,All sexes,2700
col,Colombia,COL,Americas,2024,20_24,20-24,f,Female,850
col,Colombia,COL,Americas,2024,20_24,20-24,m,Male,1900
col,Colombia,COL,Americas,2024,25_34,25-34,a,All sexes,5500
col,Colombia,COL,Americas,2024,25_34,25-34,f,Female,1600
col,Colombia,COL,Americas,2024,25_34,25-34,m,Male,3900
col,Colombia,COL,Americas,2024,35_44,35-44,a,All sexes,4000
col,Colombia,COL,Americas,2024,35_44,35-44,f,Female,1200
col,Colombia,COL,Americas,2024,35_44,35-44,m,Male,2800
col,Colombia,COL,Americas,2024,45_54,45-54,a,All sexes,2900
col,Colombia,COL,Americas,2024,45_54,45-54,f,Female,1000
col,Colombia,COL,Americas,2024,45_54,45-54,m,Male,1900
col,Colombia,COL,Americas,2024,55_64,55-64,a,All sexes,3400
col,Colombia,COL,Americas,2024,55_64,55-64,f,Female,1100
col,Colombia,COL,Americas,2024,55_64,55-64,m,Male,2200
col,Colombia,COL,Americas,2024,5_14,5-14,a,All sexes,470
col,Colombia,COL,Americas,2024,5_14,5-14,f,Female,210
col,Colombia,COL,Americas,2024,5_14,5-14,m,Male,260
col,Colombia,COL,Americas,2024,5_9,5-9,a,All sexes,170
col,Colombia,COL,Americas,2024,5_9,5-9,f,Female,71
col,Colombia,COL,Americas,2024,5_9,5-9,m,Male,100
col,Colombia,COL,Americas,2024,65plus,65+,a,All sexes,5400
col,Colombia,COL,Americas,2024,65plus,65+,f,Female,1900
col,Colombia,COL,Americas,2024,65plus,65+,m,Male,3500
col,Colombia,COL,Americas,2024,all,All ages,a,All sexes,26000
col,Colombia,COL,Americas,2024,all,All ages,f,Female,8600
col,Colombia,COL,Americas,2024,all,All ages,m,Male,17000
com,Comoros,COM,Africa,2024,0_14,0-14,a,All sexes,23
com,Comoros,COM,Africa,2024,0_14,0-14,f,Female,12
com,Comoros,COM,Africa,2024,0_14,0-14,m,Male,12
com,Comoros,COM,Africa,2024,0_4,0-4,a,All sexes,12
com,Comoros,COM,Africa,2024,0_4,0-4,f,Female,6
com,Comoros,COM,Africa,2024,0_4,0-4,m,Male,6
com,Comoros,COM,Africa,2024,10_14,10-14,a,All sexes,6
com,Comoros,COM,Africa,2024,10_14,10-14,f,Female,3
com,Comoros,COM,Africa,2024,10_14,10-14,m,Male,3
com,Comoros,COM,Africa,2024,15_19,15-19,a,All sexes,15
com,Comoros,COM,Africa,2024,15_19,15-19,f,Female,6
com,Comoros,COM,Africa,2024,15_19,15-19,m,Male,9
com,Comoros,COM,Africa,2024,15_24,15-24,a,All sexes,29
com,Comoros,COM,Africa,2024,15_24,15-24,f,Female,12
com,Comoros,COM,Africa,2024,15_24,15-24,m,Male,18
com,Comoros,COM,Africa,2024,15plus,15+,a,All sexes,160
com,Comoros,COM,Africa,2024,15plus,15+,f,Female,67
com,Comoros,COM,Africa,2024,15plus,15+,m,Male,97
com,Comoros,COM,Africa,2024,20_24,20-24,a,All sexes,15
com,Comoros,COM,Africa,2024,20_24,20-24,f,Female,6
com,Comoros,COM,Africa,2024,20_24,20-24,m,Male,9
com,Comoros,COM,Africa,2024,25_34,25-34,a,All sexes,37
com,Comoros,COM,Africa,2024,25_34,25-34,f,Female,18
com,Comoros,COM,Africa,2024,25_34,25-34,m,Male,19
com,Comoros,COM,Africa,2024,35_44,35-44,a,All sexes,25
com,Comoros,COM,Africa,2024,35_44,35-44,f,Female,10
com,Comoros,COM,Africa,2024,35_44,35-44,m,Male,15
com,Comoros,COM,Africa,2024,45_54,45-54,a,All sexes,25
com,Comoros,COM,Africa,2024,45_54,45-54,f,Female,9
com,Comoros,COM,Africa,2024,45_54,45-54,m,Male,16
com,Comoros,COM,Africa,2024,55_64,55-64,a,All sexes,28
com,Comoros,COM,Africa,2024,55_64,55-64,f,Female,13
com,Comoros,COM,Africa,2024,55_64,55-64,m,Male,15
com,Comoros,COM,Africa,2024,5_14,5-14,a,All sexes,12
com,Comoros,COM,Africa,2024,5_14,5-14,f,Female,6
com,Comoros,COM,Africa,2024,5_14,5-14,m,Male,6
com,Comoros,COM,Africa,2024,5_9,5-9,a,All sexes,6
com,Comoros,COM,Africa,2024,5_9,5-9,f,Female,3
com,Comoros,COM,Africa,2024,5_9,5-9,m,Male,3
com,Comoros,COM,Africa,2024,65plus,65+,a,All sexes,20
com,Comoros,COM,Africa,2024,65plus,65+,f,Female,6
com,Comoros,COM,Africa,2024,65plus,65+,m,Male,15
com,Comoros,COM,Africa,2024,all,All ages,a,All sexes,190
com,Comoros,COM,Africa,2024,all,All ages,f,Female,79
com,Comoros,COM,Africa,2024,all,All ages,m,Male,110
cog,Congo,COG,Africa,2024,0_14,0-14,a,All sexes,2100
cog,Congo,COG,Africa,2024,0_14,0-14,f,Female,1000
cog,Congo,COG,Africa,2024,0_14,0-14,m,Male,1100
cog,Congo,COG,Africa,2024,0_4,0-4,a,All sexes,950
cog,Congo,COG,Africa,2024,0_4,0-4,f,Female,420
cog,Congo,COG,Africa,2024,0_4,0-4,m,Male,530
cog,Congo,COG,Africa,2024,10_14,10-14,a,All sexes,610
cog,Congo,COG,Africa,2024,10_14,10-14,f,Female,310
cog,Congo,COG,Africa,2024,10_14,10-14,m,Male,300
cog,Congo,COG,Africa,2024,15_19,15-19,a,All sexes,1500
cog,Congo,COG,Africa,2024,15_19,15-19,f,Female,640
cog,Congo,COG,Africa,2024,15_19,15-19,m,Male,840
cog,Congo,COG,Africa,2024,15_24,15-24,a,All sexes,3100
cog,Congo,COG,Africa,2024,15_24,15-24,f,Female,1300
cog,Congo,COG,Africa,2024,15_24,15-24,m,Male,1800
cog,Congo,COG,Africa,2024,15plus,15+,a,All sexes,17000
cog,Congo,COG,Africa,2024,15plus,15+,f,Female,7300
cog,Congo,COG,Africa,2024,15plus,15+,m,Male,9700
cog,Congo,COG,Africa,2024,20_24,20-24,a,All sexes,1600
cog,Congo,COG,Africa,2024,20_24,20-24,f,Female,710
cog,Congo,COG,Africa,2024,20_24,20-24,m,Male,920
cog,Congo,COG,Africa,2024,25_34,25-34,a,All sexes,3800
cog,Congo,COG,Africa,2024,25_34,25-34,f,Female,1500
cog,Congo,COG,Africa,2024,25_34,25-34,m,Male,2300
cog,Congo,COG,Africa,2024,35_44,35-44,a,All sexes,3600
cog,Congo,COG,Africa,2024,35_44,35-44,f,Female,1400
cog,Congo,COG,Africa,2024,35_44,35-44,m,Male,2200
cog,Congo,COG,Africa,2024,45_54,45-54,a,All sexes,2900
cog,Congo,COG,Africa,2024,45_54,45-54,f,Female,1200
cog,Congo,COG,Africa,2024,45_54,45-54,m,Male,1700
cog,Congo,COG,Africa,2024,55_64,55-64,a,All sexes,2000
cog,Congo,COG,Africa,2024,55_64,55-64,f,Female,900
cog,Congo,COG,Africa,2024,55_64,55-64,m,Male,1100
cog,Congo,COG,Africa,2024,5_14,5-14,a,All sexes,1200
cog,Congo,COG,Africa,2024,5_14,5-14,f,Female,600
cog,Congo,COG,Africa,2024,5_14,5-14,m,Male,580
cog,Congo,COG,Africa,2024,5_9,5-9,a,All sexes,570
cog,Congo,COG,Africa,2024,5_9,5-9,f,Female,290
cog,Congo,COG,Africa,2024,5_9,5-9,m,Male,280
cog,Congo,COG,Africa,2024,65plus,65+,a,All sexes,1600
cog,Congo,COG,Africa,2024,65plus,65+,f,Female,850
cog,Congo,COG,Africa,2024,65plus,65+,m,Male,730
cog,Congo,COG,Africa,2024,all,All ages,a,All sexes,19000
cog,Congo,COG,Africa,2024,all,All ages,f,Female,8300
cog,Congo,COG,Africa,2024,all,All ages,m,Male,11000
cri,Costa Rica,CRI,Americas,2024,0_14,0-14,a,All sexes,22
cri,Costa Rica,CRI,Americas,2024,0_14,0-14,f,Female,12
cri,Costa Rica,CRI,Americas,2024,0_14,0-14,m,Male,11
cri,Costa Rica,CRI,Americas,2024,0_4,0-4,a,All sexes,9
cri,Costa Rica,CRI,Americas,2024,0_4,0-4,f,Female,5
cri,Costa Rica,CRI,Americas,2024,0_4,0-4,m,Male,4
cri,Costa Rica,CRI,Americas,2024,10_14,10-14,a,All sexes,4
cri,Costa Rica,CRI,Americas,2024,10_14,10-14,f,Female,1
cri,Costa Rica,CRI,Americas,2024,10_14,10-14,m,Male,3
cri,Costa Rica,CRI,Americas,2024,15_19,15-19,a,All sexes,14
cri,Costa Rica,CRI,Americas,2024,15_19,15-19,f,Female,7
cri,Costa Rica,CRI,Americas,2024,15_19,15-19,m,Male,6
cri,Costa Rica,CRI,Americas,2024,15_24,15-24,a,All sexes,35
cri,Costa Rica,CRI,Americas,2024,15_24,15-24,f,Female,18
cri,Costa Rica,CRI,Americas,2024,15_24,15-24,m,Male,17
cri,Costa Rica,CRI,Americas,2024,15plus,15+,a,All sexes,460
cri,Costa Rica,CRI,Americas,2024,15plus,15+,f,Female,150
cri,Costa Rica,CRI,Americas,2024,15plus,15+,m,Male,310
cri,Costa Rica,CRI,Americas,2024,20_24,20-24,a,All sexes,21
cri,Costa Rica,CRI,Americas,2024,20_24,20-24,f,Female,11
cri,Costa Rica,CRI,Americas,2024,20_24,20-24,m,Male,11
cri,Costa Rica,CRI,Americas,2024,25_34,25-34,a,All sexes,88
cri,Costa Rica,CRI,Americas,2024,25_34,25-34,f,Female,25
cri,Costa Rica,CRI,Americas,2024,25_34,25-34,m,Male,63
cri,Costa Rica,CRI,Americas,2024,35_44,35-44,a,All sexes,80
cri,Costa Rica,CRI,Americas,2024,35_44,35-44,f,Female,18
cri,Costa Rica,CRI,Americas,2024,35_44,35-44,m,Male,62
cri,Costa Rica,CRI,Americas,2024,45_54,45-54,a,All sexes,67
cri,Costa Rica,CRI,Americas,2024,45_54,45-54,f,Female,23
cri,Costa Rica,CRI,Americas,2024,45_54,45-54,m,Male,44
cri,Costa Rica,CRI,Americas,2024,55_64,55-64,a,All sexes,76
cri,Costa Rica,CRI,Americas,2024,55_64,55-64,f,Female,28
cri,Costa Rica,CRI,Americas,2024,55_64,55-64,m,Male,47
cri,Costa Rica,CRI,Americas,2024,5_14,5-14,a,All sexes,13
cri,Costa Rica,CRI,Americas,2024,5_14,5-14,f,Female,6
cri,Costa Rica,CRI,Americas,2024,5_14,5-14,m,Male,6
cri,Costa Rica,CRI,Americas,2024,5_9,5-9,a,All sexes,8
cri,Costa Rica,CRI,Americas,2024,5_9,5-9,f,Female,5
cri,Costa Rica,CRI,Americas,2024,5_9,5-9,m,Male,3
cri,Costa Rica,CRI,Americas,2024,65plus,65+,a,All sexes,110
cri,Costa Rica,CRI,Americas,2024,65plus,65+,f,Female,38
cri,Costa Rica,CRI,Americas,2024,65plus,65+,m,Male,73
cri,Costa Rica,CRI,Americas,2024,all,All ages,a,All sexes,480
cri,Costa Rica,CRI,Americas,2024,all,All ages,f,Female,160
cri,Costa Rica,CRI,Americas,2024,all,All ages,m,Male,320
hrv,Croatia,HRV,Europe,2024,0_14,0-14,a,All sexes,3
hrv,Croatia,HRV,Europe,2024,0_14,0-14,f,Female,1
hrv,Croatia,HRV,Europe,2024,0_14,0-14,m,Male,2
hrv,Croatia,HRV,Europe,2024,0_4,0-4,a,All sexes,2
hrv,Croatia,HRV,Europe,2024,0_4,0-4,f,Female,0
hrv,Croatia,HRV,Europe,2024,0_4,0-4,m,Male,2
hrv,Croatia,HRV,Europe,2024,10_14,10-14,a,All sexes,0
hrv,Croatia,HRV,Europe,2024,10_14,10-14,f,Female,0
hrv,Croatia,HRV,Europe,2024,10_14,10-14,m,Male,0
hrv,Croatia,HRV,Europe,2024,15_19,15-19,a,All sexes,1
hrv,Croatia,HRV,Europe,2024,15_19,15-19,f,Female,1
hrv,Croatia,HRV,Europe,2024,15_19,15-19,m,Male,0
hrv,Croatia,HRV,Europe,2024,15_24,15-24,a,All sexes,10
hrv,Croatia,HRV,Europe,2024,15_24,15-24,f,Female,5
hrv,Croatia,HRV,Europe,2024,15_24,15-24,m,Male,5
hrv,Croatia,HRV,Europe,2024,15plus,15+,a,All sexes,250
hrv,Croatia,HRV,Europe,2024,15plus,15+,f,Female,86
hrv,Croatia,HRV,Europe,2024,15plus,15+,m,Male,170
hrv,Croatia,HRV,Europe,2024,20_24,20-24,a,All sexes,9
hrv,Croatia,HRV,Europe,2024,20_24,20-24,f,Female,4
hrv,Croatia,HRV,Europe,2024,20_24,20-24,m,Male,5
hrv,Croatia,HRV,Europe,2024,25_34,25-34,a,All sexes,26
hrv,Croatia,HRV,Europe,2024,25_34,25-34,f,Female,10
hrv,Croatia,HRV,Europe,2024,25_34,25-34,m,Male,16
hrv,Croatia,HRV,Europe,2024,35_44,35-44,a,All sexes,39
hrv,Croatia,HRV,Europe,2024,35_44,35-44,f,Female,12
hrv,Croatia,HRV,Europe,2024,35_44,35-44,m,Male,27
hrv,Croatia,HRV,Europe,2024,45_54,45-54,a,All sexes,35
hrv,Croatia,HRV,Europe,2024,45_54,45-54,f,Female,8
hrv,Croatia,HRV,Europe,2024,45_54,45-54,m,Male,27
hrv,Croatia,HRV,Europe,2024,55_64,55-64,a,All sexes,57
hrv,Croatia,HRV,Europe,2024,55_64,55-64,f,Female,14
hrv,Croatia,HRV,Europe,2024,55_64,55-64,m,Male,44
hrv,Croatia,HRV,Europe,2024,5_14,5-14,a,All sexes,1
hrv,Croatia,HRV,Europe,2024,5_14,5-14,f,Female,1
hrv,Croatia,HRV,Europe,2024,5_14,5-14,m,Male,0
hrv,Croatia,HRV,Europe,2024,5_9,5-9,a,All sexes,1
hrv,Croatia,HRV,Europe,2024,5_9,5-9,f,Female,1
hrv,Croatia,HRV,Europe,2024,5_9,5-9,m,Male,0
hrv,Croatia,HRV,Europe,2024,65plus,65+,a,All sexes,88
hrv,Croatia,HRV,Europe,2024,65plus,65+,f,Female,38
hrv,Croatia,HRV,Europe,2024,65plus,65+,m,Male,50
hrv,Croatia,HRV,Europe,2024,all,All ages,a,All sexes,260
hrv,Croatia,HRV,Europe,2024,all,All ages,f,Female,87
hrv,Croatia,HRV,Europe,2024,all,All ages,m,Male,170
cub,Cuba,CUB,Americas,2024,0_14,0-14,a,All sexes,21
cub,Cuba,CUB,Americas,2024,0_14,0-14,f,Female,12
cub,Cuba,CUB,Americas,2024,0_14,0-14,m,Male,9
cub,Cuba,CUB,Americas,2024,0_4,0-4,a,All sexes,11
cub,Cuba,CUB,Americas,2024,0_4,0-4,f,Female,5
cub,Cuba,CUB,Americas,2024,0_4,0-4,m,Male,6
cub,Cuba,CUB,Americas,2024,10_14,10-14,a,All sexes,4
cub,Cuba,CUB,Americas,2024,10_14,10-14,f,Female,2
cub,Cuba,CUB,Americas,2024,10_14,10-14,m,Male,1
cub,Cuba,CUB,Americas,2024,15_19,15-19,a,All sexes,27
cub,Cuba,CUB,Americas,2024,15_19,15-19,f,Female,7
cub,Cuba,CUB,Americas,2024,15_19,15-19,m,Male,20
cub,Cuba,CUB,Americas,2024,15_24,15-24,a,All sexes,96
cub,Cuba,CUB,Americas,2024,15_24,15-24,f,Female,31
cub,Cuba,CUB,Americas,2024,15_24,15-24,m,Male,65
cub,Cuba,CUB,Americas,2024,15plus,15+,a,All sexes,1200
cub,Cuba,CUB,Americas,2024,15plus,15+,f,Female,250
cub,Cuba,CUB,Americas,2024,15plus,15+,m,Male,980
cub,Cuba,CUB,Americas,2024,20_24,20-24,a,All sexes,69
cub,Cuba,CUB,Americas,2024,20_24,20-24,f,Female,24
cub,Cuba,CUB,Americas,2024,20_24,20-24,m,Male,45
cub,Cuba,CUB,Americas,2024,25_34,25-34,a,All sexes,210
cub,Cuba,CUB,Americas,2024,25_34,25-34,f,Female,40
cub,Cuba,CUB,Americas,2024,25_34,25-34,m,Male,170
cub,Cuba,CUB,Americas,2024,35_44,35-44,a,All sexes,250
cub,Cuba,CUB,Americas,2024,35_44,35-44,f,Female,43
cub,Cuba,CUB,Americas,2024,35_44,35-44,m,Male,200
cub,Cuba,CUB,Americas,2024,45_54,45-54,a,All sexes,270
cub,Cuba,CUB,Americas,2024,45_54,45-54,f,Female,43
cub,Cuba,CUB,Americas,2024,45_54,45-54,m,Male,230
cub,Cuba,CUB,Americas,2024,55_64,55-64,a,All sexes,260
cub,Cuba,CUB,Americas,2024,55_64,55-64,f,Female,51
cub,Cuba,CUB,Americas,2024,55_64,55-64,m,Male,200
cub,Cuba,CUB,Americas,2024,5_14,5-14,a,All sexes,11
cub,Cuba,CUB,Americas,2024,5_14,5-14,f,Female,7
cub,Cuba,CUB,Americas,2024,5_14,5-14,m,Male,4
cub,Cuba,CUB,Americas,2024,5_9,5-9,a,All sexes,7
cub,Cuba,CUB,Americas,2024,5_9,5-9,f,Female,5
cub,Cuba,CUB,Americas,2024,5_9,5-9,m,Male,2
cub,Cuba,CUB,Americas,2024,65plus,65+,a,All sexes,150
cub,Cuba,CUB,Americas,2024,65plus,65+,f,Female,43
cub,Cuba,CUB,Americas,2024,65plus,65+,m,Male,110
cub,Cuba,CUB,Americas,2024,all,All ages,a,All sexes,1300
cub,Cuba,CUB,Americas,2024,all,All ages,f,Female,260
cub,Cuba,CUB,Americas,2024,all,All ages,m,Male,990
cyp,Cyprus,CYP,Europe,2024,0_14,0-14,a,All sexes,0
cyp,Cyprus,CYP,Europe,2024,0_14,0-14,f,Female,0
cyp,Cyprus,CYP,Europe,2024,0_14,0-14,m,Male,0
cyp,Cyprus,CYP,Europe,2024,0_4,0-4,a,All sexes,0
cyp,Cyprus,CYP,Europe,2024,0_4,0-4,f,Female,0
cyp,Cyprus,CYP,Europe,2024,0_4,0-4,m,Male,0
cyp,Cyprus,CYP,Europe,2024,10_14,10-14,a,All sexes,0
cyp,Cyprus,CYP,Europe,2024,10_14,10-14,f,Female,0
cyp,Cyprus,CYP,Europe,2024,10_14,10-14,m,Male,0
cyp,Cyprus,CYP,Europe,2024,15_19,15-19,a,All sexes,1
cyp,Cyprus,CYP,Europe,2024,15_19,15-19,f,Female,1
cyp,Cyprus,CYP,Europe,2024,15_19,15-19,m,Male,0
cyp,Cyprus,CYP,Europe,2024,15_24,15-24,a,All sexes,18
cyp,Cyprus,CYP,Europe,2024,15_24,15-24,f,Female,5
cyp,Cyprus,CYP,Europe,2024,15_24,15-24,m,Male,13
cyp,Cyprus,CYP,Europe,2024,15plus,15+,a,All sexes,75
cyp,Cyprus,CYP,Europe,2024,15plus,15+,f,Female,24
cyp,Cyprus,CYP,Europe,2024,15plus,15+,m,Male,51
cyp,Cyprus,CYP,Europe,2024,20_24,20-24,a,All sexes,16
cyp,Cyprus,CYP,Europe,2024,20_24,20-24,f,Female,4
cyp,Cyprus,CYP,Europe,2024,20_24,20-24,m,Male,13
cyp,Cyprus,CYP,Europe,2024,25_34,25-34,a,All sexes,23
cyp,Cyprus,CYP,Europe,2024,25_34,25-34,f,Female,9
cyp,Cyprus,CYP,Europe,2024,25_34,25-34,m,Male,14
cyp,Cyprus,CYP,Europe,2024,35_44,35-44,a,All sexes,13
cyp,Cyprus,CYP,Europe,2024,35_44,35-44,f,Female,5
cyp,Cyprus,CYP,Europe,2024,35_44,35-44,m,Male,8
cyp,Cyprus,CYP,Europe,2024,45_54,45-54,a,All sexes,11
cyp,Cyprus,CYP,Europe,2024,45_54,45-54,f,Female,3
cyp,Cyprus,CYP,Europe,2024,45_54,45-54,m,Male,9
cyp,Cyprus,CYP,Europe,2024,55_64,55-64,a,All sexes,8
cyp,Cyprus,CYP,Europe,2024,55_64,55-64,f,Female,1
cyp,Cyprus,CYP,Europe,2024,55_64,55-64,m,Male,6
cyp,Cyprus,CYP,Europe,2024,5_14,5-14,a,All sexes,0
cyp,Cyprus,CYP,Europe,2024,5_14,5-14,f,Female,0
cyp,Cyprus,CYP,Europe,2024,5_14,5-14,m,Male,0
cyp,Cyprus,CYP,Europe,2024,5_9,5-9,a,All sexes,0
cyp,Cyprus,CYP,Europe,2024,5_9,5-9,f,Female,0
cyp,Cyprus,CYP,Europe,2024,5_9,5-9,m,Male,0
cyp,Cyprus,CYP,Europe,2024,65plus,65+,a,All sexes,4
cyp,Cyprus,CYP,Europe,2024,65plus,65+,f,Female,1
cyp,Cyprus,CYP,Europe,2024,65plus,65+,m,Male,3
cyp,Cyprus,CYP,Europe,2024,all,All ages,a,All sexes,75
cyp,Cyprus,CYP,Europe,2024,all,All ages,f,Female,24
cyp,Cyprus,CYP,Europe,2024,all,All ages,m,Male,51
cze,Czechia,CZE,Europe,2024,0_14,0-14,a,All sexes,20
cze,Czechia,CZE,Europe,2024,0_14,0-14,f,Female,13
cze,Czechia,CZE,Europe,2024,0_14,0-14,m,Male,7
cze,Czechia,CZE,Europe,2024,0_4,0-4,a,All sexes,6
cze,Czechia,CZE,Europe,2024,0_4,0-4,f,Female,4
cze,Czechia,CZE,Europe,2024,0_4,0-4,m,Male,2
cze,Czechia,CZE,Europe,2024,10_14,10-14,a,All sexes,8
cze,Czechia,CZE,Europe,2024,10_14,10-14,f,Female,6
cze,Czechia,CZE,Europe,2024,10_14,10-14,m,Male,2
cze,Czechia,CZE,Europe,2024,15_19,15-19,a,All sexes,5
cze,Czechia,CZE,Europe,2024,15_19,15-19,f,Female,1
cze,Czechia,CZE,Europe,2024,15_19,15-19,m,Male,4
cze,Czechia,CZE,Europe,2024,15_24,15-24,a,All sexes,26
cze,Czechia,CZE,Europe,2024,15_24,15-24,f,Female,6
cze,Czechia,CZE,Europe,2024,15_24,15-24,m,Male,20
cze,Czechia,CZE,Europe,2024,15plus,15+,a,All sexes,510
cze,Czechia,CZE,Europe,2024,15plus,15+,f,Female,120
cze,Czechia,CZE,Europe,2024,15plus,15+,m,Male,390
cze,Czechia,CZE,Europe,2024,20_24,20-24,a,All sexes,21
cze,Czechia,CZE,Europe,2024,20_24,20-24,f,Female,5
cze,Czechia,CZE,Europe,2024,20_24,20-24,m,Male,17
cze,Czechia,CZE,Europe,2024,25_34,25-34,a,All sexes,64
cze,Czechia,CZE,Europe,2024,25_34,25-34,f,Female,13
cze,Czechia,CZE,Europe,2024,25_34,25-34,m,Male,51
cze,Czechia,CZE,Europe,2024,35_44,35-44,a,All sexes,97
cze,Czechia,CZE,Europe,2024,35_44,35-44,f,Female,20
cze,Czechia,CZE,Europe,2024,35_44,35-44,m,Male,77
cze,Czechia,CZE,Europe,2024,45_54,45-54,a,All sexes,140
cze,Czechia,CZE,Europe,2024,45_54,45-54,f,Female,26
cze,Czechia,CZE,Europe,2024,45_54,45-54,m,Male,120
cze,Czechia,CZE,Europe,2024,55_64,55-64,a,All sexes,69
cze,Czechia,CZE,Europe,2024,55_64,55-64,f,Female,18
cze,Czechia,CZE,Europe,2024,55_64,55-64,m,Male,51
cze,Czechia,CZE,Europe,2024,5_14,5-14,a,All sexes,14
cze,Czechia,CZE,Europe,2024,5_14,5-14,f,Female,9
cze,Czechia,CZE,Europe,2024,5_14,5-14,m,Male,5
cze,Czechia,CZE,Europe,2024,5_9,5-9,a,All sexes,6
cze,Czechia,CZE,Europe,2024,5_9,5-9,f,Female,4
cze,Czechia,CZE,Europe,2024,5_9,5-9,m,Male,2
cze,Czechia,CZE,Europe,2024,65plus,65+,a,All sexes,110
cze,Czechia,CZE,Europe,2024,65plus,65+,f,Female,39
cze,Czechia,CZE,Europe,2024,65plus,65+,m,Male,71
cze,Czechia,CZE,Europe,2024,all,All ages,a,All sexes,530
cze,Czechia,CZE,Europe,2024,all,All ages,f,Female,140
cze,Czechia,CZE,Europe,2024,all,All ages,m,Male,400
civ,Côte d'Ivoire,CIV,Africa,2024,0_14,0-14,a,All sexes,3000
civ,Côte d'Ivoire,CIV,Africa,2024,0_14,0-14,f,Female,1400
civ,Côte d'Ivoire,CIV,Africa,2024,0_14,0-14,m,Male,1600
civ,Côte d'Ivoire,CIV,Africa,2024,0_4,0-4,a,All sexes,1500
civ,Côte d'Ivoire,CIV,Africa,2024,0_4,0-4,f,Female,660
civ,Côte d'Ivoire,CIV,Africa,2024,0_4,0-4,m,Male,810
civ,Côte d'Ivoire,CIV,Africa,2024,10_14,10-14,a,All sexes,790
civ,Côte d'Ivoire,CIV,Africa,2024,10_14,10-14,f,Female,400
civ,Côte d'Ivoire,CIV,Africa,2024,10_14,10-14,m,Male,400
civ,Côte d'Ivoire,CIV,Africa,2024,15_19,15-19,a,All sexes,2200
civ,Côte d'Ivoire,CIV,Africa,2024,15_19,15-19,f,Female,890
civ,Côte d'Ivoire,CIV,Africa,2024,15_19,15-19,m,Male,1400
civ,Côte d'Ivoire,CIV,Africa,2024,15_24,15-24,a,All sexes,4700
civ,Côte d'Ivoire,CIV,Africa,2024,15_24,15-24,f,Female,1900
civ,Côte d'Ivoire,CIV,Africa,2024,15_24,15-24,m,Male,2800
civ,Côte d'Ivoire,CIV,Africa,2024,15plus,15+,a,All sexes,29000
civ,Côte d'Ivoire,CIV,Africa,2024,15plus,15+,f,Female,10000
civ,Côte d'Ivoire,CIV,Africa,2024,15plus,15+,m,Male,18000
civ,Côte d'Ivoire,CIV,Africa,2024,20_24,20-24,a,All sexes,2400
civ,Côte d'Ivoire,CIV,Africa,2024,20_24,20-24,f,Female,980
civ,Côte d'Ivoire,CIV,Africa,2024,20_24,20-24,m,Male,1400
civ,Côte d'Ivoire,CIV,Africa,2024,25_34,25-34,a,All sexes,6900
civ,Côte d'Ivoire,CIV,Africa,2024,25_34,25-34,f,Female,2500
civ,Côte d'Ivoire,CIV,Africa,2024,25_34,25-34,m,Male,4400
civ,Côte d'Ivoire,CIV,Africa,2024,35_44,35-44,a,All sexes,7100
civ,Côte d'Ivoire,CIV,Africa,2024,35_44,35-44,f,Female,2400
civ,Côte d'Ivoire,CIV,Africa,2024,35_44,35-44,m,Male,4600
civ,Côte d'Ivoire,CIV,Africa,2024,45_54,45-54,a,All sexes,4800
civ,Côte d'Ivoire,CIV,Africa,2024,45_54,45-54,f,Female,1500
civ,Côte d'Ivoire,CIV,Africa,2024,45_54,45-54,m,Male,3200
civ,Côte d'Ivoire,CIV,Africa,2024,55_64,55-64,a,All sexes,2900
civ,Côte d'Ivoire,CIV,Africa,2024,55_64,55-64,f,Female,1000
civ,Côte d'Ivoire,CIV,Africa,2024,55_64,55-64,m,Male,1800
civ,Côte d'Ivoire,CIV,Africa,2024,5_14,5-14,a,All sexes,1500
civ,Côte d'Ivoire,CIV,Africa,2024,5_14,5-14,f,Female,760
civ,Côte d'Ivoire,CIV,Africa,2024,5_14,5-14,m,Male,760
civ,Côte d'Ivoire,CIV,Africa,2024,5_9,5-9,a,All sexes,730
civ,Côte d'Ivoire,CIV,Africa,2024,5_9,5-9,f,Female,370
civ,Côte d'Ivoire,CIV,Africa,2024,5_9,5-9,m,Male,360
civ,Côte d'Ivoire,CIV,Africa,2024,65plus,65+,a,All sexes,2400
civ,Côte d'Ivoire,CIV,Africa,2024,65plus,65+,f,Female,920
civ,Côte d'Ivoire,CIV,Africa,2024,65plus,65+,m,Male,1400
civ,Côte d'Ivoire,CIV,Africa,2024,all,All ages,a,All sexes,32000
civ,Côte d'Ivoire,CIV,Africa,2024,all,All ages,f,Female,12000
civ,Côte d'Ivoire,CIV,Africa,2024,all,All ages,m,Male,20000
cod,Democratic Republic of the Congo,COD,Africa,2024,0_14,0-14,a,All sexes,59000
cod,Democratic Republic of the Congo,COD,Africa,2024,0_14,0-14,f,Female,29000
cod,Democratic Republic of the Congo,COD,Africa,2024,0_14,0-14,m,Male,30000
cod,Democratic Republic of the Congo,COD,Africa,2024,0_4,0-4,a,All sexes,21000
cod,Democratic Republic of the Congo,COD,Africa,2024,0_4,0-4,f,Female,9400
cod,Democratic Republic of the Congo,COD,Africa,2024,0_4,0-4,m,Male,11000
cod,Democratic Republic of the Congo,COD,Africa,2024,10_14,10-14,a,All sexes,20000
cod,Democratic Republic of the Congo,COD,Africa,2024,10_14,10-14,f,Female,10000
cod,Democratic Republic of the Congo,COD,Africa,2024,10_14,10-14,m,Male,10000
cod,Democratic Republic of the Congo,COD,Africa,2024,15_19,15-19,a,All sexes,31000
cod,Democratic Republic of the Congo,COD,Africa,2024,15_19,15-19,f,Female,14000
cod,Democratic Republic of the Congo,COD,Africa,2024,15_19,15-19,m,Male,17000
cod,Democratic Republic of the Congo,COD,Africa,2024,15_24,15-24,a,All sexes,66000
cod,Democratic Republic of the Congo,COD,Africa,2024,15_24,15-24,f,Female,30000
cod,Democratic Republic of the Congo,COD,Africa,2024,15_24,15-24,m,Male,36000
cod,Democratic Republic of the Congo,COD,Africa,2024,15plus,15+,a,All sexes,353000
cod,Democratic Republic of the Congo,COD,Africa,2024,15plus,15+,f,Female,147000
cod,Democratic Republic of the Congo,COD,Africa,2024,15plus,15+,m,Male,206000
cod,Democratic Republic of the Congo,COD,Africa,2024,20_24,20-24,a,All sexes,34000
cod,Democratic Republic of the Congo,COD,Africa,2024,20_24,20-24,f,Female,15000
cod,Democratic Republic of the Congo,COD,Africa,2024,20_24,20-24,m,Male,19000
cod,Democratic Republic of the Congo,COD,Africa,2024,25_34,25-34,a,All sexes,78000
cod,Democratic Republic of the Congo,COD,Africa,2024,25_34,25-34,f,Female,31000
cod,Democratic Republic of the Congo,COD,Africa,2024,25_34,25-34,m,Male,47000
cod,Democratic Republic of the Congo,COD,Africa,2024,35_44,35-44,a,All sexes,75000
cod,Democratic Republic of the Congo,COD,Africa,2024,35_44,35-44,f,Female,30000
cod,Democratic Republic of the Congo,COD,Africa,2024,35_44,35-44,m,Male,45000
cod,Democratic Republic of the Congo,COD,Africa,2024,45_54,45-54,a,All sexes,59000
cod,Democratic Republic of the Congo,COD,Africa,2024,45_54,45-54,f,Female,24000
cod,Democratic Republic of the Congo,COD,Africa,2024,45_54,45-54,m,Male,35000
cod,Democratic Republic of the Congo,COD,Africa,2024,55_64,55-64,a,All sexes,44000
cod,Democratic Republic of the Congo,COD,Africa,2024,55_64,55-64,f,Female,19000
cod,Democratic Republic of the Congo,COD,Africa,2024,55_64,55-64,m,Male,25000
cod,Democratic Republic of the Congo,COD,Africa,2024,5_14,5-14,a,All sexes,38000
cod,Democratic Republic of the Congo,COD,Africa,2024,5_14,5-14,f,Female,19000
cod,Democratic Republic of the Congo,COD,Africa,2024,5_14,5-14,m,Male,19000
cod,Democratic Republic of the Congo,COD,Africa,2024,5_9,5-9,a,All sexes,18000
cod,Democratic Republic of the Congo,COD,Africa,2024,5_9,5-9,f,Female,9100
cod,Democratic Republic of the Congo,COD,Africa,2024,5_9,5-9,m,Male,9200
cod,Democratic Republic of the Congo,COD,Africa,2024,65plus,65+,a,All sexes,32000
cod,Democratic Republic of the Congo,COD,Africa,2024,65plus,65+,f,Female,13000
cod,Democratic Republic of the Congo,COD,Africa,2024,65plus,65+,m,Male,18000
cod,Democratic Republic of the Congo,COD,Africa,2024,all,All ages,a,All sexes,412000
cod,Democratic Republic of the Congo,COD,Africa,2024,all,All ages,f,Female,176000
cod,Democratic Republic of the Congo,COD,Africa,2024,all,All ages,m,Male,236000
dnk,Denmark,DNK,Europe,2024,0_14,0-14,a,All sexes,11
dnk,Denmark,DNK,Europe,2024,0_14,0-14,f,Female,8
dnk,Denmark,DNK,Europe,2024,0_14,0-14,m,Male,3
dnk,Denmark,DNK,Europe,2024,0_4,0-4,a,All sexes,4
dnk,Denmark,DNK,Europe,2024,0_4,0-4,f,Female,3
dnk,Denmark,DNK,Europe,2024,0_4,0-4,m,Male,1
dnk,Denmark,DNK,Europe,2024,10_14,10-14,a,All sexes,7
dnk,Denmark,DNK,Europe,2024,10_14,10-14,f,Female,4
dnk,Denmark,DNK,Europe,2024,10_14,10-14,m,Male,2
dnk,Denmark,DNK,Europe,2024,15_19,15-19,a,All sexes,3
dnk,Denmark,DNK,Europe,2024,15_19,15-19,f,Female,1
dnk,Denmark,DNK,Europe,2024,15_19,15-19,m,Male,2
dnk,Denmark,DNK,Europe,2024,15_24,15-24,a,All sexes,18
dnk,Denmark,DNK,Europe,2024,15_24,15-24,f,Female,9
dnk,Denmark,DNK,Europe,2024,15_24,15-24,m,Male,9
dnk,Denmark,DNK,Europe,2024,15plus,15+,a,All sexes,180
dnk,Denmark,DNK,Europe,2024,15plus,15+,f,Female,72
dnk,Denmark,DNK,Europe,2024,15plus,15+,m,Male,110
dnk,Denmark,DNK,Europe,2024,20_24,20-24,a,All sexes,14
dnk,Denmark,DNK,Europe,2024,20_24,20-24,f,Female,8
dnk,Denmark,DNK,Europe,2024,20_24,20-24,m,Male,7
dnk,Denmark,DNK,Europe,2024,25_34,25-34,a,All sexes,38
dnk,Denmark,DNK,Europe,2024,25_34,25-34,f,Female,18
dnk,Denmark,DNK,Europe,2024,25_34,25-34,m,Male,20
dnk,Denmark,DNK,Europe,2024,35_44,35-44,a,All sexes,32
dnk,Denmark,DNK,Europe,2024,35_44,35-44,f,Female,14
dnk,Denmark,DNK,Europe,2024,35_44,35-44,m,Male,18
dnk,Denmark,DNK,Europe,2024,45_54,45-54,a,All sexes,32
dnk,Denmark,DNK,Europe,2024,45_54,45-54,f,Female,9
dnk,Denmark,DNK,Europe,2024,45_54,45-54,m,Male,23
dnk,Denmark,DNK,Europe,2024,55_64,55-64,a,All sexes,28
dnk,Denmark,DNK,Europe,2024,55_64,55-64,f,Female,9
dnk,Denmark,DNK,Europe,2024,55_64,55-64,m,Male,19
dnk,Denmark,DNK,Europe,2024,5_14,5-14,a,All sexes,7
dnk,Denmark,DNK,Europe,2024,5_14,5-14,f,Female,4
dnk,Denmark,DNK,Europe,2024,5_14,5-14,m,Male,2
dnk,Denmark,DNK,Europe,2024,5_9,5-9,a,All sexes,0
dnk,Denmark,DNK,Europe,2024,5_9,5-9,f,Female,0
dnk,Denmark,DNK,Europe,2024,5_9,5-9,m,Male,0
dnk,Denmark,DNK,Europe,2024,65plus,65+,a,All sexes,33
dnk,Denmark,DNK,Europe,2024,65plus,65+,f,Female,13
dnk,Denmark,DNK,Europe,2024,65plus,65+,m,Male,20
dnk,Denmark,DNK,Europe,2024,all,All ages,a,All sexes,190
dnk,Denmark,DNK,Europe,2024,all,All ages,f,Female,79
dnk,Denmark,DNK,Europe,2024,all,All ages,m,Male,110
dji,Djibouti,DJI,Eastern Mediterranean,2024,0_14,0-14,a,All sexes,310
dji,Djibouti,DJI,Eastern Mediterranean,2024,0_14,0-14,f,Female,160
dji,Djibouti,DJI,Eastern Mediterranean,2024,0_14,0-14,m,Male,150
dji,Djibouti,DJI,Eastern Mediterranean,2024,0_4,0-4,a,All sexes,30
dji,Djibouti,DJI,Eastern Mediterranean,2024,0_4,0-4,f,Female,6
dji,Djibouti,DJI,Eastern Mediterranean,2024,0_4,0-4,m,Male,24
dji,Djibouti,DJI,Eastern Mediterranean,2024,10_14,10-14,a,All sexes,160
dji,Djibouti,DJI,Eastern Mediterranean,2024,10_14,10-14,f,Female,91
dji,Djibouti,DJI,Eastern Mediterranean,2024,10_14,10-14,m,Male,67
dji,Djibouti,DJI,Eastern Mediterranean,2024,15_19,15-19,a,All sexes,700
dji,Djibouti,DJI,Eastern Mediterranean,2024,15_19,15-19,f,Female,270
dji,Djibouti,DJI,Eastern Mediterranean,2024,15_19,15-19,m,Male,430
dji,Djibouti,DJI,Eastern Mediterranean,2024,15_24,15-24,a,All sexes,1600
dji,Djibouti,DJI,Eastern Mediterranean,2024,15_24,15-24,f,Female,610
dji,Djibouti,DJI,Eastern Mediterranean,2024,15_24,15-24,m,Male,960
dji,Djibouti,DJI,Eastern Mediterranean,2024,15plus,15+,a,All sexes,5500
dji,Djibouti,DJI,Eastern Mediterranean,2024,15plus,15+,f,Female,2000
dji,Djibouti,DJI,Eastern Mediterranean,2024,15plus,15+,m,Male,3500
dji,Djibouti,DJI,Eastern Mediterranean,2024,20_24,20-24,a,All sexes,880
dji,Djibouti,DJI,Eastern Mediterranean,2024,20_24,20-24,f,Female,340
dji,Djibouti,DJI,Eastern Mediterranean,2024,20_24,20-24,m,Male,540
dji,Djibouti,DJI,Eastern Mediterranean,2024,25_34,25-34,a,All sexes,1400
dji,Djibouti,DJI,Eastern Mediterranean,2024,25_34,25-34,f,Female,470
dji,Djibouti,DJI,Eastern Mediterranean,2024,25_34,25-34,m,Male,940
dji,Djibouti,DJI,Eastern Mediterranean,2024,35_44,35-44,a,All sexes,1000
dji,Djibouti,DJI,Eastern Mediterranean,2024,35_44,35-44,f,Female,380
dji,Djibouti,DJI,Eastern Mediterranean,2024,35_44,35-44,m,Male,670
dji,Djibouti,DJI,Eastern Mediterranean,2024,45_54,45-54,a,All sexes,770
dji,Djibouti,DJI,Eastern Mediterranean,2024,45_54,45-54,f,Female,290
dji,Djibouti,DJI,Eastern Mediterranean,2024,45_54,45-54,m,Male,470
dji,Djibouti,DJI,Eastern Mediterranean,2024,55_64,55-64,a,All sexes,440
dji,Djibouti,DJI,Eastern Mediterranean,2024,55_64,55-64,f,Female,190
dji,Djibouti,DJI,Eastern Mediterranean,2024,55_64,55-64,m,Male,260
dji,Djibouti,DJI,Eastern Mediterranean,2024,5_14,5-14,a,All sexes,280
dji,Djibouti,DJI,Eastern Mediterranean,2024,5_14,5-14,f,Female,160
dji,Djibouti,DJI,Eastern Mediterranean,2024,5_14,5-14,m,Male,120
dji,Djibouti,DJI,Eastern Mediterranean,2024,5_9,5-9,a,All sexes,120
dji,Djibouti,DJI,Eastern Mediterranean,2024,5_9,5-9,f,Female,67
dji,Djibouti,DJI,Eastern Mediterranean,2024,5_9,5-9,m,Male,55
dji,Djibouti,DJI,Eastern Mediterranean,2024,65plus,65+,a,All sexes,230
dji,Djibouti,DJI,Eastern Mediterranean,2024,65plus,65+,f,Female,67
dji,Djibouti,DJI,Eastern Mediterranean,2024,65plus,65+,m,Male,160
dji,Djibouti,DJI,Eastern Mediterranean,2024,all,All ages,a,All sexes,5800
dji,Djibouti,DJI,Eastern Mediterranean,2024,all,All ages,f,Female,2200
dji,Djibouti,DJI,Eastern Mediterranean,2024,all,All ages,m,Male,3600
dom,Dominican Republic,DOM,Americas,2024,0_14,0-14,a,All sexes,160
dom,Dominican Republic,DOM,Americas,2024,0_14,0-14,f,Female,74
dom,Dominican Republic,DOM,Americas,2024,0_14,0-14,m,Male,83
dom,Dominican Republic,DOM,Americas,2024,0_4,0-4,a,All sexes,53
dom,Dominican Republic,DOM,Americas,2024,0_4,0-4,f,Female,18
dom,Dominican Republic,DOM,Americas,2024,0_4,0-4,m,Male,35
dom,Dominican Republic,DOM,Americas,2024,10_14,10-14,a,All sexes,53
dom,Dominican Republic,DOM,Americas,2024,10_14,10-14,f,Female,32
dom,Dominican Republic,DOM,Americas,2024,10_14,10-14,m,Male,21
dom,Dominican Republic,DOM,Americas,2024,15_19,15-19,a,All sexes,180
dom,Dominican Republic,DOM,Americas,2024,15_19,15-19,f,Female,92
dom,Dominican Republic,DOM,Americas,2024,15_19,15-19,m,Male,87
dom,Dominican Republic,DOM,Americas,2024,15_24,15-24,a,All sexes,630
dom,Dominican Republic,DOM,Americas,2024,15_24,15-24,f,Female,280
dom,Dominican Republic,DOM,Americas,2024,15_24,15-24,m,Male,350
dom,Dominican Republic,DOM,Americas,2024,15plus,15+,a,All sexes,5700
dom,Dominican Republic,DOM,Americas,2024,15plus,15+,f,Female,1900
dom,Dominican Republic,DOM,Americas,2024,15plus,15+,m,Male,3800
dom,Dominican Republic,DOM,Americas,2024,20_24,20-24,a,All sexes,450
dom,Dominican Republic,DOM,Americas,2024,20_24,20-24,f,Female,190
dom,Dominican Republic,DOM,Americas,2024,20_24,20-24,m,Male,260
dom,Dominican Republic,DOM,Americas,2024,25_34,25-34,a,All sexes,1400
dom,Dominican Republic,DOM,Americas,2024,25_34,25-34,f,Female,460
dom,Dominican Republic,DOM,Americas,2024,25_34,25-34,m,Male,980
dom,Dominican Republic,DOM,Americas,2024,35_44,35-44,a,All sexes,1200
dom,Dominican Republic,DOM,Americas,2024,35_44,35-44,f,Female,350
dom,Dominican Republic,DOM,Americas,2024,35_44,35-44,m,Male,890
dom,Dominican Republic,DOM,Americas,2024,45_54,45-54,a,All sexes,980
dom,Dominican Republic,DOM,Americas,2024,45_54,45-54,f,Female,300
dom,Dominican Republic,DOM,Americas,2024,45_54,45-54,m,Male,680
dom,Dominican Republic,DOM,Americas,2024,55_64,55-64,a,All sexes,720
dom,Dominican Republic,DOM,Americas,2024,55_64,55-64,f,Female,230
dom,Dominican Republic,DOM,Americas,2024,55_64,55-64,m,Male,490
dom,Dominican Republic,DOM,Americas,2024,5_14,5-14,a,All sexes,100
dom,Dominican Republic,DOM,Americas,2024,5_14,5-14,f,Female,56
dom,Dominican Republic,DOM,Americas,2024,5_14,5-14,m,Male,48
dom,Dominican Republic,DOM,Americas,2024,5_9,5-9,a,All sexes,51
dom,Dominican Republic,DOM,Americas,2024,5_9,5-9,f,Female,23
dom,Dominican Republic,DOM,Americas,2024,5_9,5-9,m,Male,27
dom,Dominican Republic,DOM,Americas,2024,65plus,65+,a,All sexes,660
dom,Dominican Republic,DOM,Americas,2024,65plus,65+,f,Female,230
dom,Dominican Republic,DOM,Americas,2024,65plus,65+,m,Male,420
dom,Dominican Republic,DOM,Americas,2024,all,All ages,a,All sexes,5800
dom,Dominican Republic,DOM,Americas,2024,all,All ages,f,Female,1900
dom,Dominican Republic,DOM,Americas,2024,all,All ages,m,Male,3900
ecu,Ecuador,ECU,Americas,2024,0_14,0-14,a,All sexes,550
ecu,Ecuador,ECU,Americas,2024,0_14,0-14,f,Female,240
ecu,Ecuador,ECU,Americas,2024,0_14,0-14,m,Male,310
ecu,Ecuador,ECU,Americas,2024,0_4,0-4,a,All sexes,230
ecu,Ecuador,ECU,Americas,2024,0_4,0-4,f,Female,100
ecu,Ecuador,ECU,Americas,2024,0_4,0-4,m,Male,130
ecu,Ecuador,ECU,Americas,2024,10_14,10-14,a,All sexes,220
ecu,Ecuador,ECU,Americas,2024,10_14,10-14,f,Female,92
ecu,Ecuador,ECU,Americas,2024,10_14,10-14,m,Male,130
ecu,Ecuador,ECU,Americas,2024,15_19,15-19,a,All sexes,710
ecu,Ecuador,ECU,Americas,2024,15_19,15-19,f,Female,170
ecu,Ecuador,ECU,Americas,2024,15_19,15-19,m,Male,550
ecu,Ecuador,ECU,Americas,2024,15_24,15-24,a,All sexes,2200
ecu,Ecuador,ECU,Americas,2024,15_24,15-24,f,Female,520
ecu,Ecuador,ECU,Americas,2024,15_24,15-24,m,Male,1700
ecu,Ecuador,ECU,Americas,2024,15plus,15+,a,All sexes,11000
ecu,Ecuador,ECU,Americas,2024,15plus,15+,f,Female,3000
ecu,Ecuador,ECU,Americas,2024,15plus,15+,m,Male,8400
ecu,Ecuador,ECU,Americas,2024,20_24,20-24,a,All sexes,1500
ecu,Ecuador,ECU,Americas,2024,20_24,20-24,f,Female,360
ecu,Ecuador,ECU,Americas,2024,20_24,20-24,m,Male,1200
ecu,Ecuador,ECU,Americas,2024,25_34,25-34,a,All sexes,3200
ecu,Ecuador,ECU,Americas,2024,25_34,25-34,f,Female,610
ecu,Ecuador,ECU,Americas,2024,25_34,25-34,m,Male,2600
ecu,Ecuador,ECU,Americas,2024,35_44,35-44,a,All sexes,2000
ecu,Ecuador,ECU,Americas,2024,35_44,35-44,f,Female,490
ecu,Ecuador,ECU,Americas,2024,35_44,35-44,m,Male,1500
ecu,Ecuador,ECU,Americas,2024,45_54,45-54,a,All sexes,1500
ecu,Ecuador,ECU,Americas,2024,45_54,45-54,f,Female,470
ecu,Ecuador,ECU,Americas,2024,45_54,45-54,m,Male,1000
ecu,Ecuador,ECU,Americas,2024,55_64,55-64,a,All sexes,1200
ecu,Ecuador,ECU,Americas,2024,55_64,55-64,f,Female,400
ecu,Ecuador,ECU,Americas,2024,55_64,55-64,m,Male,780
ecu,Ecuador,ECU,Americas,2024,5_14,5-14,a,All sexes,320
ecu,Ecuador,ECU,Americas,2024,5_14,5-14,f,Female,130
ecu,Ecuador,ECU,Americas,2024,5_14,5-14,m,Male,180
ecu,Ecuador,ECU,Americas,2024,5_9,5-9,a,All sexes,100
ecu,Ecuador,ECU,Americas,2024,5_9,5-9,f,Female,42
ecu,Ecuador,ECU,Americas,2024,5_9,5-9,m,Male,58
ecu,Ecuador,ECU,Americas,2024,65plus,65+,a,All sexes,1400
ecu,Ecuador,ECU,Americas,2024,65plus,65+,f,Female,520
ecu,Ecuador,ECU,Americas,2024,65plus,65+,m,Male,890
ecu,Ecuador,ECU,Americas,2024,all,All ages,a,All sexes,12000
ecu,Ecuador,ECU,Americas,2024,all,All ages,f,Female,3300
ecu,Ecuador,ECU,Americas,2024,all,All ages,m,Male,8800
egy,Egypt,EGY,Eastern Mediterranean,2024,0_14,0-14,a,All sexes,670
egy,Egypt,EGY,Eastern Mediterranean,2024,0_14,0-14,f,Female,310
egy,Egypt,EGY,Eastern Mediterranean,2024,0_14,0-14,m,Male,360
egy,Egypt,EGY,Eastern Mediterranean,2024,0_4,0-4,a,All sexes,130
egy,Egypt,EGY,Eastern Mediterranean,2024,0_4,0-4,f,Female,43
egy,Egypt,EGY,Eastern Mediterranean,2024,0_4,0-4,m,Male,88
egy,Egypt,EGY,Eastern Mediterranean,2024,10_14,10-14,a,All sexes,300
egy,Egypt,EGY,Eastern Mediterranean,2024,10_14,10-14,f,Female,150
egy,Egypt,EGY,Eastern Mediterranean,2024,10_14,10-14,m,Male,150
egy,Egypt,EGY,Eastern Mediterranean,2024,15_19,15-19,a,All sexes,1100
egy,Egypt,EGY,Eastern Mediterranean,2024,15_19,15-19,f,Female,400
egy,Egypt,EGY,Eastern Mediterranean,2024,15_19,15-19,m,Male,710
egy,Egypt,EGY,Eastern Mediterranean,2024,15_24,15-24,a,All sexes,2500
egy,Egypt,EGY,Eastern Mediterranean,2024,15_24,15-24,f,Female,900
egy,Egypt,EGY,Eastern Mediterranean,2024,15_24,15-24,m,Male,1600
egy,Egypt,EGY,Eastern Mediterranean,2024,15plus,15+,a,All sexes,11000
egy,Egypt,EGY,Eastern Mediterranean,2024,15plus,15+,f,Female,3200
egy,Egypt,EGY,Eastern Mediterranean,2024,15plus,15+,m,Male,7800
egy,Egypt,EGY,Eastern Mediterranean,2024,20_24,20-24,a,All sexes,1400
egy,Egypt,EGY,Eastern Mediterranean,2024,20_24,20-24,f,Female,500
egy,Egypt,EGY,Eastern Mediterranean,2024,20_24,20-24,m,Male,890
egy,Egypt,EGY,Eastern Mediterranean,2024,25_34,25-34,a,All sexes,3100
egy,Egypt,EGY,Eastern Mediterranean,2024,25_34,25-34,f,Female,740
egy,Egypt,EGY,Eastern Mediterranean,2024,25_34,25-34,m,Male,2400
egy,Egypt,EGY,Eastern Mediterranean,2024,35_44,35-44,a,All sexes,2400
egy,Egypt,EGY,Eastern Mediterranean,2024,35_44,35-44,f,Female,590
egy,Egypt,EGY,Eastern Mediterranean,2024,35_44,35-44,m,Male,1800
egy,Egypt,EGY,Eastern Mediterranean,2024,45_54,45-54,a,All sexes,1300
egy,Egypt,EGY,Eastern Mediterranean,2024,45_54,45-54,f,Female,430
egy,Egypt,EGY,Eastern Mediterranean,2024,45_54,45-54,m,Male,890
egy,Egypt,EGY,Eastern Mediterranean,2024,55_64,55-64,a,All sexes,1000
egy,Egypt,EGY,Eastern Mediterranean,2024,55_64,55-64,f,Female,300
egy,Egypt,EGY,Eastern Mediterranean,2024,55_64,55-64,m,Male,710
egy,Egypt,EGY,Eastern Mediterranean,2024,5_14,5-14,a,All sexes,540
egy,Egypt,EGY,Eastern Mediterranean,2024,5_14,5-14,f,Female,270
egy,Egypt,EGY,Eastern Mediterranean,2024,5_14,5-14,m,Male,270
egy,Egypt,EGY,Eastern Mediterranean,2024,5_9,5-9,a,All sexes,240
egy,Egypt,EGY,Eastern Mediterranean,2024,5_9,5-9,f,Female,120
egy,Egypt,EGY,Eastern Mediterranean,2024,5_9,5-9,m,Male,120
egy,Egypt,EGY,Eastern Mediterranean,2024,65plus,65+,a,All sexes,760
egy,Egypt,EGY,Eastern Mediterranean,2024,65plus,65+,f,Female,290
egy,Egypt,EGY,Eastern Mediterranean,2024,65plus,65+,m,Male,470
egy,Egypt,EGY,Eastern Mediterranean,2024,all,All ages,a,All sexes,12000
egy,Egypt,EGY,Eastern Mediterranean,2024,all,All ages,f,Female,3600
egy,Egypt,EGY,Eastern Mediterranean,2024,all,All ages,m,Male,8200
slv,El Salvador,SLV,Americas,2024,0_14,0-14,a,All sexes,170
slv,El Salvador,SLV,Americas,2024,0_14,0-14,f,Female,81
slv,El Salvador,SLV,Americas,2024,0_14,0-14,m,Male,91
slv,El Salvador,SLV,Americas,2024,0_4,0-4,a,All sexes,56
slv,El Salvador,SLV,Americas,2024,0_4,0-4,f,Female,32
slv,El Salvador,SLV,Americas,2024,0_4,0-4,m,Male,24
slv,El Salvador,SLV,Americas,2024,10_14,10-14,a,All sexes,80
slv,El Salvador,SLV,Americas,2024,10_14,10-14,f,Female,34
slv,El Salvador,SLV,Americas,2024,10_14,10-14,m,Male,46
slv,El Salvador,SLV,Americas,2024,15_19,15-19,a,All sexes,310
slv,El Salvador,SLV,Americas,2024,15_19,15-19,f,Female,33
slv,El Salvador,SLV,Americas,2024,15_19,15-19,m,Male,280
slv,El Salvador,SLV,Americas,2024,15_24,15-24,a,All sexes,990
slv,El Salvador,SLV,Americas,2024,15_24,15-24,f,Female,100
slv,El Salvador,SLV,Americas,2024,15_24,15-24,m,Male,890
slv,El Salvador,SLV,Americas,2024,15plus,15+,a,All sexes,7200
slv,El Salvador,SLV,Americas,2024,15plus,15+,f,Female,1000
slv,El Salvador,SLV,Americas,2024,15plus,15+,m,Male,6100
slv,El Salvador,SLV,Americas,2024,20_24,20-24,a,All sexes,680
slv,El Salvador,SLV,Americas,2024,20_24,20-24,f,Female,70
slv,El Salvador,SLV,Americas,2024,20_24,20-24,m,Male,610
slv,El Salvador,SLV,Americas,2024,25_34,25-34,a,All sexes,2700
slv,El Salvador,SLV,Americas,2024,25_34,25-34,f,Female,170
slv,El Salvador,SLV,Americas,2024,25_34,25-34,m,Male,2600
slv,El Salvador,SLV,Americas,2024,35_44,35-44,a,All sexes,1600
slv,El Salvador,SLV,Americas,2024,35_44,35-44,f,Female,150
slv,El Salvador,SLV,Americas,2024,35_44,35-44,m,Male,1500
slv,El Salvador,SLV,Americas,2024,45_54,45-54,a,All sexes,840
slv,El Salvador,SLV,Americas,2024,45_54,45-54,f,Female,190
slv,El Salvador,SLV,Americas,2024,45_54,45-54,m,Male,650
slv,El Salvador,SLV,Americas,2024,55_64,55-64,a,All sexes,430
slv,El Salvador,SLV,Americas,2024,55_64,55-64,f,Female,180
slv,El Salvador,SLV,Americas,2024,55_64,55-64,m,Male,250
slv,El Salvador,SLV,Americas,2024,5_14,5-14,a,All sexes,120
slv,El Salvador,SLV,Americas,2024,5_14,5-14,f,Female,49
slv,El Salvador,SLV,Americas,2024,5_14,5-14,m,Male,67
slv,El Salvador,SLV,Americas,2024,5_9,5-9,a,All sexes,37
slv,El Salvador,SLV,Americas,2024,5_9,5-9,f,Female,15
slv,El Salvador,SLV,Americas,2024,5_9,5-9,m,Male,22
slv,El Salvador,SLV,Americas,2024,65plus,65+,a,All sexes,550
slv,El Salvador,SLV,Americas,2024,65plus,65+,f,Female,240
slv,El Salvador,SLV,Americas,2024,65plus,65+,m,Male,310
slv,El Salvador,SLV,Americas,2024,all,All ages,a,All sexes,7300
slv,El Salvador,SLV,Americas,2024,all,All ages,f,Female,1100
slv,El Salvador,SLV,Americas,2024,all,All ages,m,Male,6200
gnq,Equatorial Guinea,GNQ,Africa,2024,0_14,0-14,a,All sexes,1100
gnq,Equatorial Guinea,GNQ,Africa,2024,0_14,0-14,f,Female,450
gnq,Equatorial Guinea,GNQ,Africa,2024,0_14,0-14,m,Male,670
gnq,Equatorial Guinea,GNQ,Africa,2024,0_4,0-4,a,All sexes,570
gnq,Equatorial Guinea,GNQ,Africa,2024,0_4,0-4,f,Female,260
gnq,Equatorial Guinea,GNQ,Africa,2024,0_4,0-4,m,Male,310
gnq,Equatorial Guinea,GNQ,Africa,2024,10_14,10-14,a,All sexes,190
gnq,Equatorial Guinea,GNQ,Africa,2024,10_14,10-14,f,Female,85
gnq,Equatorial Guinea,GNQ,Africa,2024,10_14,10-14,m,Male,110
gnq,Equatorial Guinea,GNQ,Africa,2024,15_19,15-19,a,All sexes,120
gnq,Equatorial Guinea,GNQ,Africa,2024,15_19,15-19,f,Female,65
gnq,Equatorial Guinea,GNQ,Africa,2024,15_19,15-19,m,Male,53
gnq,Equatorial Guinea,GNQ,Africa,2024,15_24,15-24,a,All sexes,590
gnq,Equatorial Guinea,GNQ,Africa,2024,15_24,15-24,f,Female,290
gnq,Equatorial Guinea,GNQ,Africa,2024,15_24,15-24,m,Male,300
gnq,Equatorial Guinea,GNQ,Africa,2024,15plus,15+,a,All sexes,2600
gnq,Equatorial Guinea,GNQ,Africa,2024,15plus,15+,f,Female,1100
gnq,Equatorial Guinea,GNQ,Africa,2024,15plus,15+,m,Male,1500
gnq,Equatorial Guinea,GNQ,Africa,2024,20_24,20-24,a,All sexes,480
gnq,Equatorial Guinea,GNQ,Africa,2024,20_24,20-24,f,Female,230
gnq,Equatorial Guinea,GNQ,Africa,2024,20_24,20-24,m,Male,250
gnq,Equatorial Guinea,GNQ,Africa,2024,25_34,25-34,a,All sexes,560
gnq,Equatorial Guinea,GNQ,Africa,2024,25_34,25-34,f,Female,250
gnq,Equatorial Guinea,GNQ,Africa,2024,25_34,25-34,m,Male,310
gnq,Equatorial Guinea,GNQ,Africa,2024,35_44,35-44,a,All sexes,640
gnq,Equatorial Guinea,GNQ,Africa,2024,35_44,35-44,f,Female,310
gnq,Equatorial Guinea,GNQ,Africa,2024,35_44,35-44,m,Male,330
gnq,Equatorial Guinea,GNQ,Africa,2024,45_54,45-54,a,All sexes,370
gnq,Equatorial Guinea,GNQ,Africa,2024,45_54,45-54,f,Female,120
gnq,Equatorial Guinea,GNQ,Africa,2024,45_54,45-54,m,Male,250
gnq,Equatorial Guinea,GNQ,Africa,2024,55_64,55-64,a,All sexes,300
gnq,Equatorial Guinea,GNQ,Africa,2024,55_64,55-64,f,Female,56
gnq,Equatorial Guinea,GNQ,Africa,2024,55_64,55-64,m,Male,240
gnq,Equatorial Guinea,GNQ,Africa,2024,5_14,5-14,a,All sexes,550
gnq,Equatorial Guinea,GNQ,Africa,2024,5_14,5-14,f,Female,190
gnq,Equatorial Guinea,GNQ,Africa,2024,5_14,5-14,m,Male,360
gnq,Equatorial Guinea,GNQ,Africa,2024,5_9,5-9,a,All sexes,360
gnq,Equatorial Guinea,GNQ,Africa,2024,5_9,5-9,f,Female,110
gnq,Equatorial Guinea,GNQ,Africa,2024,5_9,5-9,m,Male,250
gnq,Equatorial Guinea,GNQ,Africa,2024,65plus,65+,a,All sexes,180
gnq,Equatorial Guinea,GNQ,Africa,2024,65plus,65+,f,Female,120
gnq,Equatorial Guinea,GNQ,Africa,2024,65plus,65+,m,Male,63
gnq,Equatorial Guinea,GNQ,Africa,2024,all,All ages,a,All sexes,3800
gnq,Equatorial Guinea,GNQ,Africa,2024,all,All ages,f,Female,1600
gnq,Equatorial Guinea,GNQ,Africa,2024,all,All ages,m,Male,2200
eri,Eritrea,ERI,Africa,2024,0_14,0-14,a,All sexes,860
eri,Eritrea,ERI,Africa,2024,0_14,0-14,f,Female,400
eri,Eritrea,ERI,Africa,2024,0_14,0-14,m,Male,460
eri,Eritrea,ERI,Africa,2024,0_4,0-4,a,All sexes,570
eri,Eritrea,ERI,Africa,2024,0_4,0-4,f,Female,280
eri,Eritrea,ERI,Africa,2024,0_4,0-4,m,Male,290
eri,Eritrea,ERI,Africa,2024,10_14,10-14,a,All sexes,150
eri,Eritrea,ERI,Africa,2024,10_14,10-14,f,Female,65
eri,Eritrea,ERI,Africa,2024,10_14,10-14,m,Male,88
eri,Eritrea,ERI,Africa,2024,15_19,15-19,a,All sexes,220
eri,Eritrea,ERI,Africa,2024,15_19,15-19,f,Female,110
eri,Eritrea,ERI,Africa,2024,15_19,15-19,m,Male,110
eri,Eritrea,ERI,Africa,2024,15_24,15-24,a,All sexes,460
eri,Eritrea,ERI,Africa,2024,15_24,15-24,f,Female,230
eri,Eritrea,ERI,Africa,2024,15_24,15-24,m,Male,230
eri,Eritrea,ERI,Africa,2024,15plus,15+,a,All sexes,3200
eri,Eritrea,ERI,Africa,2024,15plus,15+,f,Female,1500
eri,Eritrea,ERI,Africa,2024,15plus,15+,m,Male,1700
eri,Eritrea,ERI,Africa,2024,20_24,20-24,a,All sexes,240
eri,Eritrea,ERI,Africa,2024,20_24,20-24,f,Female,120
eri,Eritrea,ERI,Africa,2024,20_24,20-24,m,Male,120
eri,Eritrea,ERI,Africa,2024,25_34,25-34,a,All sexes,560
eri,Eritrea,ERI,Africa,2024,25_34,25-34,f,Female,290
eri,Eritrea,ERI,Africa,2024,25_34,25-34,m,Male,260
eri,Eritrea,ERI,Africa,2024,35_44,35-44,a,All sexes,450
eri,Eritrea,ERI,Africa,2024,35_44,35-44,f,Female,240
eri,Eritrea,ERI,Africa,2024,35_44,35-44,m,Male,210
eri,Eritrea,ERI,Africa,2024,45_54,45-54,a,All sexes,570
eri,Eritrea,ERI,Africa,2024,45_54,45-54,f,Female,250
eri,Eritrea,ERI,Africa,2024,45_54,45-54,m,Male,320
eri,Eritrea,ERI,Africa,2024,55_64,55-64,a,All sexes,530
eri,Eritrea,ERI,Africa,2024,55_64,55-64,f,Female,250
eri,Eritrea,ERI,Africa,2024,55_64,55-64,m,Male,280
eri,Eritrea,ERI,Africa,2024,5_14,5-14,a,All sexes,290
eri,Eritrea,ERI,Africa,2024,5_14,5-14,f,Female,120
eri,Eritrea,ERI,Africa,2024,5_14,5-14,m,Male,170
eri,Eritrea,ERI,Africa,2024,5_9,5-9,a,All sexes,140
eri,Eritrea,ERI,Africa,2024,5_9,5-9,f,Female,58
eri,Eritrea,ERI,Africa,2024,5_9,5-9,m,Male,81
eri,Eritrea,ERI,Africa,2024,65plus,65+,a,All sexes,630
eri,Eritrea,ERI,Africa,2024,65plus,65+,f,Female,230
eri,Eritrea,ERI,Africa,2024,65plus,65+,m,Male,400
eri,Eritrea,ERI,Africa,2024,all,All ages,a,All sexes,4100
eri,Eritrea,ERI,Africa,2024,all,All ages,f,Female,1900
eri,Eritrea,ERI,Africa,2024,all,All ages,m,Male,2200
est,Estonia,EST,Europe,2024,0_14,0-14,a,All sexes,0
est,Estonia,EST,Europe,2024,0_14,0-14,f,Female,0
est,Estonia,EST,Europe,2024,0_14,0-14,m,Male,0
est,Estonia,EST,Europe,2024,0_4,0-4,a,All sexes,0
est,Estonia,EST,Europe,2024,0_4,0-4,f,Female,0
est,Estonia,EST,Europe,2024,0_4,0-4,m,Male,0
est,Estonia,EST,Europe,2024,10_14,10-14,a,All sexes,0
est,Estonia,EST,Europe,2024,10_14,10-14,f,Female,0
est,Estonia,EST,Europe,2024,10_14,10-14,m,Male,0
est,Estonia,EST,Europe,2024,15_19,15-19,a,All sexes,0
est,Estonia,EST,Europe,2024,15_19,15-19,f,Female,0
est,Estonia,EST,Europe,2024,15_19,15-19,m,Male,0
est,Estonia,EST,Europe,2024,15_24,15-24,a,All sexes,1
est,Estonia,EST,Europe,2024,15_24,15-24,f,Female,0
est,Estonia,EST,Europe,2024,15_24,15-24,m,Male,1
est,Estonia,EST,Europe,2024,15plus,15+,a,All sexes,110
est,Estonia,EST,Europe,2024,15plus,15+,f,Female,30
est,Estonia,EST,Europe,2024,15plus,15+,m,Male,81
est,Estonia,EST,Europe,2024,20_24,20-24,a,All sexes,1
est,Estonia,EST,Europe,2024,20_24,20-24,f,Female,0
est,Estonia,EST,Europe,2024,20_24,20-24,m,Male,1
est,Estonia,EST,Europe,2024,25_34,25-34,a,All sexes,13
est,Estonia,EST,Europe,2024,25_34,25-34,f,Female,4
est,Estonia,EST,Europe,2024,25_34,25-34,m,Male,9
est,Estonia,EST,Europe,2024,35_44,35-44,a,All sexes,19
est,Estonia,EST,Europe,2024,35_44,35-44,f,Female,10
est,Estonia,EST,Europe,2024,35_44,35-44,m,Male,9
est,Estonia,EST,Europe,2024,45_54,45-54,a,All sexes,29
est,Estonia,EST,Europe,2024,45_54,45-54,f,Female,5
est,Estonia,EST,Europe,2024,45_54,45-54,m,Male,24
est,Estonia,EST,Europe,2024,55_64,55-64,a,All sexes,16
est,Estonia,EST,Europe,2024,55_64,55-64,f,Female,4
est,Estonia,EST,Europe,2024,55_64,55-64,m,Male,13
est,Estonia,EST,Europe,2024,5_14,5-14,a,All sexes,0
est,Estonia,EST,Europe,2024,5_14,5-14,f,Female,0
est,Estonia,EST,Europe,2024,5_14,5-14,m,Male,0
est,Estonia,EST,Europe,2024,5_9,5-9,a,All sexes,0
est,Estonia,EST,Europe,2024,5_9,5-9,f,Female,0
est,Estonia,EST,Europe,2024,5_9,5-9,m,Male,0
est,Estonia,EST,Europe,2024,65plus,65+,a,All sexes,33
est,Estonia,EST,Europe,2024,65plus,65+,f,Female,8
est,Estonia,EST,Europe,2024,65plus,65+,m,Male,25
est,Estonia,EST,Europe,2024,all,All ages,a,All sexes,110
est,Estonia,EST,Europe,2024,all,All ages,f,Female,30
est,Estonia,EST,Europe,2024,all,All ages,m,Male,81
swz,Eswatini,SWZ,Africa,2024,0_14,0-14,a,All sexes,440
swz,Eswatini,SWZ,Africa,2024,0_14,0-14,f,Female,210
swz,Eswatini,SWZ,Africa,2024,0_14,0-14,m,Male,230
swz,Eswatini,SWZ,Africa,2024,0_4,0-4,a,All sexes,230
swz,Eswatini,SWZ,Africa,2024,0_4,0-4,f,Female,100
swz,Eswatini,SWZ,Africa,2024,0_4,0-4,m,Male,130
swz,Eswatini,SWZ,Africa,2024,10_14,10-14,a,All sexes,110
swz,Eswatini,SWZ,Africa,2024,10_14,10-14,f,Female,55
swz,Eswatini,SWZ,Africa,2024,10_14,10-14,m,Male,54
swz,Eswatini,SWZ,Africa,2024,15_19,15-19,a,All sexes,220
swz,Eswatini,SWZ,Africa,2024,15_19,15-19,f,Female,97
swz,Eswatini,SWZ,Africa,2024,15_19,15-19,m,Male,130
swz,Eswatini,SWZ,Africa,2024,15_24,15-24,a,All sexes,490
swz,Eswatini,SWZ,Africa,2024,15_24,15-24,f,Female,230
swz,Eswatini,SWZ,Africa,2024,15_24,15-24,m,Male,260
swz,Eswatini,SWZ,Africa,2024,15plus,15+,a,All sexes,3500
swz,Eswatini,SWZ,Africa,2024,15plus,15+,f,Female,1500
swz,Eswatini,SWZ,Africa,2024,15plus,15+,m,Male,2000
swz,Eswatini,SWZ,Africa,2024,20_24,20-24,a,All sexes,270
swz,Eswatini,SWZ,Africa,2024,20_24,20-24,f,Female,130
swz,Eswatini,SWZ,Africa,2024,20_24,20-24,m,Male,140
swz,Eswatini,SWZ,Africa,2024,25_34,25-34,a,All sexes,910
swz,Eswatini,SWZ,Africa,2024,25_34,25-34,f,Female,420
swz,Eswatini,SWZ,Africa,2024,25_34,25-34,m,Male,490
swz,Eswatini,SWZ,Africa,2024,35_44,35-44,a,All sexes,860
swz,Eswatini,SWZ,Africa,2024,35_44,35-44,f,Female,340
swz,Eswatini,SWZ,Africa,2024,35_44,35-44,m,Male,520
swz,Eswatini,SWZ,Africa,2024,45_54,45-54,a,All sexes,560
swz,Eswatini,SWZ,Africa,2024,45_54,45-54,f,Female,210
swz,Eswatini,SWZ,Africa,2024,45_54,45-54,m,Male,350
swz,Eswatini,SWZ,Africa,2024,55_64,55-64,a,All sexes,380
swz,Eswatini,SWZ,Africa,2024,55_64,55-64,f,Female,150
swz,Eswatini,SWZ,Africa,2024,55_64,55-64,m,Male,230
swz,Eswatini,SWZ,Africa,2024,5_14,5-14,a,All sexes,210
swz,Eswatini,SWZ,Africa,2024,5_14,5-14,f,Female,110
swz,Eswatini,SWZ,Africa,2024,5_14,5-14,m,Male,110
swz,Eswatini,SWZ,Africa,2024,5_9,5-9,a,All sexes,100
swz,Eswatini,SWZ,Africa,2024,5_9,5-9,f,Female,50
swz,Eswatini,SWZ,Africa,2024,5_9,5-9,m,Male,52
swz,Eswatini,SWZ,Africa,2024,65plus,65+,a,All sexes,330
swz,Eswatini,SWZ,Africa,2024,65plus,65+,f,Female,150
swz,Eswatini,SWZ,Africa,2024,65plus,65+,m,Male,180
swz,Eswatini,SWZ,Africa,2024,all,All ages,a,All sexes,4000
swz,Eswatini,SWZ,Africa,2024,all,All ages,f,Female,1700
swz,Eswatini,SWZ,Africa,2024,all,All ages,m,Male,2300
eth,Ethiopia,ETH,Africa,2024,0_14,0-14,a,All sexes,24000
eth,Ethiopia,ETH,Africa,2024,0_14,0-14,f,Female,12000
eth,Ethiopia,ETH,Africa,2024,0_14,0-14,m,Male,12000
eth,Ethiopia,ETH,Africa,2024,0_4,0-4,a,All sexes,9300
eth,Ethiopia,ETH,Africa,2024,0_4,0-4,f,Female,4100
eth,Ethiopia,ETH,Africa,2024,0_4,0-4,m,Male,5200
eth,Ethiopia,ETH,Africa,2024,10_14,10-14,a,All sexes,7900
eth,Ethiopia,ETH,Africa,2024,10_14,10-14,f,Female,4000
eth,Ethiopia,ETH,Africa,2024,10_14,10-14,m,Male,3900
eth,Ethiopia,ETH,Africa,2024,15_19,15-19,a,All sexes,21000
eth,Ethiopia,ETH,Africa,2024,15_19,15-19,f,Female,9400
eth,Ethiopia,ETH,Africa,2024,15_19,15-19,m,Male,12000
eth,Ethiopia,ETH,Africa,2024,15_24,15-24,a,All sexes,48000
eth,Ethiopia,ETH,Africa,2024,15_24,15-24,f,Female,21000
eth,Ethiopia,ETH,Africa,2024,15_24,15-24,m,Male,27000
eth,Ethiopia,ETH,Africa,2024,15plus,15+,a,All sexes,162000
eth,Ethiopia,ETH,Africa,2024,15plus,15+,f,Female,72000
eth,Ethiopia,ETH,Africa,2024,15plus,15+,m,Male,90000
eth,Ethiopia,ETH,Africa,2024,20_24,20-24,a,All sexes,27000
eth,Ethiopia,ETH,Africa,2024,20_24,20-24,f,Female,12000
eth,Ethiopia,ETH,Africa,2024,20_24,20-24,m,Male,15000
eth,Ethiopia,ETH,Africa,2024,25_34,25-34,a,All sexes,41000
eth,Ethiopia,ETH,Africa,2024,25_34,25-34,f,Female,18000
eth,Ethiopia,ETH,Africa,2024,25_34,25-34,m,Male,22000
eth,Ethiopia,ETH,Africa,2024,35_44,35-44,a,All sexes,28000
eth,Ethiopia,ETH,Africa,2024,35_44,35-44,f,Female,13000
eth,Ethiopia,ETH,Africa,2024,35_44,35-44,m,Male,16000
eth,Ethiopia,ETH,Africa,2024,45_54,45-54,a,All sexes,20000
eth,Ethiopia,ETH,Africa,2024,45_54,45-54,f,Female,9100
eth,Ethiopia,ETH,Africa,2024,45_54,45-54,m,Male,11000
eth,Ethiopia,ETH,Africa,2024,55_64,55-64,a,All sexes,13000
eth,Ethiopia,ETH,Africa,2024,55_64,55-64,f,Female,5800
eth,Ethiopia,ETH,Africa,2024,55_64,55-64,m,Male,7500
eth,Ethiopia,ETH,Africa,2024,5_14,5-14,a,All sexes,15000
eth,Ethiopia,ETH,Africa,2024,5_14,5-14,f,Female,7400
eth,Ethiopia,ETH,Africa,2024,5_14,5-14,m,Male,7200
eth,Ethiopia,ETH,Africa,2024,5_9,5-9,a,All sexes,6800
eth,Ethiopia,ETH,Africa,2024,5_9,5-9,f,Female,3400
eth,Ethiopia,ETH,Africa,2024,5_9,5-9,m,Male,3400
eth,Ethiopia,ETH,Africa,2024,65plus,65+,a,All sexes,11000
eth,Ethiopia,ETH,Africa,2024,65plus,65+,f,Female,4600
eth,Ethiopia,ETH,Africa,2024,65plus,65+,m,Male,6300
eth,Ethiopia,ETH,Africa,2024,all,All ages,a,All sexes,186000
eth,Ethiopia,ETH,Africa,2024,all,All ages,f,Female,83000
eth,Ethiopia,ETH,Africa,2024,all,All ages,m,Male,102000
fji,Fiji,FJI,Western Pacific,2024,0_14,0-14,a,All sexes,110
fji,Fiji,FJI,Western Pacific,2024,0_14,0-14,f,Female,53
fji,Fiji,FJI,Western Pacific,2024,0_14,0-14,m,Male,61
fji,Fiji,FJI,Western Pacific,2024,0_4,0-4,a,All sexes,56
fji,Fiji,FJI,Western Pacific,2024,0_4,0-4,f,Female,27
fji,Fiji,FJI,Western Pacific,2024,0_4,0-4,m,Male,29
fji,Fiji,FJI,Western Pacific,2024,10_14,10-14,a,All sexes,29
fji,Fiji,FJI,Western Pacific,2024,10_14,10-14,f,Female,17
fji,Fiji,FJI,Western Pacific,2024,10_14,10-14,m,Male,12
fji,Fiji,FJI,Western Pacific,2024,15_19,15-19,a,All sexes,68
fji,Fiji,FJI,Western Pacific,2024,15_19,15-19,f,Female,29
fji,Fiji,FJI,Western Pacific,2024,15_19,15-19,m,Male,39
fji,Fiji,FJI,Western Pacific,2024,15_24,15-24,a,All sexes,190
fji,Fiji,FJI,Western Pacific,2024,15_24,15-24,f,Female,73
fji,Fiji,FJI,Western Pacific,2024,15_24,15-24,m,Male,110
fji,Fiji,FJI,Western Pacific,2024,15plus,15+,a,All sexes,850
fji,Fiji,FJI,Western Pacific,2024,15plus,15+,f,Female,310
fji,Fiji,FJI,Western Pacific,2024,15plus,15+,m,Male,540
fji,Fiji,FJI,Western Pacific,2024,20_24,20-24,a,All sexes,120
fji,Fiji,FJI,Western Pacific,2024,20_24,20-24,f,Female,44
fji,Fiji,FJI,Western Pacific,2024,20_24,20-24,m,Male,73
fji,Fiji,FJI,Western Pacific,2024,25_34,25-34,a,All sexes,210
fji,Fiji,FJI,Western Pacific,2024,25_34,25-34,f,Female,76
fji,Fiji,FJI,Western Pacific,2024,25_34,25-34,m,Male,130
fji,Fiji,FJI,Western Pacific,2024,35_44,35-44,a,All sexes,150
fji,Fiji,FJI,Western Pacific,2024,35_44,35-44,f,Female,53
fji,Fiji,FJI,Western Pacific,2024,35_44,35-44,m,Male,97
fji,Fiji,FJI,Western Pacific,2024,45_54,45-54,a,All sexes,120
fji,Fiji,FJI,Western Pacific,2024,45_54,45-54,f,Female,46
fji,Fiji,FJI,Western Pacific,2024,45_54,45-54,m,Male,75
fji,Fiji,FJI,Western Pacific,2024,55_64,55-64,a,All sexes,97
fji,Fiji,FJI,Western Pacific,2024,55_64,55-64,f,Female,29
fji,Fiji,FJI,Western Pacific,2024,55_64,55-64,m,Male,68
fji,Fiji,FJI,Western Pacific,2024,5_14,5-14,a,All sexes,58
fji,Fiji,FJI,Western Pacific,2024,5_14,5-14,f,Female,25
fji,Fiji,FJI,Western Pacific,2024,5_14,5-14,m,Male,32
fji,Fiji,FJI,Western Pacific,2024,5_9,5-9,a,All sexes,29
fji,Fiji,FJI,Western Pacific,2024,5_9,5-9,f,Female,8
fji,Fiji,FJI,Western Pacific,2024,5_9,5-9,m,Male,20
fji,Fiji,FJI,Western Pacific,2024,65plus,65+,a,All sexes,87
fji,Fiji,FJI,Western Pacific,2024,65plus,65+,f,Female,34
fji,Fiji,FJI,Western Pacific,2024,65plus,65+,m,Male,53
fji,Fiji,FJI,Western Pacific,2024,all,All ages,a,All sexes,960
fji,Fiji,FJI,Western Pacific,2024,all,All ages,f,Female,360
fji,Fiji,FJI,Western Pacific,2024,all,All ages,m,Male,600
fin,Finland,FIN,Europe,2024,0_14,0-14,a,All sexes,8
fin,Finland,FIN,Europe,2024,0_14,0-14,f,Female,5
fin,Finland,FIN,Europe,2024,0_14,0-14,m,Male,3
fin,Finland,FIN,Europe,2024,0_4,0-4,a,All sexes,1
fin,Finland,FIN,Europe,2024,0_4,0-4,f,Female,0
fin,Finland,FIN,Europe,2024,0_4,0-4,m,Male,1
fin,Finland,FIN,Europe,2024,10_14,10-14,a,All sexes,3
fin,Finland,FIN,Europe,2024,10_14,10-14,f,Female,1
fin,Finland,FIN,Europe,2024,10_14,10-14,m,Male,2
fin,Finland,FIN,Europe,2024,15_19,15-19,a,All sexes,5
fin,Finland,FIN,Europe,2024,15_19,15-19,f,Female,3
fin,Finland,FIN,Europe,2024,15_19,15-19,m,Male,1
fin,Finland,FIN,Europe,2024,15_24,15-24,a,All sexes,12
fin,Finland,FIN,Europe,2024,15_24,15-24,f,Female,7
fin,Finland,FIN,Europe,2024,15_24,15-24,m,Male,5
fin,Finland,FIN,Europe,2024,15plus,15+,a,All sexes,200
fin,Finland,FIN,Europe,2024,15plus,15+,f,Female,93
fin,Finland,FIN,Europe,2024,15plus,15+,m,Male,110
fin,Finland,FIN,Europe,2024,20_24,20-24,a,All sexes,7
fin,Finland,FIN,Europe,2024,20_24,20-24,f,Female,3
fin,Finland,FIN,Europe,2024,20_24,20-24,m,Male,3
fin,Finland,FIN,Europe,2024,25_34,25-34,a,All sexes,42
fin,Finland,FIN,Europe,2024,25_34,25-34,f,Female,19
fin,Finland,FIN,Europe,2024,25_34,25-34,m,Male,23
fin,Finland,FIN,Europe,2024,35_44,35-44,a,All sexes,41
fin,Finland,FIN,Europe,2024,35_44,35-44,f,Female,20
fin,Finland,FIN,Europe,2024,35_44,35-44,m,Male,21
fin,Finland,FIN,Europe,2024,45_54,45-54,a,All sexes,22
fin,Finland,FIN,Europe,2024,45_54,45-54,f,Female,9
fin,Finland,FIN,Europe,2024,45_54,45-54,m,Male,13
fin,Finland,FIN,Europe,2024,55_64,55-64,a,All sexes,19
fin,Finland,FIN,Europe,2024,55_64,55-64,f,Female,12
fin,Finland,FIN,Europe,2024,55_64,55-64,m,Male,7
fin,Finland,FIN,Europe,2024,5_14,5-14,a,All sexes,7
fin,Finland,FIN,Europe,2024,5_14,5-14,f,Female,5
fin,Finland,FIN,Europe,2024,5_14,5-14,m,Male,2
fin,Finland,FIN,Europe,2024,5_9,5-9,a,All sexes,3
fin,Finland,FIN,Europe,2024,5_9,5-9,f,Female,3
fin,Finland,FIN,Europe,2024,5_9,5-9,m,Male,0
fin,Finland,FIN,Europe,2024,65plus,65+,a,All sexes,67
fin,Finland,FIN,Europe,2024,65plus,65+,f,Female,27
fin,Finland,FIN,Europe,2024,65plus,65+,m,Male,41
fin,Finland,FIN,Europe,2024,all,All ages,a,All sexes,210
fin,Finland,FIN,Europe,2024,all,All ages,f,Female,97
fin,Finland,FIN,Europe,2024,all,All ages,m,Male,110
fra,France,FRA,Europe,2024,0_14,0-14,a,All sexes,250
fra,France,FRA,Europe,2024,0_14,0-14,f,Female,110
fra,France,FRA,Europe,2024,0_14,0-14,m,Male,130
fra,France,FRA,Europe,2024,0_4,0-4,a,All sexes,110
fra,France,FRA,Europe,2024,0_4,0-4,f,Female,53
fra,France,FRA,Europe,2024,0_4,0-4,m,Male,58
fra,France,FRA,Europe,2024,10_14,10-14,a,All sexes,81
fra,France,FRA,Europe,2024,10_14,10-14,f,Female,31
fra,France,FRA,Europe,2024,10_14,10-14,m,Male,50
fra,France,FRA,Europe,2024,15_19,15-19,a,All sexes,430
fra,France,FRA,Europe,2024,15_19,15-19,f,Female,140
fra,France,FRA,Europe,2024,15_19,15-19,m,Male,290
fra,France,FRA,Europe,2024,15_24,15-24,a,All sexes,960
fra,France,FRA,Europe,2024,15_24,15-24,f,Female,300
fra,France,FRA,Europe,2024,15_24,15-24,m,Male,660
fra,France,FRA,Europe,2024,15plus,15+,a,All sexes,4900
fra,France,FRA,Europe,2024,15plus,15+,f,Female,1600
fra,France,FRA,Europe,2024,15plus,15+,m,Male,3300
fra,France,FRA,Europe,2024,20_24,20-24,a,All sexes,530
fra,France,FRA,Europe,2024,20_24,20-24,f,Female,160
fra,France,FRA,Europe,2024,20_24,20-24,m,Male,370
fra,France,FRA,Europe,2024,25_34,25-34,a,All sexes,1200
fra,France,FRA,Europe,2024,25_34,25-34,f,Female,350
fra,France,FRA,Europe,2024,25_34,25-34,m,Male,810
fra,France,FRA,Europe,2024,35_44,35-44,a,All sexes,880
fra,France,FRA,Europe,2024,35_44,35-44,f,Female,300
fra,France,FRA,Europe,2024,35_44,35-44,m,Male,580
fra,France,FRA,Europe,2024,45_54,45-54,a,All sexes,580
fra,France,FRA,Europe,2024,45_54,45-54,f,Female,200
fra,France,FRA,Europe,2024,45_54,45-54,m,Male,380
fra,France,FRA,Europe,2024,55_64,55-64,a,All sexes,450
fra,France,FRA,Europe,2024,55_64,55-64,f,Female,130
fra,France,FRA,Europe,2024,55_64,55-64,m,Male,320
fra,France,FRA,Europe,2024,5_14,5-14,a,All sexes,130
fra,France,FRA,Europe,2024,5_14,5-14,f,Female,60
fra,France,FRA,Europe,2024,5_14,5-14,m,Male,74
fra,France,FRA,Europe,2024,5_9,5-9,a,All sexes,53
fra,France,FRA,Europe,2024,5_9,5-9,f,Female,29
fra,France,FRA,Europe,2024,5_9,5-9,m,Male,24
fra,France,FRA,Europe,2024,65plus,65+,a,All sexes,890
fra,France,FRA,Europe,2024,65plus,65+,f,Female,300
fra,France,FRA,Europe,2024,65plus,65+,m,Male,580
fra,France,FRA,Europe,2024,all,All ages,a,All sexes,5200
fra,France,FRA,Europe,2024,all,All ages,f,Female,1700
fra,France,FRA,Europe,2024,all,All ages,m,Male,3500
pyf,French Polynesia,PYF,Western Pacific,2024,0_14,0-14,a,All sexes,4
pyf,French Polynesia,PYF,Western Pacific,2024,0_14,0-14,f,Female,4
pyf,French Polynesia,PYF,Western Pacific,2024,0_14,0-14,m,Male,0
pyf,French Polynesia,PYF,Western Pacific,2024,0_4,0-4,a,All sexes,0
pyf,French Polynesia,PYF,Western Pacific,2024,0_4,0-4,f,Female,0
pyf,French Polynesia,PYF,Western Pacific,2024,0_4,0-4,m,Male,0
pyf,French Polynesia,PYF,Western Pacific,2024,10_14,10-14,a,All sexes,4
pyf,French Polynesia,PYF,Western Pacific,2024,10_14,10-14,f,Female,4
pyf,French Polynesia,PYF,Western Pacific,2024,10_14,10-14,m,Male,0
pyf,French Polynesia,PYF,Western Pacific,2024,15_19,15-19,a,All sexes,2
pyf,French Polynesia,PYF,Western Pacific,2024,15_19,15-19,f,Female,0
pyf,French Polynesia,PYF,Western Pacific,2024,15_19,15-19,m,Male,2
pyf,French Polynesia,PYF,Western Pacific,2024,15_24,15-24,a,All sexes,8
pyf,French Polynesia,PYF,Western Pacific,2024,15_24,15-24,f,Female,6
pyf,French Polynesia,PYF,Western Pacific,2024,15_24,15-24,m,Male,2
pyf,French Polynesia,PYF,Western Pacific,2024,15plus,15+,a,All sexes,63
pyf,French Polynesia,PYF,Western Pacific,2024,15plus,15+,f,Female,36
pyf,French Polynesia,PYF,Western Pacific,2024,15plus,15+,m,Male,27
pyf,French Polynesia,PYF,Western Pacific,2024,20_24,20-24,a,All sexes,6
pyf,French Polynesia,PYF,Western Pacific,2024,20_24,20-24,f,Female,6
pyf,French Polynesia,PYF,Western Pacific,2024,20_24,20-24,m,Male,0
pyf,French Polynesia,PYF,Western Pacific,2024,25_34,25-34,a,All sexes,10
pyf,French Polynesia,PYF,Western Pacific,2024,25_34,25-34,f,Female,8
pyf,French Polynesia,PYF,Western Pacific,2024,25_34,25-34,m,Male,2
pyf,French Polynesia,PYF,Western Pacific,2024,35_44,35-44,a,All sexes,10
pyf,French Polynesia,PYF,Western Pacific,2024,35_44,35-44,f,Female,2
pyf,French Polynesia,PYF,Western Pacific,2024,35_44,35-44,m,Male,8
pyf,French Polynesia,PYF,Western Pacific,2024,45_54,45-54,a,All sexes,6
pyf,French Polynesia,PYF,Western Pacific,2024,45_54,45-54,f,Female,4
pyf,French Polynesia,PYF,Western Pacific,2024,45_54,45-54,m,Male,2
pyf,French Polynesia,PYF,Western Pacific,2024,55_64,55-64,a,All sexes,15
pyf,French Polynesia,PYF,Western Pacific,2024,55_64,55-64,f,Female,11
pyf,French Polynesia,PYF,Western Pacific,2024,55_64,55-64,m,Male,4
pyf,French Polynesia,PYF,Western Pacific,2024,5_14,5-14,a,All sexes,4
pyf,French Polynesia,PYF,Western Pacific,2024,5_14,5-14,f,Female,4
pyf,French Polynesia,PYF,Western Pacific,2024,5_14,5-14,m,Male,0
pyf,French Polynesia,PYF,Western Pacific,2024,5_9,5-9,a,All sexes,0
pyf,French Polynesia,PYF,Western Pacific,2024,5_9,5-9,f,Female,0
pyf,French Polynesia,PYF,Western Pacific,2024,5_9,5-9,m,Male,0
pyf,French Polynesia,PYF,Western Pacific,2024,65plus,65+,a,All sexes,15
pyf,French Polynesia,PYF,Western Pacific,2024,65plus,65+,f,Female,6
pyf,French Polynesia,PYF,Western Pacific,2024,65plus,65+,m,Male,10
pyf,French Polynesia,PYF,Western Pacific,2024,all,All ages,a,All sexes,67
pyf,French Polynesia,PYF,Western Pacific,2024,all,All ages,f,Female,40
pyf,French Polynesia,PYF,Western Pacific,2024,all,All ages,m,Male,27
gab,Gabon,GAB,Africa,2024,0_14,0-14,a,All sexes,890
gab,Gabon,GAB,Africa,2024,0_14,0-14,f,Female,420
gab,Gabon,GAB,Africa,2024,0_14,0-14,m,Male,470
gab,Gabon,GAB,Africa,2024,0_4,0-4,a,All sexes,450
gab,Gabon,GAB,Africa,2024,0_4,0-4,f,Female,200
gab,Gabon,GAB,Africa,2024,0_4,0-4,m,Male,250
gab,Gabon,GAB,Africa,2024,10_14,10-14,a,All sexes,230
gab,Gabon,GAB,Africa,2024,10_14,10-14,f,Female,110
gab,Gabon,GAB,Africa,2024,10_14,10-14,m,Male,120
gab,Gabon,GAB,Africa,2024,15_19,15-19,a,All sexes,740
gab,Gabon,GAB,Africa,2024,15_19,15-19,f,Female,310
gab,Gabon,GAB,Africa,2024,15_19,15-19,m,Male,440
gab,Gabon,GAB,Africa,2024,15_24,15-24,a,All sexes,1600
gab,Gabon,GAB,Africa,2024,15_24,15-24,f,Female,640
gab,Gabon,GAB,Africa,2024,15_24,15-24,m,Male,920
gab,Gabon,GAB,Africa,2024,15plus,15+,a,All sexes,8500
gab,Gabon,GAB,Africa,2024,15plus,15+,f,Female,3300
gab,Gabon,GAB,Africa,2024,15plus,15+,m,Male,5200
gab,Gabon,GAB,Africa,2024,20_24,20-24,a,All sexes,810
gab,Gabon,GAB,Africa,2024,20_24,20-24,f,Female,330
gab,Gabon,GAB,Africa,2024,20_24,20-24,m,Male,480
gab,Gabon,GAB,Africa,2024,25_34,25-34,a,All sexes,2200
gab,Gabon,GAB,Africa,2024,25_34,25-34,f,Female,800
gab,Gabon,GAB,Africa,2024,25_34,25-34,m,Male,1400
gab,Gabon,GAB,Africa,2024,35_44,35-44,a,All sexes,1800
gab,Gabon,GAB,Africa,2024,35_44,35-44,f,Female,710
gab,Gabon,GAB,Africa,2024,35_44,35-44,m,Male,1100
gab,Gabon,GAB,Africa,2024,45_54,45-54,a,All sexes,1300
gab,Gabon,GAB,Africa,2024,45_54,45-54,f,Female,520
gab,Gabon,GAB,Africa,2024,45_54,45-54,m,Male,800
gab,Gabon,GAB,Africa,2024,55_64,55-64,a,All sexes,890
gab,Gabon,GAB,Africa,2024,55_64,55-64,f,Female,360
gab,Gabon,GAB,Africa,2024,55_64,55-64,m,Male,520
gab,Gabon,GAB,Africa,2024,5_14,5-14,a,All sexes,440
gab,Gabon,GAB,Africa,2024,5_14,5-14,f,Female,220
gab,Gabon,GAB,Africa,2024,5_14,5-14,m,Male,220
gab,Gabon,GAB,Africa,2024,5_9,5-9,a,All sexes,210
gab,Gabon,GAB,Africa,2024,5_9,5-9,f,Female,100
gab,Gabon,GAB,Africa,2024,5_9,5-9,m,Male,110
gab,Gabon,GAB,Africa,2024,65plus,65+,a,All sexes,740
gab,Gabon,GAB,Africa,2024,65plus,65+,f,Female,310
gab,Gabon,GAB,Africa,2024,65plus,65+,m,Male,430
gab,Gabon,GAB,Africa,2024,all,All ages,a,All sexes,9400
gab,Gabon,GAB,Africa,2024,all,All ages,f,Female,3700
gab,Gabon,GAB,Africa,2024,all,All ages,m,Male,5700
gmb,Gambia,GMB,Africa,2024,0_14,0-14,a,All sexes,300
gmb,Gambia,GMB,Africa,2024,0_14,0-14,f,Female,140
gmb,Gambia,GMB,Africa,2024,0_14,0-14,m,Male,160
gmb,Gambia,GMB,Africa,2024,0_4,0-4,a,All sexes,140
gmb,Gambia,GMB,Africa,2024,0_4,0-4,f,Female,64
gmb,Gambia,GMB,Africa,2024,0_4,0-4,m,Male,78
gmb,Gambia,GMB,Africa,2024,10_14,10-14,a,All sexes,81
gmb,Gambia,GMB,Africa,2024,10_14,10-14,f,Female,39
gmb,Gambia,GMB,Africa,2024,10_14,10-14,m,Male,42
gmb,Gambia,GMB,Africa,2024,15_19,15-19,a,All sexes,360
gmb,Gambia,GMB,Africa,2024,15_19,15-19,f,Female,120
gmb,Gambia,GMB,Africa,2024,15_19,15-19,m,Male,240
gmb,Gambia,GMB,Africa,2024,15_24,15-24,a,All sexes,740
gmb,Gambia,GMB,Africa,2024,15_24,15-24,f,Female,240
gmb,Gambia,GMB,Africa,2024,15_24,15-24,m,Male,500
gmb,Gambia,GMB,Africa,2024,15plus,15+,a,All sexes,3500
gmb,Gambia,GMB,Africa,2024,15plus,15+,f,Female,1100
gmb,Gambia,GMB,Africa,2024,15plus,15+,m,Male,2400
gmb,Gambia,GMB,Africa,2024,20_24,20-24,a,All sexes,380
gmb,Gambia,GMB,Africa,2024,20_24,20-24,f,Female,130
gmb,Gambia,GMB,Africa,2024,20_24,20-24,m,Male,260
gmb,Gambia,GMB,Africa,2024,25_34,25-34,a,All sexes,890
gmb,Gambia,GMB,Africa,2024,25_34,25-34,f,Female,260
gmb,Gambia,GMB,Africa,2024,25_34,25-34,m,Male,620
gmb,Gambia,GMB,Africa,2024,35_44,35-44,a,All sexes,690
gmb,Gambia,GMB,Africa,2024,35_44,35-44,f,Female,210
gmb,Gambia,GMB,Africa,2024,35_44,35-44,m,Male,470
gmb,Gambia,GMB,Africa,2024,45_54,45-54,a,All sexes,520
gmb,Gambia,GMB,Africa,2024,45_54,45-54,f,Female,160
gmb,Gambia,GMB,Africa,2024,45_54,45-54,m,Male,360
gmb,Gambia,GMB,Africa,2024,55_64,55-64,a,All sexes,370
gmb,Gambia,GMB,Africa,2024,55_64,55-64,f,Female,120
gmb,Gambia,GMB,Africa,2024,55_64,55-64,m,Male,250
gmb,Gambia,GMB,Africa,2024,5_14,5-14,a,All sexes,150
gmb,Gambia,GMB,Africa,2024,5_14,5-14,f,Female,74
gmb,Gambia,GMB,Africa,2024,5_14,5-14,m,Male,80
gmb,Gambia,GMB,Africa,2024,5_9,5-9,a,All sexes,74
gmb,Gambia,GMB,Africa,2024,5_9,5-9,f,Female,35
gmb,Gambia,GMB,Africa,2024,5_9,5-9,m,Male,38
gmb,Gambia,GMB,Africa,2024,65plus,65+,a,All sexes,300
gmb,Gambia,GMB,Africa,2024,65plus,65+,f,Female,96
gmb,Gambia,GMB,Africa,2024,65plus,65+,m,Male,200
gmb,Gambia,GMB,Africa,2024,all,All ages,a,All sexes,3800
gmb,Gambia,GMB,Africa,2024,all,All ages,f,Female,1200
gmb,Gambia,GMB,Africa,2024,all,All ages,m,Male,2600
geo,Georgia,GEO,Europe,2024,0_14,0-14,a,All sexes,120
geo,Georgia,GEO,Europe,2024,0_14,0-14,f,Female,59
geo,Georgia,GEO,Europe,2024,0_14,0-14,m,Male,64
geo,Georgia,GEO,Europe,2024,0_4,0-4,a,All sexes,50
geo,Georgia,GEO,Europe,2024,0_4,0-4,f,Female,22
geo,Georgia,GEO,Europe,2024,0_4,0-4,m,Male,28
geo,Georgia,GEO,Europe,2024,10_14,10-14,a,All sexes,35
geo,Georgia,GEO,Europe,2024,10_14,10-14,f,Female,18
geo,Georgia,GEO,Europe,2024,10_14,10-14,m,Male,17
geo,Georgia,GEO,Europe,2024,15_19,15-19,a,All sexes,100
geo,Georgia,GEO,Europe,2024,15_19,15-19,f,Female,46
geo,Georgia,GEO,Europe,2024,15_19,15-19,m,Male,54
geo,Georgia,GEO,Europe,2024,15_24,15-24,a,All sexes,210
geo,Georgia,GEO,Europe,2024,15_24,15-24,f,Female,95
geo,Georgia,GEO,Europe,2024,15_24,15-24,m,Male,120
geo,Georgia,GEO,Europe,2024,15plus,15+,a,All sexes,1600
geo,Georgia,GEO,Europe,2024,15plus,15+,f,Female,540
geo,Georgia,GEO,Europe,2024,15plus,15+,m,Male,1000
geo,Georgia,GEO,Europe,2024,20_24,20-24,a,All sexes,110
geo,Georgia,GEO,Europe,2024,20_24,20-24,f,Female,49
geo,Georgia,GEO,Europe,2024,20_24,20-24,m,Male,62
geo,Georgia,GEO,Europe,2024,25_34,25-34,a,All sexes,300
geo,Georgia,GEO,Europe,2024,25_34,25-34,f,Female,130
geo,Georgia,GEO,Europe,2024,25_34,25-34,m,Male,170
geo,Georgia,GEO,Europe,2024,35_44,35-44,a,All sexes,310
geo,Georgia,GEO,Europe,2024,35_44,35-44,f,Female,100
geo,Georgia,GEO,Europe,2024,35_44,35-44,m,Male,200
geo,Georgia,GEO,Europe,2024,45_54,45-54,a,All sexes,270
geo,Georgia,GEO,Europe,2024,45_54,45-54,f,Female,61
geo,Georgia,GEO,Europe,2024,45_54,45-54,m,Male,210
geo,Georgia,GEO,Europe,2024,55_64,55-64,a,All sexes,270
geo,Georgia,GEO,Europe,2024,55_64,55-64,f,Female,65
geo,Georgia,GEO,Europe,2024,55_64,55-64,m,Male,210
geo,Georgia,GEO,Europe,2024,5_14,5-14,a,All sexes,72
geo,Georgia,GEO,Europe,2024,5_14,5-14,f,Female,37
geo,Georgia,GEO,Europe,2024,5_14,5-14,m,Male,36
geo,Georgia,GEO,Europe,2024,5_9,5-9,a,All sexes,37
geo,Georgia,GEO,Europe,2024,5_9,5-9,f,Female,19
geo,Georgia,GEO,Europe,2024,5_9,5-9,m,Male,19
geo,Georgia,GEO,Europe,2024,65plus,65+,a,All sexes,230
geo,Georgia,GEO,Europe,2024,65plus,65+,f,Female,90
geo,Georgia,GEO,Europe,2024,65plus,65+,m,Male,140
geo,Georgia,GEO,Europe,2024,all,All ages,a,All sexes,1700
geo,Georgia,GEO,Europe,2024,all,All ages,f,Female,600
geo,Georgia,GEO,Europe,2024,all,All ages,m,Male,1100
deu,Germany,DEU,Europe,2024,0_14,0-14,a,All sexes,260
deu,Germany,DEU,Europe,2024,0_14,0-14,f,Female,130
deu,Germany,DEU,Europe,2024,0_14,0-14,m,Male,130
deu,Germany,DEU,Europe,2024,0_4,0-4,a,All sexes,93
deu,Germany,DEU,Europe,2024,0_4,0-4,f,Female,47
deu,Germany,DEU,Europe,2024,0_4,0-4,m,Male,46
deu,Germany,DEU,Europe,2024,10_14,10-14,a,All sexes,98
deu,Germany,DEU,Europe,2024,10_14,10-14,f,Female,46
deu,Germany,DEU,Europe,2024,10_14,10-14,m,Male,52
deu,Germany,DEU,Europe,2024,15_19,15-19,a,All sexes,290
deu,Germany,DEU,Europe,2024,15_19,15-19,f,Female,69
deu,Germany,DEU,Europe,2024,15_19,15-19,m,Male,230
deu,Germany,DEU,Europe,2024,15_24,15-24,a,All sexes,790
deu,Germany,DEU,Europe,2024,15_24,15-24,f,Female,210
deu,Germany,DEU,Europe,2024,15_24,15-24,m,Male,570
deu,Germany,DEU,Europe,2024,15plus,15+,a,All sexes,4300
deu,Germany,DEU,Europe,2024,15plus,15+,f,Female,1400
deu,Germany,DEU,Europe,2024,15plus,15+,m,Male,3000
deu,Germany,DEU,Europe,2024,20_24,20-24,a,All sexes,490
deu,Germany,DEU,Europe,2024,20_24,20-24,f,Female,150
deu,Germany,DEU,Europe,2024,20_24,20-24,m,Male,350
deu,Germany,DEU,Europe,2024,25_34,25-34,a,All sexes,1000
deu,Germany,DEU,Europe,2024,25_34,25-34,f,Female,330
deu,Germany,DEU,Europe,2024,25_34,25-34,m,Male,710
deu,Germany,DEU,Europe,2024,35_44,35-44,a,All sexes,740
deu,Germany,DEU,Europe,2024,35_44,35-44,f,Female,230
deu,Germany,DEU,Europe,2024,35_44,35-44,m,Male,500
deu,Germany,DEU,Europe,2024,45_54,45-54,a,All sexes,550
deu,Germany,DEU,Europe,2024,45_54,45-54,f,Female,180
deu,Germany,DEU,Europe,2024,45_54,45-54,m,Male,370
deu,Germany,DEU,Europe,2024,55_64,55-64,a,All sexes,500
deu,Germany,DEU,Europe,2024,55_64,55-64,f,Female,140
deu,Germany,DEU,Europe,2024,55_64,55-64,m,Male,360
deu,Germany,DEU,Europe,2024,5_14,5-14,a,All sexes,160
deu,Germany,DEU,Europe,2024,5_14,5-14,f,Female,80
deu,Germany,DEU,Europe,2024,5_14,5-14,m,Male,85
deu,Germany,DEU,Europe,2024,5_9,5-9,a,All sexes,66
deu,Germany,DEU,Europe,2024,5_9,5-9,f,Female,34
deu,Germany,DEU,Europe,2024,5_9,5-9,m,Male,32
deu,Germany,DEU,Europe,2024,65plus,65+,a,All sexes,730
deu,Germany,DEU,Europe,2024,65plus,65+,f,Female,300
deu,Germany,DEU,Europe,2024,65plus,65+,m,Male,430
deu,Germany,DEU,Europe,2024,all,All ages,a,All sexes,4600
deu,Germany,DEU,Europe,2024,all,All ages,f,Female,1500
deu,Germany,DEU,Europe,2024,all,All ages,m,Male,3100
gha,Ghana,GHA,Africa,2024,0_14,0-14,a,All sexes,5800
gha,Ghana,GHA,Africa,2024,0_14,0-14,f,Female,2800
gha,Ghana,GHA,Africa,2024,0_14,0-14,m,Male,3100
gha,Ghana,GHA,Africa,2024,0_4,0-4,a,All sexes,3000
gha,Ghana,GHA,Africa,2024,0_4,0-4,f,Female,1400
gha,Ghana,GHA,Africa,2024,0_4,0-4,m,Male,1600
gha,Ghana,GHA,Africa,2024,10_14,10-14,a,All sexes,1500
gha,Ghana,GHA,Africa,2024,10_14,10-14,f,Female,730
gha,Ghana,GHA,Africa,2024,10_14,10-14,m,Male,740
gha,Ghana,GHA,Africa,2024,15_19,15-19,a,All sexes,2700
gha,Ghana,GHA,Africa,2024,15_19,15-19,f,Female,1100
gha,Ghana,GHA,Africa,2024,15_19,15-19,m,Male,1600
gha,Ghana,GHA,Africa,2024,15_24,15-24,a,All sexes,5700
gha,Ghana,GHA,Africa,2024,15_24,15-24,f,Female,2300
gha,Ghana,GHA,Africa,2024,15_24,15-24,m,Male,3400
gha,Ghana,GHA,Africa,2024,15plus,15+,a,All sexes,37000
gha,Ghana,GHA,Africa,2024,15plus,15+,f,Female,15000
gha,Ghana,GHA,Africa,2024,15plus,15+,m,Male,23000
gha,Ghana,GHA,Africa,2024,20_24,20-24,a,All sexes,3000
gha,Ghana,GHA,Africa,2024,20_24,20-24,f,Female,1200
gha,Ghana,GHA,Africa,2024,20_24,20-24,m,Male,1800
gha,Ghana,GHA,Africa,2024,25_34,25-34,a,All sexes,6900
gha,Ghana,GHA,Africa,2024,25_34,25-34,f,Female,2800
gha,Ghana,GHA,Africa,2024,25_34,25-34,m,Male,4100
gha,Ghana,GHA,Africa,2024,35_44,35-44,a,All sexes,8300
gha,Ghana,GHA,Africa,2024,35_44,35-44,f,Female,3000
gha,Ghana,GHA,Africa,2024,35_44,35-44,m,Male,5200
gha,Ghana,GHA,Africa,2024,45_54,45-54,a,All sexes,7200
gha,Ghana,GHA,Africa,2024,45_54,45-54,f,Female,2700
gha,Ghana,GHA,Africa,2024,45_54,45-54,m,Male,4500
gha,Ghana,GHA,Africa,2024,55_64,55-64,a,All sexes,5000
gha,Ghana,GHA,Africa,2024,55_64,55-64,f,Female,2000
gha,Ghana,GHA,Africa,2024,55_64,55-64,m,Male,3000
gha,Ghana,GHA,Africa,2024,5_14,5-14,a,All sexes,2800
gha,Ghana,GHA,Africa,2024,5_14,5-14,f,Female,1400
gha,Ghana,GHA,Africa,2024,5_14,5-14,m,Male,1400
gha,Ghana,GHA,Africa,2024,5_9,5-9,a,All sexes,1400
gha,Ghana,GHA,Africa,2024,5_9,5-9,f,Female,670
gha,Ghana,GHA,Africa,2024,5_9,5-9,m,Male,680
gha,Ghana,GHA,Africa,2024,65plus,65+,a,All sexes,4400
gha,Ghana,GHA,Africa,2024,65plus,65+,f,Female,1900
gha,Ghana,GHA,Africa,2024,65plus,65+,m,Male,2500
gha,Ghana,GHA,Africa,2024,all,All ages,a,All sexes,43000
gha,Ghana,GHA,Africa,2024,all,All ages,f,Female,18000
gha,Ghana,GHA,Africa,2024,all,All ages,m,Male,26000
grc,Greece,GRC,Europe,2024,0_14,0-14,a,All sexes,3
grc,Greece,GRC,Europe,2024,0_14,0-14,f,Female,2
grc,Greece,GRC,Europe,2024,0_14,0-14,m,Male,2
grc,Greece,GRC,Europe,2024,0_4,0-4,a,All sexes,3
grc,Greece,GRC,Europe,2024,0_4,0-4,f,Female,2
grc,Greece,GRC,Europe,2024,0_4,0-4,m,Male,2
grc,Greece,GRC,Europe,2024,10_14,10-14,a,All sexes,0
grc,Greece,GRC,Europe,2024,10_14,10-14,f,Female,0
grc,Greece,GRC,Europe,2024,10_14,10-14,m,Male,0
grc,Greece,GRC,Europe,2024,15_19,15-19,a,All sexes,31
grc,Greece,GRC,Europe,2024,15_19,15-19,f,Female,5
grc,Greece,GRC,Europe,2024,15_19,15-19,m,Male,26
grc,Greece,GRC,Europe,2024,15_24,15-24,a,All sexes,71
grc,Greece,GRC,Europe,2024,15_24,15-24,f,Female,17
grc,Greece,GRC,Europe,2024,15_24,15-24,m,Male,54
grc,Greece,GRC,Europe,2024,15plus,15+,a,All sexes,360
grc,Greece,GRC,Europe,2024,15plus,15+,f,Female,97
grc,Greece,GRC,Europe,2024,15plus,15+,m,Male,260
grc,Greece,GRC,Europe,2024,20_24,20-24,a,All sexes,40
grc,Greece,GRC,Europe,2024,20_24,20-24,f,Female,12
grc,Greece,GRC,Europe,2024,20_24,20-24,m,Male,28
grc,Greece,GRC,Europe,2024,25_34,25-34,a,All sexes,59
grc,Greece,GRC,Europe,2024,25_34,25-34,f,Female,13
grc,Greece,GRC,Europe,2024,25_34,25-34,m,Male,46
grc,Greece,GRC,Europe,2024,35_44,35-44,a,All sexes,55
grc,Greece,GRC,Europe,2024,35_44,35-44,f,Female,10
grc,Greece,GRC,Europe,2024,35_44,35-44,m,Male,44
grc,Greece,GRC,Europe,2024,45_54,45-54,a,All sexes,52
grc,Greece,GRC,Europe,2024,45_54,45-54,f,Female,12
grc,Greece,GRC,Europe,2024,45_54,45-54,m,Male,40
grc,Greece,GRC,Europe,2024,55_64,55-64,a,All sexes,44
grc,Greece,GRC,Europe,2024,55_64,55-64,f,Female,14
grc,Greece,GRC,Europe,2024,55_64,55-64,m,Male,30
grc,Greece,GRC,Europe,2024,5_14,5-14,a,All sexes,0
grc,Greece,GRC,Europe,2024,5_14,5-14,f,Female,0
grc,Greece,GRC,Europe,2024,5_14,5-14,m,Male,0
grc,Greece,GRC,Europe,2024,5_9,5-9,a,All sexes,0
grc,Greece,GRC,Europe,2024,5_9,5-9,f,Female,0
grc,Greece,GRC,Europe,2024,5_9,5-9,m,Male,0
grc,Greece,GRC,Europe,2024,65plus,65+,a,All sexes,76
grc,Greece,GRC,Europe,2024,65plus,65+,f,Female,31
grc,Greece,GRC,Europe,2024,65plus,65+,m,Male,45
grc,Greece,GRC,Europe,2024,all,All ages,a,All sexes,360
grc,Greece,GRC,Europe,2024,all,All ages,f,Female,98
grc,Greece,GRC,Europe,2024,all,All ages,m,Male,260
grl,Greenland,GRL,Europe,2024,0_14,0-14,a,All sexes,1
grl,Greenland,GRL,Europe,2024,0_14,0-14,f,Female,1
grl,Greenland,GRL,Europe,2024,0_14,0-14,m,Male,0
grl,Greenland,GRL,Europe,2024,0_4,0-4,a,All sexes,0
grl,Greenland,GRL,Europe,2024,0_4,0-4,f,Female,0
grl,Greenland,GRL,Europe,2024,0_4,0-4,m,Male,0
grl,Greenland,GRL,Europe,2024,10_14,10-14,a,All sexes,1
grl,Greenland,GRL,Europe,2024,10_14,10-14,f,Female,1
grl,Greenland,GRL,Europe,2024,10_14,10-14,m,Male,0
grl,Greenland,GRL,Europe,2024,15_19,15-19,a,All sexes,5
grl,Greenland,GRL,Europe,2024,15_19,15-19,f,Female,4
grl,Greenland,GRL,Europe,2024,15_19,15-19,m,Male,1
grl,Greenland,GRL,Europe,2024,15_24,15-24,a,All sexes,8
grl,Greenland,GRL,Europe,2024,15_24,15-24,f,Female,5
grl,Greenland,GRL,Europe,2024,15_24,15-24,m,Male,3
grl,Greenland,GRL,Europe,2024,15plus,15+,a,All sexes,77
grl,Greenland,GRL,Europe,2024,15plus,15+,f,Female,34
grl,Greenland,GRL,Europe,2024,15plus,15+,m,Male,43
grl,Greenland,GRL,Europe,2024,20_24,20-24,a,All sexes,3
grl,Greenland,GRL,Europe,2024,20_24,20-24,f,Female,1
grl,Greenland,GRL,Europe,2024,20_24,20-24,m,Male,1
grl,Greenland,GRL,Europe,2024,25_34,25-34,a,All sexes,18
grl,Greenland,GRL,Europe,2024,25_34,25-34,f,Female,5
grl,Greenland,GRL,Europe,2024,25_34,25-34,m,Male,13
grl,Greenland,GRL,Europe,2024,35_44,35-44,a,All sexes,23
grl,Greenland,GRL,Europe,2024,35_44,35-44,f,Female,11
grl,Greenland,GRL,Europe,2024,35_44,35-44,m,Male,11
grl,Greenland,GRL,Europe,2024,45_54,45-54,a,All sexes,10
grl,Greenland,GRL,Europe,2024,45_54,45-54,f,Female,6
grl,Greenland,GRL,Europe,2024,45_54,45-54,m,Male,4
grl,Greenland,GRL,Europe,2024,55_64,55-64,a,All sexes,11
grl,Greenland,GRL,Europe,2024,55_64,55-64,f,Female,6
grl,Greenland,GRL,Europe,2024,55_64,55-64,m,Male,5
grl,Greenland,GRL,Europe,2024,5_14,5-14,a,All sexes,1
grl,Greenland,GRL,Europe,2024,5_14,5-14,f,Female,1
grl,Greenland,GRL,Europe,2024,5_14,5-14,m,Male,0
grl,Greenland,GRL,Europe,2024,5_9,5-9,a,All sexes,0
grl,Greenland,GRL,Europe,2024,5_9,5-9,f,Female,0
grl,Greenland,GRL,Europe,2024,5_9,5-9,m,Male,0
grl,Greenland,GRL,Europe,2024,65plus,65+,a,All sexes,8
grl,Greenland,GRL,Europe,2024,65plus,65+,f,Female,0
grl,Greenland,GRL,Europe,2024,65plus,65+,m,Male,8
grl,Greenland,GRL,Europe,2024,all,All ages,a,All sexes,78
grl,Greenland,GRL,Europe,2024,all,All ages,f,Female,35
grl,Greenland,GRL,Europe,2024,all,All ages,m,Male,43
gum,Guam,GUM,Western Pacific,2024,0_14,0-14,a,All sexes,14
gum,Guam,GUM,Western Pacific,2024,0_14,0-14,f,Female,8
gum,Guam,GUM,Western Pacific,2024,0_14,0-14,m,Male,6
gum,Guam,GUM,Western Pacific,2024,0_4,0-4,a,All sexes,6
gum,Guam,GUM,Western Pacific,2024,0_4,0-4,f,Female,3
gum,Guam,GUM,Western Pacific,2024,0_4,0-4,m,Male,3
gum,Guam,GUM,Western Pacific,2024,10_14,10-14,a,All sexes,3
gum,Guam,GUM,Western Pacific,2024,10_14,10-14,f,Female,2
gum,Guam,GUM,Western Pacific,2024,10_14,10-14,m,Male,2
gum,Guam,GUM,Western Pacific,2024,15_19,15-19,a,All sexes,3
gum,Guam,GUM,Western Pacific,2024,15_19,15-19,f,Female,0
gum,Guam,GUM,Western Pacific,2024,15_19,15-19,m,Male,3
gum,Guam,GUM,Western Pacific,2024,15_24,15-24,a,All sexes,9
gum,Guam,GUM,Western Pacific,2024,15_24,15-24,f,Female,2
gum,Guam,GUM,Western Pacific,2024,15_24,15-24,m,Male,8
gum,Guam,GUM,Western Pacific,2024,15plus,15+,a,All sexes,78
gum,Guam,GUM,Western Pacific,2024,15plus,15+,f,Female,32
gum,Guam,GUM,Western Pacific,2024,15plus,15+,m,Male,46
gum,Guam,GUM,Western Pacific,2024,20_24,20-24,a,All sexes,6
gum,Guam,GUM,Western Pacific,2024,20_24,20-24,f,Female,2
gum,Guam,GUM,Western Pacific,2024,20_24,20-24,m,Male,5
gum,Guam,GUM,Western Pacific,2024,25_34,25-34,a,All sexes,5
gum,Guam,GUM,Western Pacific,2024,25_34,25-34,f,Female,2
gum,Guam,GUM,Western Pacific,2024,25_34,25-34,m,Male,3
gum,Guam,GUM,Western Pacific,2024,35_44,35-44,a,All sexes,15
gum,Guam,GUM,Western Pacific,2024,35_44,35-44,f,Female,11
gum,Guam,GUM,Western Pacific,2024,35_44,35-44,m,Male,5
gum,Guam,GUM,Western Pacific,2024,45_54,45-54,a,All sexes,17
gum,Guam,GUM,Western Pacific,2024,45_54,45-54,f,Female,6
gum,Guam,GUM,Western Pacific,2024,45_54,45-54,m,Male,11
gum,Guam,GUM,Western Pacific,2024,55_64,55-64,a,All sexes,6
gum,Guam,GUM,Western Pacific,2024,55_64,55-64,f,Female,2
gum,Guam,GUM,Western Pacific,2024,55_64,55-64,m,Male,5
gum,Guam,GUM,Western Pacific,2024,5_14,5-14,a,All sexes,8
gum,Guam,GUM,Western Pacific,2024,5_14,5-14,f,Female,5
gum,Guam,GUM,Western Pacific,2024,5_14,5-14,m,Male,3
gum,Guam,GUM,Western Pacific,2024,5_9,5-9,a,All sexes,5
gum,Guam,GUM,Western Pacific,2024,5_9,5-9,f,Female,3
gum,Guam,GUM,Western Pacific,2024,5_9,5-9,m,Male,2
gum,Guam,GUM,Western Pacific,2024,65plus,65+,a,All sexes,26
gum,Guam,GUM,Western Pacific,2024,65plus,65+,f,Female,11
gum,Guam,GUM,Western Pacific,2024,65plus,65+,m,Male,15
gum,Guam,GUM,Western Pacific,2024,all,All ages,a,All sexes,92
gum,Guam,GUM,Western Pacific,2024,all,All ages,f,Female,40
gum,Guam,GUM,Western Pacific,2024,all,All ages,m,Male,52
gtm,Guatemala,GTM,Americas,2024,0_14,0-14,a,All sexes,560
gtm,Guatemala,GTM,Americas,2024,0_14,0-14,f,Female,250
gtm,Guatemala,GTM,Americas,2024,0_14,0-14,m,Male,310
gtm,Guatemala,GTM,Americas,2024,0_4,0-4,a,All sexes,210
gtm,Guatemala,GTM,Americas,2024,0_4,0-4,f,Female,96
gtm,Guatemala,GTM,Americas,2024,0_4,0-4,m,Male,110
gtm,Guatemala,GTM,Americas,2024,10_14,10-14,a,All sexes,99
gtm,Guatemala,GTM,Americas,2024,10_14,10-14,f,Female,48
gtm,Guatemala,GTM,Americas,2024,10_14,10-14,m,Male,51
gtm,Guatemala,GTM,Americas,2024,15_19,15-19,a,All sexes,200
gtm,Guatemala,GTM,Americas,2024,15_19,15-19,f,Female,86
gtm,Guatemala,GTM,Americas,2024,15_19,15-19,m,Male,120
gtm,Guatemala,GTM,Americas,2024,15_24,15-24,a,All sexes,620
gtm,Guatemala,GTM,Americas,2024,15_24,15-24,f,Female,240
gtm,Guatemala,GTM,Americas,2024,15_24,15-24,m,Male,380
gtm,Guatemala,GTM,Americas,2024,15plus,15+,a,All sexes,4600
gtm,Guatemala,GTM,Americas,2024,15plus,15+,f,Female,1800
gtm,Guatemala,GTM,Americas,2024,15plus,15+,m,Male,2900
gtm,Guatemala,GTM,Americas,2024,20_24,20-24,a,All sexes,420
gtm,Guatemala,GTM,Americas,2024,20_24,20-24,f,Female,150
gtm,Guatemala,GTM,Americas,2024,20_24,20-24,m,Male,270
gtm,Guatemala,GTM,Americas,2024,25_34,25-34,a,All sexes,1000
gtm,Guatemala,GTM,Americas,2024,25_34,25-34,f,Female,310
gtm,Guatemala,GTM,Americas,2024,25_34,25-34,m,Male,720
gtm,Guatemala,GTM,Americas,2024,35_44,35-44,a,All sexes,930
gtm,Guatemala,GTM,Americas,2024,35_44,35-44,f,Female,330
gtm,Guatemala,GTM,Americas,2024,35_44,35-44,m,Male,600
gtm,Guatemala,GTM,Americas,2024,45_54,45-54,a,All sexes,820
gtm,Guatemala,GTM,Americas,2024,45_54,45-54,f,Female,360
gtm,Guatemala,GTM,Americas,2024,45_54,45-54,m,Male,460
gtm,Guatemala,GTM,Americas,2024,55_64,55-64,a,All sexes,610
gtm,Guatemala,GTM,Americas,2024,55_64,55-64,f,Female,270
gtm,Guatemala,GTM,Americas,2024,55_64,55-64,m,Male,340
gtm,Guatemala,GTM,Americas,2024,5_14,5-14,a,All sexes,350
gtm,Guatemala,GTM,Americas,2024,5_14,5-14,f,Female,160
gtm,Guatemala,GTM,Americas,2024,5_14,5-14,m,Male,190
gtm,Guatemala,GTM,Americas,2024,5_9,5-9,a,All sexes,250
gtm,Guatemala,GTM,Americas,2024,5_9,5-9,f,Female,110
gtm,Guatemala,GTM,Americas,2024,5_9,5-9,m,Male,140
gtm,Guatemala,GTM,Americas,2024,65plus,65+,a,All sexes,630
gtm,Guatemala,GTM,Americas,2024,65plus,65+,f,Female,260
gtm,Guatemala,GTM,Americas,2024,65plus,65+,m,Male,380
gtm,Guatemala,GTM,Americas,2024,all,All ages,a,All sexes,5200
gtm,Guatemala,GTM,Americas,2024,all,All ages,f,Female,2000
gtm,Guatemala,GTM,Americas,2024,all,All ages,m,Male,3200
gin,Guinea,GIN,Africa,2024,0_14,0-14,a,All sexes,2200
gin,Guinea,GIN,Africa,2024,0_14,0-14,f,Female,1100
gin,Guinea,GIN,Africa,2024,0_14,0-14,m,Male,1200
gin,Guinea,GIN,Africa,2024,0_4,0-4,a,All sexes,850
gin,Guinea,GIN,Africa,2024,0_4,0-4,f,Female,380
gin,Guinea,GIN,Africa,2024,0_4,0-4,m,Male,470
gin,Guinea,GIN,Africa,2024,10_14,10-14,a,All sexes,720
gin,Guinea,GIN,Africa,2024,10_14,10-14,f,Female,360
gin,Guinea,GIN,Africa,2024,10_14,10-14,m,Male,370
gin,Guinea,GIN,Africa,2024,15_19,15-19,a,All sexes,2200
gin,Guinea,GIN,Africa,2024,15_19,15-19,f,Female,940
gin,Guinea,GIN,Africa,2024,15_19,15-19,m,Male,1300
gin,Guinea,GIN,Africa,2024,15_24,15-24,a,All sexes,4600
gin,Guinea,GIN,Africa,2024,15_24,15-24,f,Female,2000
gin,Guinea,GIN,Africa,2024,15_24,15-24,m,Male,2600
gin,Guinea,GIN,Africa,2024,15plus,15+,a,All sexes,24000
gin,Guinea,GIN,Africa,2024,15plus,15+,f,Female,9400
gin,Guinea,GIN,Africa,2024,15plus,15+,m,Male,15000
gin,Guinea,GIN,Africa,2024,20_24,20-24,a,All sexes,2400
gin,Guinea,GIN,Africa,2024,20_24,20-24,f,Female,1000
gin,Guinea,GIN,Africa,2024,20_24,20-24,m,Male,1400
gin,Guinea,GIN,Africa,2024,25_34,25-34,a,All sexes,6000
gin,Guinea,GIN,Africa,2024,25_34,25-34,f,Female,2300
gin,Guinea,GIN,Africa,2024,25_34,25-34,m,Male,3700
gin,Guinea,GIN,Africa,2024,35_44,35-44,a,All sexes,4900
gin,Guinea,GIN,Africa,2024,35_44,35-44,f,Female,1800
gin,Guinea,GIN,Africa,2024,35_44,35-44,m,Male,3200
gin,Guinea,GIN,Africa,2024,45_54,45-54,a,All sexes,3700
gin,Guinea,GIN,Africa,2024,45_54,45-54,f,Female,1400
gin,Guinea,GIN,Africa,2024,45_54,45-54,m,Male,2300
gin,Guinea,GIN,Africa,2024,55_64,55-64,a,All sexes,2500
gin,Guinea,GIN,Africa,2024,55_64,55-64,f,Female,980
gin,Guinea,GIN,Africa,2024,55_64,55-64,m,Male,1500
gin,Guinea,GIN,Africa,2024,5_14,5-14,a,All sexes,1400
gin,Guinea,GIN,Africa,2024,5_14,5-14,f,Female,680
gin,Guinea,GIN,Africa,2024,5_14,5-14,m,Male,700
gin,Guinea,GIN,Africa,2024,5_9,5-9,a,All sexes,660
gin,Guinea,GIN,Africa,2024,5_9,5-9,f,Female,330
gin,Guinea,GIN,Africa,2024,5_9,5-9,m,Male,340
gin,Guinea,GIN,Africa,2024,65plus,65+,a,All sexes,2300
gin,Guinea,GIN,Africa,2024,65plus,65+,f,Female,990
gin,Guinea,GIN,Africa,2024,65plus,65+,m,Male,1300
gin,Guinea,GIN,Africa,2024,all,All ages,a,All sexes,26000
gin,Guinea,GIN,Africa,2024,all,All ages,f,Female,10000
gin,Guinea,GIN,Africa,2024,all,All ages,m,Male,16000
gnb,Guinea-Bissau,GNB,Africa,2024,0_14,0-14,a,All sexes,480
gnb,Guinea-Bissau,GNB,Africa,2024,0_14,0-14,f,Female,220
gnb,Guinea-Bissau,GNB,Africa,2024,0_14,0-14,m,Male,260
gnb,Guinea-Bissau,GNB,Africa,2024,0_4,0-4,a,All sexes,250
gnb,Guinea-Bissau,GNB,Africa,2024,0_4,0-4,f,Female,110
gnb,Guinea-Bissau,GNB,Africa,2024,0_4,0-4,m,Male,140
gnb,Guinea-Bissau,GNB,Africa,2024,10_14,10-14,a,All sexes,120
gnb,Guinea-Bissau,GNB,Africa,2024,10_14,10-14,f,Female,60
gnb,Guinea-Bissau,GNB,Africa,2024,10_14,10-14,m,Male,60
gnb,Guinea-Bissau,GNB,Africa,2024,15_19,15-19,a,All sexes,270
gnb,Guinea-Bissau,GNB,Africa,2024,15_19,15-19,f,Female,110
gnb,Guinea-Bissau,GNB,Africa,2024,15_19,15-19,m,Male,160
gnb,Guinea-Bissau,GNB,Africa,2024,15_24,15-24,a,All sexes,560
gnb,Guinea-Bissau,GNB,Africa,2024,15_24,15-24,f,Female,230
gnb,Guinea-Bissau,GNB,Africa,2024,15_24,15-24,m,Male,340
gnb,Guinea-Bissau,GNB,Africa,2024,15plus,15+,a,All sexes,3400
gnb,Guinea-Bissau,GNB,Africa,2024,15plus,15+,f,Female,1300
gnb,Guinea-Bissau,GNB,Africa,2024,15plus,15+,m,Male,2100
gnb,Guinea-Bissau,GNB,Africa,2024,20_24,20-24,a,All sexes,290
gnb,Guinea-Bissau,GNB,Africa,2024,20_24,20-24,f,Female,120
gnb,Guinea-Bissau,GNB,Africa,2024,20_24,20-24,m,Male,170
gnb,Guinea-Bissau,GNB,Africa,2024,25_34,25-34,a,All sexes,900
gnb,Guinea-Bissau,GNB,Africa,2024,25_34,25-34,f,Female,350
gnb,Guinea-Bissau,GNB,Africa,2024,25_34,25-34,m,Male,550
gnb,Guinea-Bissau,GNB,Africa,2024,35_44,35-44,a,All sexes,810
gnb,Guinea-Bissau,GNB,Africa,2024,35_44,35-44,f,Female,290
gnb,Guinea-Bissau,GNB,Africa,2024,35_44,35-44,m,Male,520
gnb,Guinea-Bissau,GNB,Africa,2024,45_54,45-54,a,All sexes,510
gnb,Guinea-Bissau,GNB,Africa,2024,45_54,45-54,f,Female,190
gnb,Guinea-Bissau,GNB,Africa,2024,45_54,45-54,m,Male,320
gnb,Guinea-Bissau,GNB,Africa,2024,55_64,55-64,a,All sexes,310
gnb,Guinea-Bissau,GNB,Africa,2024,55_64,55-64,f,Female,130
gnb,Guinea-Bissau,GNB,Africa,2024,55_64,55-64,m,Male,180
gnb,Guinea-Bissau,GNB,Africa,2024,5_14,5-14,a,All sexes,230
gnb,Guinea-Bissau,GNB,Africa,2024,5_14,5-14,f,Female,110
gnb,Guinea-Bissau,GNB,Africa,2024,5_14,5-14,m,Male,120
gnb,Guinea-Bissau,GNB,Africa,2024,5_9,5-9,a,All sexes,110
gnb,Guinea-Bissau,GNB,Africa,2024,5_9,5-9,f,Female,55
gnb,Guinea-Bissau,GNB,Africa,2024,5_9,5-9,m,Male,55
gnb,Guinea-Bissau,GNB,Africa,2024,65plus,65+,a,All sexes,290
gnb,Guinea-Bissau,GNB,Africa,2024,65plus,65+,f,Female,130
gnb,Guinea-Bissau,GNB,Africa,2024,65plus,65+,m,Male,160
gnb,Guinea-Bissau,GNB,Africa,2024,all,All ages,a,All sexes,3900
gnb,Guinea-Bissau,GNB,Africa,2024,all,All ages,f,Female,1500
gnb,Guinea-Bissau,GNB,Africa,2024,all,All ages,m,Male,2300
guy,Guyana,GUY,Americas,2024,0_14,0-14,a,All sexes,13
guy,Guyana,GUY,Americas,2024,0_14,0-14,f,Female,8
guy,Guyana,GUY,Americas,2024,0_14,0-14,m,Male,5
guy,Guyana,GUY,Americas,2024,0_4,0-4,a,All sexes,3
guy,Guyana,GUY,Americas,2024,0_4,0-4,f,Female,1
guy,Guyana,GUY,Americas,2024,0_4,0-4,m,Male,1
guy,Guyana,GUY,Americas,2024,10_14,10-14,a,All sexes,7
guy,Guyana,GUY,Americas,2024,10_14,10-14,f,Female,4
guy,Guyana,GUY,Americas,2024,10_14,10-14,m,Male,3
guy,Guyana,GUY,Americas,2024,15_19,15-19,a,All sexes,30
guy,Guyana,GUY,Americas,2024,15_19,15-19,f,Female,14
guy,Guyana,GUY,Americas,2024,15_19,15-19,m,Male,16
guy,Guyana,GUY,Americas,2024,15_24,15-24,a,All sexes,69
guy,Guyana,GUY,Americas,2024,15_24,15-24,f,Female,33
guy,Guyana,GUY,Americas,2024,15_24,15-24,m,Male,37
guy,Guyana,GUY,Americas,2024,15plus,15+,a,All sexes,540
guy,Guyana,GUY,Americas,2024,15plus,15+,f,Female,140
guy,Guyana,GUY,Americas,2024,15plus,15+,m,Male,400
guy,Guyana,GUY,Americas,2024,20_24,20-24,a,All sexes,39
guy,Guyana,GUY,Americas,2024,20_24,20-24,f,Female,18
guy,Guyana,GUY,Americas,2024,20_24,20-24,m,Male,21
guy,Guyana,GUY,Americas,2024,25_34,25-34,a,All sexes,100
guy,Guyana,GUY,Americas,2024,25_34,25-34,f,Female,26
guy,Guyana,GUY,Americas,2024,25_34,25-34,m,Male,74
guy,Guyana,GUY,Americas,2024,35_44,35-44,a,All sexes,110
guy,Guyana,GUY,Americas,2024,35_44,35-44,f,Female,20
guy,Guyana,GUY,Americas,2024,35_44,35-44,m,Male,86
guy,Guyana,GUY,Americas,2024,45_54,45-54,a,All sexes,120
guy,Guyana,GUY,Americas,2024,45_54,45-54,f,Female,27
guy,Guyana,GUY,Americas,2024,45_54,45-54,m,Male,95
guy,Guyana,GUY,Americas,2024,55_64,55-64,a,All sexes,87
guy,Guyana,GUY,Americas,2024,55_64,55-64,f,Female,13
guy,Guyana,GUY,Americas,2024,55_64,55-64,m,Male,74
guy,Guyana,GUY,Americas,2024,5_14,5-14,a,All sexes,10
guy,Guyana,GUY,Americas,2024,5_14,5-14,f,Female,7
guy,Guyana,GUY,Americas,2024,5_14,5-14,m,Male,4
guy,Guyana,GUY,Americas,2024,5_9,5-9,a,All sexes,4
guy,Guyana,GUY,Americas,2024,5_9,5-9,f,Female,3
guy,Guyana,GUY,Americas,2024,5_9,5-9,m,Male,1
guy,Guyana,GUY,Americas,2024,65plus,65+,a,All sexes,55
guy,Guyana,GUY,Americas,2024,65plus,65+,f,Female,17
guy,Guyana,GUY,Americas,2024,65plus,65+,m,Male,38
guy,Guyana,GUY,Americas,2024,all,All ages,a,All sexes,550
guy,Guyana,GUY,Americas,2024,all,All ages,f,Female,140
guy,Guyana,GUY,Americas,2024,all,All ages,m,Male,410
hti,Haiti,HTI,Americas,2024,0_14,0-14,a,All sexes,2200
hti,Haiti,HTI,Americas,2024,0_14,0-14,f,Female,1000
hti,Haiti,HTI,Americas,2024,0_14,0-14,m,Male,1100
hti,Haiti,HTI,Americas,2024,0_4,0-4,a,All sexes,960
hti,Haiti,HTI,Americas,2024,0_4,0-4,f,Female,440
hti,Haiti,HTI,Americas,2024,0_4,0-4,m,Male,520
hti,Haiti,HTI,Americas,2024,10_14,10-14,a,All sexes,820
hti,Haiti,HTI,Americas,2024,10_14,10-14,f,Female,410
hti,Haiti,HTI,Americas,2024,10_14,10-14,m,Male,410
hti,Haiti,HTI,Americas,2024,15_19,15-19,a,All sexes,1200
hti,Haiti,HTI,Americas,2024,15_19,15-19,f,Female,590
hti,Haiti,HTI,Americas,2024,15_19,15-19,m,Male,610
hti,Haiti,HTI,Americas,2024,15_24,15-24,a,All sexes,3400
hti,Haiti,HTI,Americas,2024,15_24,15-24,f,Female,1700
hti,Haiti,HTI,Americas,2024,15_24,15-24,m,Male,1700
hti,Haiti,HTI,Americas,2024,15plus,15+,a,All sexes,18000
hti,Haiti,HTI,Americas,2024,15plus,15+,f,Female,8400
hti,Haiti,HTI,Americas,2024,15plus,15+,m,Male,10000
hti,Haiti,HTI,Americas,2024,20_24,20-24,a,All sexes,2200
hti,Haiti,HTI,Americas,2024,20_24,20-24,f,Female,1100
hti,Haiti,HTI,Americas,2024,20_24,20-24,m,Male,1100
hti,Haiti,HTI,Americas,2024,25_34,25-34,a,All sexes,4600
hti,Haiti,HTI,Americas,2024,25_34,25-34,f,Female,2100
hti,Haiti,HTI,Americas,2024,25_34,25-34,m,Male,2600
hti,Haiti,HTI,Americas,2024,35_44,35-44,a,All sexes,4900
hti,Haiti,HTI,Americas,2024,35_44,35-44,f,Female,2200
hti,Haiti,HTI,Americas,2024,35_44,35-44,m,Male,2600
hti,Haiti,HTI,Americas,2024,45_54,45-54,a,All sexes,2300
hti,Haiti,HTI,Americas,2024,45_54,45-54,f,Female,1100
hti,Haiti,HTI,Americas,2024,45_54,45-54,m,Male,1200
hti,Haiti,HTI,Americas,2024,55_64,55-64,a,All sexes,1900
hti,Haiti,HTI,Americas,2024,55_64,55-64,f,Female,700
hti,Haiti,HTI,Americas,2024,55_64,55-64,m,Male,1200
hti,Haiti,HTI,Americas,2024,5_14,5-14,a,All sexes,1200
hti,Haiti,HTI,Americas,2024,5_14,5-14,f,Female,600
hti,Haiti,HTI,Americas,2024,5_14,5-14,m,Male,600
hti,Haiti,HTI,Americas,2024,5_9,5-9,a,All sexes,380
hti,Haiti,HTI,Americas,2024,5_9,5-9,f,Female,190
hti,Haiti,HTI,Americas,2024,5_9,5-9,m,Male,190
hti,Haiti,HTI,Americas,2024,65plus,65+,a,All sexes,1300
hti,Haiti,HTI,Americas,2024,65plus,65+,f,Female,590
hti,Haiti,HTI,Americas,2024,65plus,65+,m,Male,710
hti,Haiti,HTI,Americas,2024,all,All ages,a,All sexes,21000
hti,Haiti,HTI,Americas,2024,all,All ages,f,Female,9400
hti,Haiti,HTI,Americas,2024,all,All ages,m,Male,11000
hnd,Honduras,HND,Americas,2024,0_14,0-14,a,All sexes,110
hnd,Honduras,HND,Americas,2024,0_14,0-14,f,Female,54
hnd,Honduras,HND,Americas,2024,0_14,0-14,m,Male,54
hnd,Honduras,HND,Americas,2024,0_4,0-4,a,All sexes,35
hnd,Honduras,HND,Americas,2024,0_4,0-4,f,Female,19
hnd,Honduras,HND,Americas,2024,0_4,0-4,m,Male,17
hnd,Honduras,HND,Americas,2024,10_14,10-14,a,All sexes,43
hnd,Honduras,HND,Americas,2024,10_14,10-14,f,Female,23
hnd,Honduras,HND,Americas,2024,10_14,10-14,m,Male,20
hnd,Honduras,HND,Americas,2024,15_19,15-19,a,All sexes,160
hnd,Honduras,HND,Americas,2024,15_19,15-19,f,Female,74
hnd,Honduras,HND,Americas,2024,15_19,15-19,m,Male,82
hnd,Honduras,HND,Americas,2024,15_24,15-24,a,All sexes,520
hnd,Honduras,HND,Americas,2024,15_24,15-24,f,Female,190
hnd,Honduras,HND,Americas,2024,15_24,15-24,m,Male,330
hnd,Honduras,HND,Americas,2024,15plus,15+,a,All sexes,4000
hnd,Honduras,HND,Americas,2024,15plus,15+,f,Female,1400
hnd,Honduras,HND,Americas,2024,15plus,15+,m,Male,2600
hnd,Honduras,HND,Americas,2024,20_24,20-24,a,All sexes,360
hnd,Honduras,HND,Americas,2024,20_24,20-24,f,Female,110
hnd,Honduras,HND,Americas,2024,20_24,20-24,m,Male,250
hnd,Honduras,HND,Americas,2024,25_34,25-34,a,All sexes,750
hnd,Honduras,HND,Americas,2024,25_34,25-34,f,Female,210
hnd,Honduras,HND,Americas,2024,25_34,25-34,m,Male,530
hnd,Honduras,HND,Americas,2024,35_44,35-44,a,All sexes,670
hnd,Honduras,HND,Americas,2024,35_44,35-44,f,Female,200
hnd,Honduras,HND,Americas,2024,35_44,35-44,m,Male,470
hnd,Honduras,HND,Americas,2024,45_54,45-54,a,All sexes,590
hnd,Honduras,HND,Americas,2024,45_54,45-54,f,Female,200
hnd,Honduras,HND,Americas,2024,45_54,45-54,m,Male,390
hnd,Honduras,HND,Americas,2024,55_64,55-64,a,All sexes,570
hnd,Honduras,HND,Americas,2024,55_64,55-64,f,Female,220
hnd,Honduras,HND,Americas,2024,55_64,55-64,m,Male,360
hnd,Honduras,HND,Americas,2024,5_14,5-14,a,All sexes,72
hnd,Honduras,HND,Americas,2024,5_14,5-14,f,Female,35
hnd,Honduras,HND,Americas,2024,5_14,5-14,m,Male,37
hnd,Honduras,HND,Americas,2024,5_9,5-9,a,All sexes,29
hnd,Honduras,HND,Americas,2024,5_9,5-9,f,Female,12
hnd,Honduras,HND,Americas,2024,5_9,5-9,m,Male,17
hnd,Honduras,HND,Americas,2024,65plus,65+,a,All sexes,870
hnd,Honduras,HND,Americas,2024,65plus,65+,f,Female,340
hnd,Honduras,HND,Americas,2024,65plus,65+,m,Male,530
hnd,Honduras,HND,Americas,2024,all,All ages,a,All sexes,4100
hnd,Honduras,HND,Americas,2024,all,All ages,f,Female,1400
hnd,Honduras,HND,Americas,2024,all,All ages,m,Male,2700
hkg,"Hong Kong SAR, China",HKG,Western Pacific,2024,0_14,0-14,a,All sexes,17
hkg,"Hong Kong SAR, China",HKG,Western Pacific,2024,0_14,0-14,f,Female,6
hkg,"Hong Kong SAR, China",HKG,Western Pacific,2024,0_14,0-14,m,Male,11
hkg,"Hong Kong SAR, China",HKG,Western Pacific,2024,0_4,0-4,a,All sexes,2
hkg,"Hong Kong SAR, China",HKG,Western Pacific,2024,0_4,0-4,f,Female,2
hkg,"Hong Kong SAR, China",HKG,Western Pacific,2024,0_4,0-4,m,Male,0
hkg,"Hong Kong SAR, China",HKG,Western Pacific,2024,10_14,10-14,a,All sexes,12
hkg,"Hong Kong SAR, China",HKG,Western Pacific,2024,10_14,10-14,f,Female,5
hkg,"Hong Kong SAR, China",HKG,Western Pacific,2024,10_14,10-14,m,Male,8
hkg,"Hong Kong SAR, China",HKG,Western Pacific,2024,15_19,15-19,a,All sexes,48
hkg,"Hong Kong SAR, China",HKG,Western Pacific,2024,15_19,15-19,f,Female,25
hkg,"Hong Kong SAR, China",HKG,Western Pacific,2024,15_19,15-19,m,Male,23
hkg,"Hong Kong SAR, China",HKG,Western Pacific,2024,15_24,15-24,a,All sexes,120
hkg,"Hong Kong SAR, China",HKG,Western Pacific,2024,15_24,15-24,f,Female,66
hkg,"Hong Kong SAR, China",HKG,Western Pacific,2024,15_24,15-24,m,Male,49
hkg,"Hong Kong SAR, China",HKG,Western Pacific,2024,15plus,15+,a,All sexes,4900
hkg,"Hong Kong SAR, China",HKG,Western Pacific,2024,15plus,15+,f,Female,1700
hkg,"Hong Kong SAR, China",HKG,Western Pacific,2024,15plus,15+,m,Male,3200
hkg,"Hong Kong SAR, China",HKG,Western Pacific,2024,20_24,20-24,a,All sexes,68
hkg,"Hong Kong SAR, China",HKG,Western Pacific,2024,20_24,20-24,f,Female,42
hkg,"Hong Kong SAR, China",HKG,Western Pacific,2024,20_24,20-24,m,Male,26
hkg,"Hong Kong SAR, China",HKG,Western Pacific,2024,25_34,25-34,a,All sexes,300
hkg,"Hong Kong SAR, China",HKG,Western Pacific,2024,25_34,25-34,f,Female,200
hkg,"Hong Kong SAR, China",HKG,Western Pacific,2024,25_34,25-34,m,Male,110
hkg,"Hong Kong SAR, China",HKG,Western Pacific,2024,35_44,35-44,a,All sexes,400
hkg,"Hong Kong SAR, China",HKG,Western Pacific,2024,35_44,35-44,f,Female,220
hkg,"Hong Kong SAR, China",HKG,Western Pacific,2024,35_44,35-44,m,Male,180
hkg,"Hong Kong SAR, China",HKG,Western Pacific,2024,45_54,45-54,a,All sexes,530
hkg,"Hong Kong SAR, China",HKG,Western Pacific,2024,45_54,45-54,f,Female,250
hkg,"Hong Kong SAR, China",HKG,Western Pacific,2024,45_54,45-54,m,Male,280
hkg,"Hong Kong SAR, China",HKG,Western Pacific,2024,55_64,55-64,a,All sexes,820
hkg,"Hong Kong SAR, China",HKG,Western Pacific,2024,55_64,55-64,f,Female,270
hkg,"Hong Kong SAR, China",HKG,Western Pacific,2024,55_64,55-64,m,Male,540
hkg,"Hong Kong SAR, China",HKG,Western Pacific,2024,5_14,5-14,a,All sexes,15
hkg,"Hong Kong SAR, China",HKG,Western Pacific,2024,5_14,5-14,f,Female,5
hkg,"Hong Kong SAR, China",HKG,Western Pacific,2024,5_14,5-14,m,Male,11
hkg,"Hong Kong SAR, China",HKG,Western Pacific,2024,5_9,5-9,a,All sexes,3
hkg,"Hong Kong SAR, China",HKG,Western Pacific,2024,5_9,5-9,f,Female,0
hkg,"Hong Kong SAR, China",HKG,Western Pacific,2024,5_9,5-9,m,Male,3
hkg,"Hong Kong SAR, China",HKG,Western Pacific,2024,65plus,65+,a,All sexes,2700
hkg,"Hong Kong SAR, China",HKG,Western Pacific,2024,65plus,65+,f,Female,710
hkg,"Hong Kong SAR, China",HKG,Western Pacific,2024,65plus,65+,m,Male,2000
hkg,"Hong Kong SAR, China",HKG,Western Pacific,2024,all,All ages,a,All sexes,4900
hkg,"Hong Kong SAR, China",HKG,Western Pacific,2024,all,All ages,f,Female,1700
hkg,"Hong Kong SAR, China",HKG,Western Pacific,2024,all,All ages,m,Male,3200
hun,Hungary,HUN,Europe,2024,0_14,0-14,a,All sexes,11
hun,Hungary,HUN,Europe,2024,0_14,0-14,f,Female,5
hun,Hungary,HUN,Europe,2024,0_14,0-14,m,Male,6
hun,Hungary,HUN,Europe,2024,0_4,0-4,a,All sexes,4
hun,Hungary,HUN,Europe,2024,0_4,0-4,f,Female,1
hun,Hungary,HUN,Europe,2024,0_4,0-4,m,Male,3
hun,Hungary,HUN,Europe,2024,10_14,10-14,a,All sexes,5
hun,Hungary,HUN,Europe,2024,10_14,10-14,f,Female,4
hun,Hungary,HUN,Europe,2024,10_14,10-14,m,Male,1
hun,Hungary,HUN,Europe,2024,15_19,15-19,a,All sexes,9
hun,Hungary,HUN,Europe,2024,15_19,15-19,f,Female,5
hun,Hungary,HUN,Europe,2024,15_19,15-19,m,Male,4
hun,Hungary,HUN,Europe,2024,15_24,15-24,a,All sexes,33
hun,Hungary,HUN,Europe,2024,15_24,15-24,f,Female,14
hun,Hungary,HUN,Europe,2024,15_24,15-24,m,Male,19
hun,Hungary,HUN,Europe,2024,15plus,15+,a,All sexes,530
hun,Hungary,HUN,Europe,2024,15plus,15+,f,Female,180
hun,Hungary,HUN,Europe,2024,15plus,15+,m,Male,350
hun,Hungary,HUN,Europe,2024,20_24,20-24,a,All sexes,24
hun,Hungary,HUN,Europe,2024,20_24,20-24,f,Female,9
hun,Hungary,HUN,Europe,2024,20_24,20-24,m,Male,15
hun,Hungary,HUN,Europe,2024,25_34,25-34,a,All sexes,70
hun,Hungary,HUN,Europe,2024,25_34,25-34,f,Female,22
hun,Hungary,HUN,Europe,2024,25_34,25-34,m,Male,49
hun,Hungary,HUN,Europe,2024,35_44,35-44,a,All sexes,75
hun,Hungary,HUN,Europe,2024,35_44,35-44,f,Female,28
hun,Hungary,HUN,Europe,2024,35_44,35-44,m,Male,47
hun,Hungary,HUN,Europe,2024,45_54,45-54,a,All sexes,100
hun,Hungary,HUN,Europe,2024,45_54,45-54,f,Female,34
hun,Hungary,HUN,Europe,2024,45_54,45-54,m,Male,70
hun,Hungary,HUN,Europe,2024,55_64,55-64,a,All sexes,130
hun,Hungary,HUN,Europe,2024,55_64,55-64,f,Female,33
hun,Hungary,HUN,Europe,2024,55_64,55-64,m,Male,100
hun,Hungary,HUN,Europe,2024,5_14,5-14,a,All sexes,8
hun,Hungary,HUN,Europe,2024,5_14,5-14,f,Female,4
hun,Hungary,HUN,Europe,2024,5_14,5-14,m,Male,4
hun,Hungary,HUN,Europe,2024,5_9,5-9,a,All sexes,3
hun,Hungary,HUN,Europe,2024,5_9,5-9,f,Female,0
hun,Hungary,HUN,Europe,2024,5_9,5-9,m,Male,3
hun,Hungary,HUN,Europe,2024,65plus,65+,a,All sexes,110
hun,Hungary,HUN,Europe,2024,65plus,65+,f,Female,49
hun,Hungary,HUN,Europe,2024,65plus,65+,m,Male,63
hun,Hungary,HUN,Europe,2024,all,All ages,a,All sexes,540
hun,Hungary,HUN,Europe,2024,all,All ages,f,Female,190
hun,Hungary,HUN,Europe,2024,all,All ages,m,Male,360
ind,India,IND,South-East Asia,2024,0_14,0-14,a,All sexes,289000
ind,India,IND,South-East Asia,2024,0_14,0-14,f,Female,138000
ind,India,IND,South-East Asia,2024,0_14,0-14,m,Male,151000
ind,India,IND,South-East Asia,2024,0_4,0-4,a,All sexes,120000
ind,India,IND,South-East Asia,2024,0_4,0-4,f,Female,52000
ind,India,IND,South-East Asia,2024,0_4,0-4,m,Male,68000
ind,India,IND,South-East Asia,2024,10_14,10-14,a,All sexes,99000
ind,India,IND,South-East Asia,2024,10_14,10-14,f,Female,51000
ind,India,IND,South-East Asia,2024,10_14,10-14,m,Male,48000
ind,India,IND,South-East Asia,2024,15_19,15-19,a,All sexes,227000
ind,India,IND,South-East Asia,2024,15_19,15-19,f,Female,125000
ind,India,IND,South-East Asia,2024,15_19,15-19,m,Male,102000
ind,India,IND,South-East Asia,2024,15_24,15-24,a,All sexes,529000
ind,India,IND,South-East Asia,2024,15_24,15-24,f,Female,283000
ind,India,IND,South-East Asia,2024,15_24,15-24,m,Male,246000
ind,India,IND,South-East Asia,2024,15plus,15+,a,All sexes,2420000
ind,India,IND,South-East Asia,2024,15plus,15+,f,Female,961000
ind,India,IND,South-East Asia,2024,15plus,15+,m,Male,1460000
ind,India,IND,South-East Asia,2024,20_24,20-24,a,All sexes,302000
ind,India,IND,South-East Asia,2024,20_24,20-24,f,Female,158000
ind,India,IND,South-East Asia,2024,20_24,20-24,m,Male,144000
ind,India,IND,South-East Asia,2024,25_34,25-34,a,All sexes,489000
ind,India,IND,South-East Asia,2024,25_34,25-34,f,Female,228000
ind,India,IND,South-East Asia,2024,25_34,25-34,m,Male,261000
ind,India,IND,South-East Asia,2024,35_44,35-44,a,All sexes,392000
ind,India,IND,South-East Asia,2024,35_44,35-44,f,Female,143000
ind,India,IND,South-East Asia,2024,35_44,35-44,m,Male,250000
ind,India,IND,South-East Asia,2024,45_54,45-54,a,All sexes,375000
ind,India,IND,South-East Asia,2024,45_54,45-54,f,Female,120000
ind,India,IND,South-East Asia,2024,45_54,45-54,m,Male,255000
ind,India,IND,South-East Asia,2024,55_64,55-64,a,All sexes,341000
ind,India,IND,South-East Asia,2024,55_64,55-64,f,Female,103000
ind,India,IND,South-East Asia,2024,55_64,55-64,m,Male,238000
ind,India,IND,South-East Asia,2024,5_14,5-14,a,All sexes,169000
ind,India,IND,South-East Asia,2024,5_14,5-14,f,Female,85000
ind,India,IND,South-East Asia,2024,5_14,5-14,m,Male,83000
ind,India,IND,South-East Asia,2024,5_9,5-9,a,All sexes,70000
ind,India,IND,South-East Asia,2024,5_9,5-9,f,Female,35000
ind,India,IND,South-East Asia,2024,5_9,5-9,m,Male,35000
ind,India,IND,South-East Asia,2024,65plus,65+,a,All sexes,292000
ind,India,IND,South-East Asia,2024,65plus,65+,f,Female,84000
ind,India,IND,South-East Asia,2024,65plus,65+,m,Male,208000
ind,India,IND,South-East Asia,2024,all,All ages,a,All sexes,2710000
ind,India,IND,South-East Asia,2024,all,All ages,f,Female,1100000
ind,India,IND,South-East Asia,2024,all,All ages,m,Male,1610000
idn,Indonesia,IDN,Western Pacific,2024,0_14,0-14,a,All sexes,179000
idn,Indonesia,IDN,Western Pacific,2024,0_14,0-14,f,Female,87000
idn,Indonesia,IDN,Western Pacific,2024,0_14,0-14,m,Male,92000
idn,Indonesia,IDN,Western Pacific,2024,0_4,0-4,a,All sexes,107000
idn,Indonesia,IDN,Western Pacific,2024,0_4,0-4,f,Female,51000
idn,Indonesia,IDN,Western Pacific,2024,0_4,0-4,m,Male,56000
idn,Indonesia,IDN,Western Pacific,2024,10_14,10-14,a,All sexes,26000
idn,Indonesia,IDN,Western Pacific,2024,10_14,10-14,f,Female,14000
idn,Indonesia,IDN,Western Pacific,2024,10_14,10-14,m,Male,12000
idn,Indonesia,IDN,Western Pacific,2024,15_19,15-19,a,All sexes,58000
idn,Indonesia,IDN,Western Pacific,2024,15_19,15-19,f,Female,33000
idn,Indonesia,IDN,Western Pacific,2024,15_19,15-19,m,Male,26000
idn,Indonesia,IDN,Western Pacific,2024,15_24,15-24,a,All sexes,145000
idn,Indonesia,IDN,Western Pacific,2024,15_24,15-24,f,Female,77000
idn,Indonesia,IDN,Western Pacific,2024,15_24,15-24,m,Male,69000
idn,Indonesia,IDN,Western Pacific,2024,15plus,15+,a,All sexes,905000
idn,Indonesia,IDN,Western Pacific,2024,15plus,15+,f,Female,371000
idn,Indonesia,IDN,Western Pacific,2024,15plus,15+,m,Male,534000
idn,Indonesia,IDN,Western Pacific,2024,20_24,20-24,a,All sexes,87000
idn,Indonesia,IDN,Western Pacific,2024,20_24,20-24,f,Female,44000
idn,Indonesia,IDN,Western Pacific,2024,20_24,20-24,m,Male,43000
idn,Indonesia,IDN,Western Pacific,2024,25_34,25-34,a,All sexes,147000
idn,Indonesia,IDN,Western Pacific,2024,25_34,25-34,f,Female,65000
idn,Indonesia,IDN,Western Pacific,2024,25_34,25-34,m,Male,83000
idn,Indonesia,IDN,Western Pacific,2024,35_44,35-44,a,All sexes,146000
idn,Indonesia,IDN,Western Pacific,2024,35_44,35-44,f,Female,59000
idn,Indonesia,IDN,Western Pacific,2024,35_44,35-44,m,Male,87000
idn,Indonesia,IDN,Western Pacific,2024,45_54,45-54,a,All sexes,171000
idn,Indonesia,IDN,Western Pacific,2024,45_54,45-54,f,Female,68000
idn,Indonesia,IDN,Western Pacific,2024,45_54,45-54,m,Male,103000
idn,Indonesia,IDN,Western Pacific,2024,55_64,55-64,a,All sexes,166000
idn,Indonesia,IDN,Western Pacific,2024,55_64,55-64,f,Female,61000
idn,Indonesia,IDN,Western Pacific,2024,55_64,55-64,m,Male,105000
idn,Indonesia,IDN,Western Pacific,2024,5_14,5-14,a,All sexes,72000
idn,Indonesia,IDN,Western Pacific,2024,5_14,5-14,f,Female,36000
idn,Indonesia,IDN,Western Pacific,2024,5_14,5-14,m,Male,36000
idn,Indonesia,IDN,Western Pacific,2024,5_9,5-9,a,All sexes,45000
idn,Indonesia,IDN,Western Pacific,2024,5_9,5-9,f,Female,21000
idn,Indonesia,IDN,Western Pacific,2024,5_9,5-9,m,Male,24000
idn,Indonesia,IDN,Western Pacific,2024,65plus,65+,a,All sexes,130000
idn,Indonesia,IDN,Western Pacific,2024,65plus,65+,f,Female,42000
idn,Indonesia,IDN,Western Pacific,2024,65plus,65+,m,Male,88000
idn,Indonesia,IDN,Western Pacific,2024,all,All ages,a,All sexes,1080000
idn,Indonesia,IDN,Western Pacific,2024,all,All ages,f,Female,457000
idn,Indonesia,IDN,Western Pacific,2024,all,All ages,m,Male,626000
irn,Iran,IRN,Eastern Mediterranean,2024,0_14,0-14,a,All sexes,300
irn,Iran,IRN,Eastern Mediterranean,2024,0_14,0-14,f,Female,160
irn,Iran,IRN,Eastern Mediterranean,2024,0_14,0-14,m,Male,140
irn,Iran,IRN,Eastern Mediterranean,2024,0_4,0-4,a,All sexes,120
irn,Iran,IRN,Eastern Mediterranean,2024,0_4,0-4,f,Female,50
irn,Iran,IRN,Eastern Mediterranean,2024,0_4,0-4,m,Male,69
irn,Iran,IRN,Eastern Mediterranean,2024,10_14,10-14,a,All sexes,94
irn,Iran,IRN,Eastern Mediterranean,2024,10_14,10-14,f,Female,65
irn,Iran,IRN,Eastern Mediterranean,2024,10_14,10-14,m,Male,29
irn,Iran,IRN,Eastern Mediterranean,2024,15_19,15-19,a,All sexes,330
irn,Iran,IRN,Eastern Mediterranean,2024,15_19,15-19,f,Female,180
irn,Iran,IRN,Eastern Mediterranean,2024,15_19,15-19,m,Male,150
irn,Iran,IRN,Eastern Mediterranean,2024,15_24,15-24,a,All sexes,870
irn,Iran,IRN,Eastern Mediterranean,2024,15_24,15-24,f,Female,400
irn,Iran,IRN,Eastern Mediterranean,2024,15_24,15-24,m,Male,480
irn,Iran,IRN,Eastern Mediterranean,2024,15plus,15+,a,All sexes,9300
irn,Iran,IRN,Eastern Mediterranean,2024,15plus,15+,f,Female,4000
irn,Iran,IRN,Eastern Mediterranean,2024,15plus,15+,m,Male,5200
irn,Iran,IRN,Eastern Mediterranean,2024,20_24,20-24,a,All sexes,540
irn,Iran,IRN,Eastern Mediterranean,2024,20_24,20-24,f,Female,220
irn,Iran,IRN,Eastern Mediterranean,2024,20_24,20-24,m,Male,320
irn,Iran,IRN,Eastern Mediterranean,2024,25_34,25-34,a,All sexes,1100
irn,Iran,IRN,Eastern Mediterranean,2024,25_34,25-34,f,Female,430
irn,Iran,IRN,Eastern Mediterranean,2024,25_34,25-34,m,Male,690
irn,Iran,IRN,Eastern Mediterranean,2024,35_44,35-44,a,All sexes,1400
irn,Iran,IRN,Eastern Mediterranean,2024,35_44,35-44,f,Female,440
irn,Iran,IRN,Eastern Mediterranean,2024,35_44,35-44,m,Male,940
irn,Iran,IRN,Eastern Mediterranean,2024,45_54,45-54,a,All sexes,1300
irn,Iran,IRN,Eastern Mediterranean,2024,45_54,45-54,f,Female,490
irn,Iran,IRN,Eastern Mediterranean,2024,45_54,45-54,m,Male,770
irn,Iran,IRN,Eastern Mediterranean,2024,55_64,55-64,a,All sexes,1400
irn,Iran,IRN,Eastern Mediterranean,2024,55_64,55-64,f,Female,690
irn,Iran,IRN,Eastern Mediterranean,2024,55_64,55-64,m,Male,750
irn,Iran,IRN,Eastern Mediterranean,2024,5_14,5-14,a,All sexes,180
irn,Iran,IRN,Eastern Mediterranean,2024,5_14,5-14,f,Female,110
irn,Iran,IRN,Eastern Mediterranean,2024,5_14,5-14,m,Male,68
irn,Iran,IRN,Eastern Mediterranean,2024,5_9,5-9,a,All sexes,86
irn,Iran,IRN,Eastern Mediterranean,2024,5_9,5-9,f,Female,46
irn,Iran,IRN,Eastern Mediterranean,2024,5_9,5-9,m,Male,39
irn,Iran,IRN,Eastern Mediterranean,2024,65plus,65+,a,All sexes,3200
irn,Iran,IRN,Eastern Mediterranean,2024,65plus,65+,f,Female,1600
irn,Iran,IRN,Eastern Mediterranean,2024,65plus,65+,m,Male,1600
irn,Iran,IRN,Eastern Mediterranean,2024,all,All ages,a,All sexes,9600
irn,Iran,IRN,Eastern Mediterranean,2024,all,All ages,f,Female,4200
irn,Iran,IRN,Eastern Mediterranean,2024,all,All ages,m,Male,5400
irq,Iraq,IRQ,Eastern Mediterranean,2024,0_14,0-14,a,All sexes,710
irq,Iraq,IRQ,Eastern Mediterranean,2024,0_14,0-14,f,Female,380
irq,Iraq,IRQ,Eastern Mediterranean,2024,0_14,0-14,m,Male,340
irq,Iraq,IRQ,Eastern Mediterranean,2024,0_4,0-4,a,All sexes,230
irq,Iraq,IRQ,Eastern Mediterranean,2024,0_4,0-4,f,Female,94
irq,Iraq,IRQ,Eastern Mediterranean,2024,0_4,0-4,m,Male,140
irq,Iraq,IRQ,Eastern Mediterranean,2024,10_14,10-14,a,All sexes,270
irq,Iraq,IRQ,Eastern Mediterranean,2024,10_14,10-14,f,Female,160
irq,Iraq,IRQ,Eastern Mediterranean,2024,10_14,10-14,m,Male,110
irq,Iraq,IRQ,Eastern Mediterranean,2024,15_19,15-19,a,All sexes,760
irq,Iraq,IRQ,Eastern Mediterranean,2024,15_19,15-19,f,Female,400
irq,Iraq,IRQ,Eastern Mediterranean,2024,15_19,15-19,m,Male,350
irq,Iraq,IRQ,Eastern Mediterranean,2024,15_24,15-24,a,All sexes,1700
irq,Iraq,IRQ,Eastern Mediterranean,2024,15_24,15-24,f,Female,920
irq,Iraq,IRQ,Eastern Mediterranean,2024,15_24,15-24,m,Male,800
irq,Iraq,IRQ,Eastern Mediterranean,2024,15plus,15+,a,All sexes,9100
irq,Iraq,IRQ,Eastern Mediterranean,2024,15plus,15+,f,Female,4000
irq,Iraq,IRQ,Eastern Mediterranean,2024,15plus,15+,m,Male,5100
irq,Iraq,IRQ,Eastern Mediterranean,2024,20_24,20-24,a,All sexes,960
irq,Iraq,IRQ,Eastern Mediterranean,2024,20_24,20-24,f,Female,510
irq,Iraq,IRQ,Eastern Mediterranean,2024,20_24,20-24,m,Male,450
irq,Iraq,IRQ,Eastern Mediterranean,2024,25_34,25-34,a,All sexes,1900
irq,Iraq,IRQ,Eastern Mediterranean,2024,25_34,25-34,f,Female,640
irq,Iraq,IRQ,Eastern Mediterranean,2024,25_34,25-34,m,Male,1300
irq,Iraq,IRQ,Eastern Mediterranean,2024,35_44,35-44,a,All sexes,1600
irq,Iraq,IRQ,Eastern Mediterranean,2024,35_44,35-44,f,Female,630
irq,Iraq,IRQ,Eastern Mediterranean,2024,35_44,35-44,m,Male,960
irq,Iraq,IRQ,Eastern Mediterranean,2024,45_54,45-54,a,All sexes,1500
irq,Iraq,IRQ,Eastern Mediterranean,2024,45_54,45-54,f,Female,610
irq,Iraq,IRQ,Eastern Mediterranean,2024,45_54,45-54,m,Male,850
irq,Iraq,IRQ,Eastern Mediterranean,2024,55_64,55-64,a,All sexes,1100
irq,Iraq,IRQ,Eastern Mediterranean,2024,55_64,55-64,f,Female,540
irq,Iraq,IRQ,Eastern Mediterranean,2024,55_64,55-64,m,Male,580
irq,Iraq,IRQ,Eastern Mediterranean,2024,5_14,5-14,a,All sexes,480
irq,Iraq,IRQ,Eastern Mediterranean,2024,5_14,5-14,f,Female,280
irq,Iraq,IRQ,Eastern Mediterranean,2024,5_14,5-14,m,Male,200
irq,Iraq,IRQ,Eastern Mediterranean,2024,5_9,5-9,a,All sexes,210
irq,Iraq,IRQ,Eastern Mediterranean,2024,5_9,5-9,f,Female,120
irq,Iraq,IRQ,Eastern Mediterranean,2024,5_9,5-9,m,Male,86
irq,Iraq,IRQ,Eastern Mediterranean,2024,65plus,65+,a,All sexes,1300
irq,Iraq,IRQ,Eastern Mediterranean,2024,65plus,65+,f,Female,630
irq,Iraq,IRQ,Eastern Mediterranean,2024,65plus,65+,m,Male,630
irq,Iraq,IRQ,Eastern Mediterranean,2024,all,All ages,a,All sexes,9800
irq,Iraq,IRQ,Eastern Mediterranean,2024,all,All ages,f,Female,4300
irq,Iraq,IRQ,Eastern Mediterranean,2024,all,All ages,m,Male,5400
irl,Ireland,IRL,Europe,2024,0_14,0-14,a,All sexes,16
irl,Ireland,IRL,Europe,2024,0_14,0-14,f,Female,7
irl,Ireland,IRL,Europe,2024,0_14,0-14,m,Male,8
irl,Ireland,IRL,Europe,2024,0_4,0-4,a,All sexes,7
irl,Ireland,IRL,Europe,2024,0_4,0-4,f,Female,4
irl,Ireland,IRL,Europe,2024,0_4,0-4,m,Male,4
irl,Ireland,IRL,Europe,2024,10_14,10-14,a,All sexes,6
irl,Ireland,IRL,Europe,2024,10_14,10-14,f,Female,4
irl,Ireland,IRL,Europe,2024,10_14,10-14,m,Male,2
irl,Ireland,IRL,Europe,2024,15_19,15-19,a,All sexes,11
irl,Ireland,IRL,Europe,2024,15_19,15-19,f,Female,5
irl,Ireland,IRL,Europe,2024,15_19,15-19,m,Male,6
irl,Ireland,IRL,Europe,2024,15_24,15-24,a,All sexes,36
irl,Ireland,IRL,Europe,2024,15_24,15-24,f,Female,19
irl,Ireland,IRL,Europe,2024,15_24,15-24,m,Male,17
irl,Ireland,IRL,Europe,2024,15plus,15+,a,All sexes,310
irl,Ireland,IRL,Europe,2024,15plus,15+,f,Female,120
irl,Ireland,IRL,Europe,2024,15plus,15+,m,Male,190
irl,Ireland,IRL,Europe,2024,20_24,20-24,a,All sexes,25
irl,Ireland,IRL,Europe,2024,20_24,20-24,f,Female,14
irl,Ireland,IRL,Europe,2024,20_24,20-24,m,Male,11
irl,Ireland,IRL,Europe,2024,25_34,25-34,a,All sexes,83
irl,Ireland,IRL,Europe,2024,25_34,25-34,f,Female,33
irl,Ireland,IRL,Europe,2024,25_34,25-34,m,Male,51
irl,Ireland,IRL,Europe,2024,35_44,35-44,a,All sexes,69
irl,Ireland,IRL,Europe,2024,35_44,35-44,f,Female,24
irl,Ireland,IRL,Europe,2024,35_44,35-44,m,Male,45
irl,Ireland,IRL,Europe,2024,45_54,45-54,a,All sexes,39
irl,Ireland,IRL,Europe,2024,45_54,45-54,f,Female,17
irl,Ireland,IRL,Europe,2024,45_54,45-54,m,Male,22
irl,Ireland,IRL,Europe,2024,55_64,55-64,a,All sexes,40
irl,Ireland,IRL,Europe,2024,55_64,55-64,f,Female,7
irl,Ireland,IRL,Europe,2024,55_64,55-64,m,Male,33
irl,Ireland,IRL,Europe,2024,5_14,5-14,a,All sexes,8
irl,Ireland,IRL,Europe,2024,5_14,5-14,f,Female,4
irl,Ireland,IRL,Europe,2024,5_14,5-14,m,Male,5
irl,Ireland,IRL,Europe,2024,5_9,5-9,a,All sexes,2
irl,Ireland,IRL,Europe,2024,5_9,5-9,f,Female,0
irl,Ireland,IRL,Europe,2024,5_9,5-9,m,Male,2
irl,Ireland,IRL,Europe,2024,65plus,65+,a,All sexes,41
irl,Ireland,IRL,Europe,2024,65plus,65+,f,Female,17
irl,Ireland,IRL,Europe,2024,65plus,65+,m,Male,24
irl,Ireland,IRL,Europe,2024,all,All ages,a,All sexes,320
irl,Ireland,IRL,Europe,2024,all,All ages,f,Female,120
irl,Ireland,IRL,Europe,2024,all,All ages,m,Male,200
isr,Israel,ISR,Europe,2024,0_14,0-14,a,All sexes,11
isr,Israel,ISR,Europe,2024,0_14,0-14,f,Female,4
isr,Israel,ISR,Europe,2024,0_14,0-14,m,Male,7
isr,Israel,ISR,Europe,2024,0_4,0-4,a,All sexes,6
isr,Israel,ISR,Europe,2024,0_4,0-4,f,Female,1
isr,Israel,ISR,Europe,2024,0_4,0-4,m,Male,5
isr,Israel,ISR,Europe,2024,10_14,10-14,a,All sexes,2
isr,Israel,ISR,Europe,2024,10_14,10-14,f,Female,1
isr,Israel,ISR,Europe,2024,10_14,10-14,m,Male,1
isr,Israel,ISR,Europe,2024,15_19,15-19,a,All sexes,2
isr,Israel,ISR,Europe,2024,15_19,15-19,f,Female,2
isr,Israel,ISR,Europe,2024,15_19,15-19,m,Male,0
isr,Israel,ISR,Europe,2024,15_24,15-24,a,All sexes,15
isr,Israel,ISR,Europe,2024,15_24,15-24,f,Female,9
isr,Israel,ISR,Europe,2024,15_24,15-24,m,Male,6
isr,Israel,ISR,Europe,2024,15plus,15+,a,All sexes,220
isr,Israel,ISR,Europe,2024,15plus,15+,f,Female,76
isr,Israel,ISR,Europe,2024,15plus,15+,m,Male,140
isr,Israel,ISR,Europe,2024,20_24,20-24,a,All sexes,13
isr,Israel,ISR,Europe,2024,20_24,20-24,f,Female,7
isr,Israel,ISR,Europe,2024,20_24,20-24,m,Male,6
isr,Israel,ISR,Europe,2024,25_34,25-34,a,All sexes,41
isr,Israel,ISR,Europe,2024,25_34,25-34,f,Female,20
isr,Israel,ISR,Europe,2024,25_34,25-34,m,Male,21
isr,Israel,ISR,Europe,2024,35_44,35-44,a,All sexes,60
isr,Israel,ISR,Europe,2024,35_44,35-44,f,Female,14
isr,Israel,ISR,Europe,2024,35_44,35-44,m,Male,46
isr,Israel,ISR,Europe,2024,45_54,45-54,a,All sexes,42
isr,Israel,ISR,Europe,2024,45_54,45-54,f,Female,14
isr,Israel,ISR,Europe,2024,45_54,45-54,m,Male,28
isr,Israel,ISR,Europe,2024,55_64,55-64,a,All sexes,23
isr,Israel,ISR,Europe,2024,55_64,55-64,f,Female,2
isr,Israel,ISR,Europe,2024,55_64,55-64,m,Male,21
isr,Israel,ISR,Europe,2024,5_14,5-14,a,All sexes,5
isr,Israel,ISR,Europe,2024,5_14,5-14,f,Female,2
isr,Israel,ISR,Europe,2024,5_14,5-14,m,Male,2
isr,Israel,ISR,Europe,2024,5_9,5-9,a,All sexes,2
isr,Israel,ISR,Europe,2024,5_9,5-9,f,Female,1
isr,Israel,ISR,Europe,2024,5_9,5-9,m,Male,1
isr,Israel,ISR,Europe,2024,65plus,65+,a,All sexes,37
isr,Israel,ISR,Europe,2024,65plus,65+,f,Female,16
isr,Israel,ISR,Europe,2024,65plus,65+,m,Male,21
isr,Israel,ISR,Europe,2024,all,All ages,a,All sexes,230
isr,Israel,ISR,Europe,2024,all,All ages,f,Female,79
isr,Israel,ISR,Europe,2024,all,All ages,m,Male,150
ita,Italy,ITA,Europe,2024,0_14,0-14,a,All sexes,160
ita,Italy,ITA,Europe,2024,0_14,0-14,f,Female,71
ita,Italy,ITA,Europe,2024,0_14,0-14,m,Male,85
ita,Italy,ITA,Europe,2024,0_4,0-4,a,All sexes,69
ita,Italy,ITA,Europe,2024,0_4,0-4,f,Female,35
ita,Italy,ITA,Europe,2024,0_4,0-4,m,Male,34
ita,Italy,ITA,Europe,2024,10_14,10-14,a,All sexes,34
ita,Italy,ITA,Europe,2024,10_14,10-14,f,Female,14
ita,Italy,ITA,Europe,2024,10_14,10-14,m,Male,20
ita,Italy,ITA,Europe,2024,15_19,15-19,a,All sexes,180
ita,Italy,ITA,Europe,2024,15_19,15-19,f,Female,44
ita,Italy,ITA,Europe,2024,15_19,15-19,m,Male,140
ita,Italy,ITA,Europe,2024,15_24,15-24,a,All sexes,470
ita,Italy,ITA,Europe,2024,15_24,15-24,f,Female,100
ita,Italy,ITA,Europe,2024,15_24,15-24,m,Male,370
ita,Italy,ITA,Europe,2024,15plus,15+,a,All sexes,2800
ita,Italy,ITA,Europe,2024,15plus,15+,f,Female,870
ita,Italy,ITA,Europe,2024,15plus,15+,m,Male,1900
ita,Italy,ITA,Europe,2024,20_24,20-24,a,All sexes,290
ita,Italy,ITA,Europe,2024,20_24,20-24,f,Female,58
ita,Italy,ITA,Europe,2024,20_24,20-24,m,Male,240
ita,Italy,ITA,Europe,2024,25_34,25-34,a,All sexes,580
ita,Italy,ITA,Europe,2024,25_34,25-34,f,Female,160
ita,Italy,ITA,Europe,2024,25_34,25-34,m,Male,410
ita,Italy,ITA,Europe,2024,35_44,35-44,a,All sexes,480
ita,Italy,ITA,Europe,2024,35_44,35-44,f,Female,160
ita,Italy,ITA,Europe,2024,35_44,35-44,m,Male,320
ita,Italy,ITA,Europe,2024,45_54,45-54,a,All sexes,390
ita,Italy,ITA,Europe,2024,45_54,45-54,f,Female,130
ita,Italy,ITA,Europe,2024,45_54,45-54,m,Male,260
ita,Italy,ITA,Europe,2024,55_64,55-64,a,All sexes,340
ita,Italy,ITA,Europe,2024,55_64,55-64,f,Female,120
ita,Italy,ITA,Europe,2024,55_64,55-64,m,Male,220
ita,Italy,ITA,Europe,2024,5_14,5-14,a,All sexes,87
ita,Italy,ITA,Europe,2024,5_14,5-14,f,Female,36
ita,Italy,ITA,Europe,2024,5_14,5-14,m,Male,50
ita,Italy,ITA,Europe,2024,5_9,5-9,a,All sexes,53
ita,Italy,ITA,Europe,2024,5_9,5-9,f,Female,22
ita,Italy,ITA,Europe,2024,5_9,5-9,m,Male,31
ita,Italy,ITA,Europe,2024,65plus,65+,a,All sexes,560
ita,Italy,ITA,Europe,2024,65plus,65+,f,Female,210
ita,Italy,ITA,Europe,2024,65plus,65+,m,Male,350
ita,Italy,ITA,Europe,2024,all,All ages,a,All sexes,3000
ita,Italy,ITA,Europe,2024,all,All ages,f,Female,950
ita,Italy,ITA,Europe,2024,all,All ages,m,Male,2000
jam,Jamaica,JAM,Americas,2024,0_14,0-14,a,All sexes,7
jam,Jamaica,JAM,Americas,2024,0_14,0-14,f,Female,4
jam,Jamaica,JAM,Americas,2024,0_14,0-14,m,Male,3
jam,Jamaica,JAM,Americas,2024,0_4,0-4,a,All sexes,3
jam,Jamaica,JAM,Americas,2024,0_4,0-4,f,Female,1
jam,Jamaica,JAM,Americas,2024,0_4,0-4,m,Male,1
jam,Jamaica,JAM,Americas,2024,10_14,10-14,a,All sexes,3
jam,Jamaica,JAM,Americas,2024,10_14,10-14,f,Female,3
jam,Jamaica,JAM,Americas,2024,10_14,10-14,m,Male,0
jam,Jamaica,JAM,Americas,2024,15_19,15-19,a,All sexes,0
jam,Jamaica,JAM,Americas,2024,15_19,15-19,f,Female,0
jam,Jamaica,JAM,Americas,2024,15_19,15-19,m,Male,0
jam,Jamaica,JAM,Americas,2024,15_24,15-24,a,All sexes,7
jam,Jamaica,JAM,Americas,2024,15_24,15-24,f,Female,0
jam,Jamaica,JAM,Americas,2024,15_24,15-24,m,Male,7
jam,Jamaica,JAM,Americas,2024,15plus,15+,a,All sexes,58
jam,Jamaica,JAM,Americas,2024,15plus,15+,f,Female,13
jam,Jamaica,JAM,Americas,2024,15plus,15+,m,Male,44
jam,Jamaica,JAM,Americas,2024,20_24,20-24,a,All sexes,7
jam,Jamaica,JAM,Americas,2024,20_24,20-24,f,Female,0
jam,Jamaica,JAM,Americas,2024,20_24,20-24,m,Male,7
jam,Jamaica,JAM,Americas,2024,25_34,25-34,a,All sexes,13
jam,Jamaica,JAM,Americas,2024,25_34,25-34,f,Female,3
jam,Jamaica,JAM,Americas,2024,25_34,25-34,m,Male,11
jam,Jamaica,JAM,Americas,2024,35_44,35-44,a,All sexes,17
jam,Jamaica,JAM,Americas,2024,35_44,35-44,f,Female,5
jam,Jamaica,JAM,Americas,2024,35_44,35-44,m,Male,12
jam,Jamaica,JAM,Americas,2024,45_54,45-54,a,All sexes,12
jam,Jamaica,JAM,Americas,2024,45_54,45-54,f,Female,3
jam,Jamaica,JAM,Americas,2024,45_54,45-54,m,Male,9
jam,Jamaica,JAM,Americas,2024,55_64,55-64,a,All sexes,4
jam,Jamaica,JAM,Americas,2024,55_64,55-64,f,Female,0
jam,Jamaica,JAM,Americas,2024,55_64,55-64,m,Male,4
jam,Jamaica,JAM,Americas,2024,5_14,5-14,a,All sexes,4
jam,Jamaica,JAM,Americas,2024,5_14,5-14,f,Female,3
jam,Jamaica,JAM,Americas,2024,5_14,5-14,m,Male,1
jam,Jamaica,JAM,Americas,2024,5_9,5-9,a,All sexes,1
jam,Jamaica,JAM,Americas,2024,5_9,5-9,f,Female,0
jam,Jamaica,JAM,Americas,2024,5_9,5-9,m,Male,1
jam,Jamaica,JAM,Americas,2024,65plus,65+,a,All sexes,4
jam,Jamaica,JAM,Americas,2024,65plus,65+,f,Female,3
jam,Jamaica,JAM,Americas,2024,65plus,65+,m,Male,1
jam,Jamaica,JAM,Americas,2024,all,All ages,a,All sexes,64
jam,Jamaica,JAM,Americas,2024,all,All ages,f,Female,17
jam,Jamaica,JAM,Americas,2024,all,All ages,m,Male,47
jpn,Japan,JPN,Western Pacific,2024,0_14,0-14,a,All sexes,36
jpn,Japan,JPN,Western Pacific,2024,0_14,0-14,f,Female,17
jpn,Japan,JPN,Western Pacific,2024,0_14,0-14,m,Male,19
jpn,Japan,JPN,Western Pacific,2024,0_4,0-4,a,All sexes,23
jpn,Japan,JPN,Western Pacific,2024,0_4,0-4,f,Female,12
jpn,Japan,JPN,Western Pacific,2024,0_4,0-4,m,Male,11
jpn,Japan,JPN,Western Pacific,2024,10_14,10-14,a,All sexes,8
jpn,Japan,JPN,Western Pacific,2024,10_14,10-14,f,Female,5
jpn,Japan,JPN,Western Pacific,2024,10_14,10-14,m,Male,4
jpn,Japan,JPN,Western Pacific,2024,15_19,15-19,a,All sexes,120
jpn,Japan,JPN,Western Pacific,2024,15_19,15-19,f,Female,48
jpn,Japan,JPN,Western Pacific,2024,15_19,15-19,m,Male,67
jpn,Japan,JPN,Western Pacific,2024,15_24,15-24,a,All sexes,930
jpn,Japan,JPN,Western Pacific,2024,15_24,15-24,f,Female,430
jpn,Japan,JPN,Western Pacific,2024,15_24,15-24,m,Male,500
jpn,Japan,JPN,Western Pacific,2024,15plus,15+,a,All sexes,12000
jpn,Japan,JPN,Western Pacific,2024,15plus,15+,f,Female,5200
jpn,Japan,JPN,Western Pacific,2024,15plus,15+,m,Male,6900
jpn,Japan,JPN,Western Pacific,2024,20_24,20-24,a,All sexes,810
jpn,Japan,JPN,Western Pacific,2024,20_24,20-24,f,Female,380
jpn,Japan,JPN,Western Pacific,2024,20_24,20-24,m,Male,440
jpn,Japan,JPN,Western Pacific,2024,25_34,25-34,a,All sexes,1200
jpn,Japan,JPN,Western Pacific,2024,25_34,25-34,f,Female,580
jpn,Japan,JPN,Western Pacific,2024,25_34,25-34,m,Male,580
jpn,Japan,JPN,Western Pacific,2024,35_44,35-44,a,All sexes,560
jpn,Japan,JPN,Western Pacific,2024,35_44,35-44,f,Female,280
jpn,Japan,JPN,Western Pacific,2024,35_44,35-44,m,Male,290
jpn,Japan,JPN,Western Pacific,2024,45_54,45-54,a,All sexes,700
jpn,Japan,JPN,Western Pacific,2024,45_54,45-54,f,Female,270
jpn,Japan,JPN,Western Pacific,2024,45_54,45-54,m,Male,430
jpn,Japan,JPN,Western Pacific,2024,55_64,55-64,a,All sexes,920
jpn,Japan,JPN,Western Pacific,2024,55_64,55-64,f,Female,310
jpn,Japan,JPN,Western Pacific,2024,55_64,55-64,m,Male,600
jpn,Japan,JPN,Western Pacific,2024,5_14,5-14,a,All sexes,13
jpn,Japan,JPN,Western Pacific,2024,5_14,5-14,f,Female,5
jpn,Japan,JPN,Western Pacific,2024,5_14,5-14,m,Male,8
jpn,Japan,JPN,Western Pacific,2024,5_9,5-9,a,All sexes,5
jpn,Japan,JPN,Western Pacific,2024,5_9,5-9,f,Female,0
jpn,Japan,JPN,Western Pacific,2024,5_9,5-9,m,Male,5
jpn,Japan,JPN,Western Pacific,2024,65plus,65+,a,All sexes,7800
jpn,Japan,JPN,Western Pacific,2024,65plus,65+,f,Female,3300
jpn,Japan,JPN,Western Pacific,2024,65plus,65+,m,Male,4500
jpn,Japan,JPN,Western Pacific,2024,all,All ages,a,All sexes,12000
jpn,Japan,JPN,Western Pacific,2024,all,All ages,f,Female,5200
jpn,Japan,JPN,Western Pacific,2024,all,All ages,m,Male,6900
jor,Jordan,JOR,Eastern Mediterranean,2024,0_14,0-14,a,All sexes,36
jor,Jordan,JOR,Eastern Mediterranean,2024,0_14,0-14,f,Female,18
jor,Jordan,JOR,Eastern Mediterranean,2024,0_14,0-14,m,Male,18
jor,Jordan,JOR,Eastern Mediterranean,2024,0_4,0-4,a,All sexes,6
jor,Jordan,JOR,Eastern Mediterranean,2024,0_4,0-4,f,Female,3
jor,Jordan,JOR,Eastern Mediterranean,2024,0_4,0-4,m,Male,3
jor,Jordan,JOR,Eastern Mediterranean,2024,10_14,10-14,a,All sexes,16
jor,Jordan,JOR,Eastern Mediterranean,2024,10_14,10-14,f,Female,9
jor,Jordan,JOR,Eastern Mediterranean,2024,10_14,10-14,m,Male,7
jor,Jordan,JOR,Eastern Mediterranean,2024,15_19,15-19,a,All sexes,7
jor,Jordan,JOR,Eastern Mediterranean,2024,15_19,15-19,f,Female,4
jor,Jordan,JOR,Eastern Mediterranean,2024,15_19,15-19,m,Male,3
jor,Jordan,JOR,Eastern Mediterranean,2024,15_24,15-24,a,All sexes,54
jor,Jordan,JOR,Eastern Mediterranean,2024,15_24,15-24,f,Female,28
jor,Jordan,JOR,Eastern Mediterranean,2024,15_24,15-24,m,Male,25
jor,Jordan,JOR,Eastern Mediterranean,2024,15plus,15+,a,All sexes,370
jor,Jordan,JOR,Eastern Mediterranean,2024,15plus,15+,f,Female,170
jor,Jordan,JOR,Eastern Mediterranean,2024,15plus,15+,m,Male,200
jor,Jordan,JOR,Eastern Mediterranean,2024,20_24,20-24,a,All sexes,46
jor,Jordan,JOR,Eastern Mediterranean,2024,20_24,20-24,f,Female,24
jor,Jordan,JOR,Eastern Mediterranean,2024,20_24,20-24,m,Male,22
jor,Jordan,JOR,Eastern Mediterranean,2024,25_34,25-34,a,All sexes,86
jor,Jordan,JOR,Eastern Mediterranean,2024,25_34,25-34,f,Female,49
jor,Jordan,JOR,Eastern Mediterranean,2024,25_34,25-34,m,Male,37
jor,Jordan,JOR,Eastern Mediterranean,2024,35_44,35-44,a,All sexes,100
jor,Jordan,JOR,Eastern Mediterranean,2024,35_44,35-44,f,Female,42
jor,Jordan,JOR,Eastern Mediterranean,2024,35_44,35-44,m,Male,58
jor,Jordan,JOR,Eastern Mediterranean,2024,45_54,45-54,a,All sexes,58
jor,Jordan,JOR,Eastern Mediterranean,2024,45_54,45-54,f,Female,18
jor,Jordan,JOR,Eastern Mediterranean,2024,45_54,45-54,m,Male,40
jor,Jordan,JOR,Eastern Mediterranean,2024,55_64,55-64,a,All sexes,34
jor,Jordan,JOR,Eastern Mediterranean,2024,55_64,55-64,f,Female,13
jor,Jordan,JOR,Eastern Mediterranean,2024,55_64,55-64,m,Male,21
jor,Jordan,JOR,Eastern Mediterranean,2024,5_14,5-14,a,All sexes,30
jor,Jordan,JOR,Eastern Mediterranean,2024,5_14,5-14,f,Female,15
jor,Jordan,JOR,Eastern Mediterranean,2024,5_14,5-14,m,Male,15
jor,Jordan,JOR,Eastern Mediterranean,2024,5_9,5-9,a,All sexes,13
jor,Jordan,JOR,Eastern Mediterranean,2024,5_9,5-9,f,Female,6
jor,Jordan,JOR,Eastern Mediterranean,2024,5_9,5-9,m,Male,7
jor,Jordan,JOR,Eastern Mediterranean,2024,65plus,65+,a,All sexes,36
jor,Jordan,JOR,Eastern Mediterranean,2024,65plus,65+,f,Female,21
jor,Jordan,JOR,Eastern Mediterranean,2024,65plus,65+,m,Male,15
jor,Jordan,JOR,Eastern Mediterranean,2024,all,All ages,a,All sexes,400
jor,Jordan,JOR,Eastern Mediterranean,2024,all,All ages,f,Female,190
jor,Jordan,JOR,Eastern Mediterranean,2024,all,All ages,m,Male,210
kaz,Kazakhstan,KAZ,Europe,2024,0_14,0-14,a,All sexes,330
kaz,Kazakhstan,KAZ,Europe,2024,0_14,0-14,f,Female,190
kaz,Kazakhstan,KAZ,Europe,2024,0_14,0-14,m,Male,140
kaz,Kazakhstan,KAZ,Europe,2024,0_4,0-4,a,All sexes,97
kaz,Kazakhstan,KAZ,Europe,2024,0_4,0-4,f,Female,43
kaz,Kazakhstan,KAZ,Europe,2024,0_4,0-4,m,Male,54
kaz,Kazakhstan,KAZ,Europe,2024,10_14,10-14,a,All sexes,150
kaz,Kazakhstan,KAZ,Europe,2024,10_14,10-14,f,Female,98
kaz,Kazakhstan,KAZ,Europe,2024,10_14,10-14,m,Male,52
kaz,Kazakhstan,KAZ,Europe,2024,15_19,15-19,a,All sexes,470
kaz,Kazakhstan,KAZ,Europe,2024,15_19,15-19,f,Female,220
kaz,Kazakhstan,KAZ,Europe,2024,15_19,15-19,m,Male,250
kaz,Kazakhstan,KAZ,Europe,2024,15_24,15-24,a,All sexes,950
kaz,Kazakhstan,KAZ,Europe,2024,15_24,15-24,f,Female,460
kaz,Kazakhstan,KAZ,Europe,2024,15_24,15-24,m,Male,490
kaz,Kazakhstan,KAZ,Europe,2024,15plus,15+,a,All sexes,8900
kaz,Kazakhstan,KAZ,Europe,2024,15plus,15+,f,Female,3300
kaz,Kazakhstan,KAZ,Europe,2024,15plus,15+,m,Male,5600
kaz,Kazakhstan,KAZ,Europe,2024,20_24,20-24,a,All sexes,480
kaz,Kazakhstan,KAZ,Europe,2024,20_24,20-24,f,Female,240
kaz,Kazakhstan,KAZ,Europe,2024,20_24,20-24,m,Male,240
kaz,Kazakhstan,KAZ,Europe,2024,25_34,25-34,a,All sexes,1200
kaz,Kazakhstan,KAZ,Europe,2024,25_34,25-34,f,Female,530
kaz,Kazakhstan,KAZ,Europe,2024,25_34,25-34,m,Male,630
kaz,Kazakhstan,KAZ,Europe,2024,35_44,35-44,a,All sexes,1900
kaz,Kazakhstan,KAZ,Europe,2024,35_44,35-44,f,Female,630
kaz,Kazakhstan,KAZ,Europe,2024,35_44,35-44,m,Male,1300
kaz,Kazakhstan,KAZ,Europe,2024,45_54,45-54,a,All sexes,1900
kaz,Kazakhstan,KAZ,Europe,2024,45_54,45-54,f,Female,510
kaz,Kazakhstan,KAZ,Europe,2024,45_54,45-54,m,Male,1400
kaz,Kazakhstan,KAZ,Europe,2024,55_64,55-64,a,All sexes,1500
kaz,Kazakhstan,KAZ,Europe,2024,55_64,55-64,f,Female,400
kaz,Kazakhstan,KAZ,Europe,2024,55_64,55-64,m,Male,1100
kaz,Kazakhstan,KAZ,Europe,2024,5_14,5-14,a,All sexes,230
kaz,Kazakhstan,KAZ,Europe,2024,5_14,5-14,f,Female,140
kaz,Kazakhstan,KAZ,Europe,2024,5_14,5-14,m,Male,87
kaz,Kazakhstan,KAZ,Europe,2024,5_9,5-9,a,All sexes,82
kaz,Kazakhstan,KAZ,Europe,2024,5_9,5-9,f,Female,46
kaz,Kazakhstan,KAZ,Europe,2024,5_9,5-9,m,Male,35
kaz,Kazakhstan,KAZ,Europe,2024,65plus,65+,a,All sexes,1500
kaz,Kazakhstan,KAZ,Europe,2024,65plus,65+,f,Female,750
kaz,Kazakhstan,KAZ,Europe,2024,65plus,65+,m,Male,760
kaz,Kazakhstan,KAZ,Europe,2024,all,All ages,a,All sexes,9200
kaz,Kazakhstan,KAZ,Europe,2024,all,All ages,f,Female,3500
kaz,Kazakhstan,KAZ,Europe,2024,all,All ages,m,Male,5800
ken,Kenya,KEN,Africa,2024,0_14,0-14,a,All sexes,17000
ken,Kenya,KEN,Africa,2024,0_14,0-14,f,Female,8300
ken,Kenya,KEN,Africa,2024,0_14,0-14,m,Male,8900
ken,Kenya,KEN,Africa,2024,0_4,0-4,a,All sexes,10000
ken,Kenya,KEN,Africa,2024,0_4,0-4,f,Female,4800
ken,Kenya,KEN,Africa,2024,0_4,0-4,m,Male,5400
ken,Kenya,KEN,Africa,2024,10_14,10-14,a,All sexes,3700
ken,Kenya,KEN,Africa,2024,10_14,10-14,f,Female,1800
ken,Kenya,KEN,Africa,2024,10_14,10-14,m,Male,1900
ken,Kenya,KEN,Africa,2024,15_19,15-19,a,All sexes,9100
ken,Kenya,KEN,Africa,2024,15_19,15-19,f,Female,3300
ken,Kenya,KEN,Africa,2024,15_19,15-19,m,Male,5800
ken,Kenya,KEN,Africa,2024,15_24,15-24,a,All sexes,20000
ken,Kenya,KEN,Africa,2024,15_24,15-24,f,Female,7400
ken,Kenya,KEN,Africa,2024,15_24,15-24,m,Male,13000
ken,Kenya,KEN,Africa,2024,15plus,15+,a,All sexes,100000
ken,Kenya,KEN,Africa,2024,15plus,15+,f,Female,35000
ken,Kenya,KEN,Africa,2024,15plus,15+,m,Male,64000
ken,Kenya,KEN,Africa,2024,20_24,20-24,a,All sexes,11000
ken,Kenya,KEN,Africa,2024,20_24,20-24,f,Female,4100
ken,Kenya,KEN,Africa,2024,20_24,20-24,m,Male,7000
ken,Kenya,KEN,Africa,2024,25_34,25-34,a,All sexes,24000
ken,Kenya,KEN,Africa,2024,25_34,25-34,f,Female,8600
ken,Kenya,KEN,Africa,2024,25_34,25-34,m,Male,15000
ken,Kenya,KEN,Africa,2024,35_44,35-44,a,All sexes,23000
ken,Kenya,KEN,Africa,2024,35_44,35-44,f,Female,7600
ken,Kenya,KEN,Africa,2024,35_44,35-44,m,Male,15000
ken,Kenya,KEN,Africa,2024,45_54,45-54,a,All sexes,16000
ken,Kenya,KEN,Africa,2024,45_54,45-54,f,Female,5400
ken,Kenya,KEN,Africa,2024,45_54,45-54,m,Male,11000
ken,Kenya,KEN,Africa,2024,55_64,55-64,a,All sexes,9300
ken,Kenya,KEN,Africa,2024,55_64,55-64,f,Female,3300
ken,Kenya,KEN,Africa,2024,55_64,55-64,m,Male,5900
ken,Kenya,KEN,Africa,2024,5_14,5-14,a,All sexes,7100
ken,Kenya,KEN,Africa,2024,5_14,5-14,f,Female,3500
ken,Kenya,KEN,Africa,2024,5_14,5-14,m,Male,3600
ken,Kenya,KEN,Africa,2024,5_9,5-9,a,All sexes,3400
ken,Kenya,KEN,Africa,2024,5_9,5-9,f,Female,1700
ken,Kenya,KEN,Africa,2024,5_9,5-9,m,Male,1700
ken,Kenya,KEN,Africa,2024,65plus,65+,a,All sexes,8200
ken,Kenya,KEN,Africa,2024,65plus,65+,f,Female,3100
ken,Kenya,KEN,Africa,2024,65plus,65+,m,Male,5100
ken,Kenya,KEN,Africa,2024,all,All ages,a,All sexes,117000
ken,Kenya,KEN,Africa,2024,all,All ages,f,Female,44000
ken,Kenya,KEN,Africa,2024,all,All ages,m,Male,73000
kir,Kiribati,KIR,Western Pacific,2024,0_14,0-14,a,All sexes,410
kir,Kiribati,KIR,Western Pacific,2024,0_14,0-14,f,Female,190
kir,Kiribati,KIR,Western Pacific,2024,0_14,0-14,m,Male,220
kir,Kiribati,KIR,Western Pacific,2024,0_4,0-4,a,All sexes,140
kir,Kiribati,KIR,Western Pacific,2024,0_4,0-4,f,Female,66
kir,Kiribati,KIR,Western Pacific,2024,0_4,0-4,m,Male,75
kir,Kiribati,KIR,Western Pacific,2024,10_14,10-14,a,All sexes,140
kir,Kiribati,KIR,Western Pacific,2024,10_14,10-14,f,Female,64
kir,Kiribati,KIR,Western Pacific,2024,10_14,10-14,m,Male,72
kir,Kiribati,KIR,Western Pacific,2024,15_19,15-19,a,All sexes,110
kir,Kiribati,KIR,Western Pacific,2024,15_19,15-19,f,Female,51
kir,Kiribati,KIR,Western Pacific,2024,15_19,15-19,m,Male,62
kir,Kiribati,KIR,Western Pacific,2024,15_24,15-24,a,All sexes,230
kir,Kiribati,KIR,Western Pacific,2024,15_24,15-24,f,Female,100
kir,Kiribati,KIR,Western Pacific,2024,15_24,15-24,m,Male,120
kir,Kiribati,KIR,Western Pacific,2024,15plus,15+,a,All sexes,860
kir,Kiribati,KIR,Western Pacific,2024,15plus,15+,f,Female,390
kir,Kiribati,KIR,Western Pacific,2024,15plus,15+,m,Male,470
kir,Kiribati,KIR,Western Pacific,2024,20_24,20-24,a,All sexes,110
kir,Kiribati,KIR,Western Pacific,2024,20_24,20-24,f,Female,51
kir,Kiribati,KIR,Western Pacific,2024,20_24,20-24,m,Male,62
kir,Kiribati,KIR,Western Pacific,2024,25_34,25-34,a,All sexes,180
kir,Kiribati,KIR,Western Pacific,2024,25_34,25-34,f,Female,83
kir,Kiribati,KIR,Western Pacific,2024,25_34,25-34,m,Male,100
kir,Kiribati,KIR,Western Pacific,2024,35_44,35-44,a,All sexes,130
kir,Kiribati,KIR,Western Pacific,2024,35_44,35-44,f,Female,58
kir,Kiribati,KIR,Western Pacific,2024,35_44,35-44,m,Male,72
kir,Kiribati,KIR,Western Pacific,2024,45_54,45-54,a,All sexes,120
kir,Kiribati,KIR,Western Pacific,2024,45_54,45-54,f,Female,47
kir,Kiribati,KIR,Western Pacific,2024,45_54,45-54,m,Male,72
kir,Kiribati,KIR,Western Pacific,2024,55_64,55-64,a,All sexes,120
kir,Kiribati,KIR,Western Pacific,2024,55_64,55-64,f,Female,53
kir,Kiribati,KIR,Western Pacific,2024,55_64,55-64,m,Male,68
kir,Kiribati,KIR,Western Pacific,2024,5_14,5-14,a,All sexes,270
kir,Kiribati,KIR,Western Pacific,2024,5_14,5-14,f,Female,130
kir,Kiribati,KIR,Western Pacific,2024,5_14,5-14,m,Male,140
kir,Kiribati,KIR,Western Pacific,2024,5_9,5-9,a,All sexes,130
kir,Kiribati,KIR,Western Pacific,2024,5_9,5-9,f,Female,64
kir,Kiribati,KIR,Western Pacific,2024,5_9,5-9,m,Male,70
kir,Kiribati,KIR,Western Pacific,2024,65plus,65+,a,All sexes,81
kir,Kiribati,KIR,Western Pacific,2024,65plus,65+,f,Female,43
kir,Kiribati,KIR,Western Pacific,2024,65plus,65+,m,Male,38
kir,Kiribati,KIR,Western Pacific,2024,all,All ages,a,All sexes,1300
kir,Kiribati,KIR,Western Pacific,2024,all,All ages,f,Female,580
kir,Kiribati,KIR,Western Pacific,2024,all,All ages,m,Male,690
kwt,Kuwait,KWT,Eastern Mediterranean,2024,0_14,0-14,a,All sexes,12
kwt,Kuwait,KWT,Eastern Mediterranean,2024,0_14,0-14,f,Female,5
kwt,Kuwait,KWT,Eastern Mediterranean,2024,0_14,0-14,m,Male,6
kwt,Kuwait,KWT,Eastern Mediterranean,2024,0_4,0-4,a,All sexes,4
kwt,Kuwait,KWT,Eastern Mediterranean,2024,0_4,0-4,f,Female,1
kwt,Kuwait,KWT,Eastern Mediterranean,2024,0_4,0-4,m,Male,3
kwt,Kuwait,KWT,Eastern Mediterranean,2024,10_14,10-14,a,All sexes,4
kwt,Kuwait,KWT,Eastern Mediterranean,2024,10_14,10-14,f,Female,3
kwt,Kuwait,KWT,Eastern Mediterranean,2024,10_14,10-14,m,Male,1
kwt,Kuwait,KWT,Eastern Mediterranean,2024,15_19,15-19,a,All sexes,10
kwt,Kuwait,KWT,Eastern Mediterranean,2024,15_19,15-19,f,Female,6
kwt,Kuwait,KWT,Eastern Mediterranean,2024,15_19,15-19,m,Male,4
kwt,Kuwait,KWT,Eastern Mediterranean,2024,15_24,15-24,a,All sexes,64
kwt,Kuwait,KWT,Eastern Mediterranean,2024,15_24,15-24,f,Female,31
kwt,Kuwait,KWT,Eastern Mediterranean,2024,15_24,15-24,m,Male,32
kwt,Kuwait,KWT,Eastern Mediterranean,2024,15plus,15+,a,All sexes,510
kwt,Kuwait,KWT,Eastern Mediterranean,2024,15plus,15+,f,Female,190
kwt,Kuwait,KWT,Eastern Mediterranean,2024,15plus,15+,m,Male,310
kwt,Kuwait,KWT,Eastern Mediterranean,2024,20_24,20-24,a,All sexes,53
kwt,Kuwait,KWT,Eastern Mediterranean,2024,20_24,20-24,f,Female,25
kwt,Kuwait,KWT,Eastern Mediterranean,2024,20_24,20-24,m,Male,29
kwt,Kuwait,KWT,Eastern Mediterranean,2024,25_34,25-34,a,All sexes,140
kwt,Kuwait,KWT,Eastern Mediterranean,2024,25_34,25-34,f,Female,47
kwt,Kuwait,KWT,Eastern Mediterranean,2024,25_34,25-34,m,Male,94
kwt,Kuwait,KWT,Eastern Mediterranean,2024,35_44,35-44,a,All sexes,160
kwt,Kuwait,KWT,Eastern Mediterranean,2024,35_44,35-44,f,Female,48
kwt,Kuwait,KWT,Eastern Mediterranean,2024,35_44,35-44,m,Male,110
kwt,Kuwait,KWT,Eastern Mediterranean,2024,45_54,45-54,a,All sexes,86
kwt,Kuwait,KWT,Eastern Mediterranean,2024,45_54,45-54,f,Female,51
kwt,Kuwait,KWT,Eastern Mediterranean,2024,45_54,45-54,m,Male,35
kwt,Kuwait,KWT,Eastern Mediterranean,2024,55_64,55-64,a,All sexes,39
kwt,Kuwait,KWT,Eastern Mediterranean,2024,55_64,55-64,f,Female,12
kwt,Kuwait,KWT,Eastern Mediterranean,2024,55_64,55-64,m,Male,27
kwt,Kuwait,KWT,Eastern Mediterranean,2024,5_14,5-14,a,All sexes,8
kwt,Kuwait,KWT,Eastern Mediterranean,2024,5_14,5-14,f,Female,4
kwt,Kuwait,KWT,Eastern Mediterranean,2024,5_14,5-14,m,Male,4
kwt,Kuwait,KWT,Eastern Mediterranean,2024,5_9,5-9,a,All sexes,4
kwt,Kuwait,KWT,Eastern Mediterranean,2024,5_9,5-9,f,Female,1
kwt,Kuwait,KWT,Eastern Mediterranean,2024,5_9,5-9,m,Male,3
kwt,Kuwait,KWT,Eastern Mediterranean,2024,65plus,65+,a,All sexes,19
kwt,Kuwait,KWT,Eastern Mediterranean,2024,65plus,65+,f,Female,5
kwt,Kuwait,KWT,Eastern Mediterranean,2024,65plus,65+,m,Male,14
kwt,Kuwait,KWT,Eastern Mediterranean,2024,all,All ages,a,All sexes,520
kwt,Kuwait,KWT,Eastern Mediterranean,2024,all,All ages,f,Female,200
kwt,Kuwait,KWT,Eastern Mediterranean,2024,all,All ages,m,Male,320
kgz,Kyrgyzstan,KGZ,Europe,2024,0_14,0-14,a,All sexes,710
kgz,Kyrgyzstan,KGZ,Europe,2024,0_14,0-14,f,Female,370
kgz,Kyrgyzstan,KGZ,Europe,2024,0_14,0-14,m,Male,340
kgz,Kyrgyzstan,KGZ,Europe,2024,0_4,0-4,a,All sexes,180
kgz,Kyrgyzstan,KGZ,Europe,2024,0_4,0-4,f,Female,97
kgz,Kyrgyzstan,KGZ,Europe,2024,0_4,0-4,m,Male,87
kgz,Kyrgyzstan,KGZ,Europe,2024,10_14,10-14,a,All sexes,310
kgz,Kyrgyzstan,KGZ,Europe,2024,10_14,10-14,f,Female,160
kgz,Kyrgyzstan,KGZ,Europe,2024,10_14,10-14,m,Male,150
kgz,Kyrgyzstan,KGZ,Europe,2024,15_19,15-19,a,All sexes,700
kgz,Kyrgyzstan,KGZ,Europe,2024,15_19,15-19,f,Female,370
kgz,Kyrgyzstan,KGZ,Europe,2024,15_19,15-19,m,Male,340
kgz,Kyrgyzstan,KGZ,Europe,2024,15_24,15-24,a,All sexes,1600
kgz,Kyrgyzstan,KGZ,Europe,2024,15_24,15-24,f,Female,820
kgz,Kyrgyzstan,KGZ,Europe,2024,15_24,15-24,m,Male,770
kgz,Kyrgyzstan,KGZ,Europe,2024,15plus,15+,a,All sexes,8500
kgz,Kyrgyzstan,KGZ,Europe,2024,15plus,15+,f,Female,3700
kgz,Kyrgyzstan,KGZ,Europe,2024,15plus,15+,m,Male,4800
kgz,Kyrgyzstan,KGZ,Europe,2024,20_24,20-24,a,All sexes,890
kgz,Kyrgyzstan,KGZ,Europe,2024,20_24,20-24,f,Female,460
kgz,Kyrgyzstan,KGZ,Europe,2024,20_24,20-24,m,Male,440
kgz,Kyrgyzstan,KGZ,Europe,2024,25_34,25-34,a,All sexes,1700
kgz,Kyrgyzstan,KGZ,Europe,2024,25_34,25-34,f,Female,740
kgz,Kyrgyzstan,KGZ,Europe,2024,25_34,25-34,m,Male,950
kgz,Kyrgyzstan,KGZ,Europe,2024,35_44,35-44,a,All sexes,1300
kgz,Kyrgyzstan,KGZ,Europe,2024,35_44,35-44,f,Female,570
kgz,Kyrgyzstan,KGZ,Europe,2024,35_44,35-44,m,Male,760
kgz,Kyrgyzstan,KGZ,Europe,2024,45_54,45-54,a,All sexes,1200
kgz,Kyrgyzstan,KGZ,Europe,2024,45_54,45-54,f,Female,410
kgz,Kyrgyzstan,KGZ,Europe,2024,45_54,45-54,m,Male,800
kgz,Kyrgyzstan,KGZ,Europe,2024,55_64,55-64,a,All sexes,1300
kgz,Kyrgyzstan,KGZ,Europe,2024,55_64,55-64,f,Female,500
kgz,Kyrgyzstan,KGZ,Europe,2024,55_64,55-64,m,Male,780
kgz,Kyrgyzstan,KGZ,Europe,2024,5_14,5-14,a,All sexes,530
kgz,Kyrgyzstan,KGZ,Europe,2024,5_14,5-14,f,Female,270
kgz,Kyrgyzstan,KGZ,Europe,2024,5_14,5-14,m,Male,260
kgz,Kyrgyzstan,KGZ,Europe,2024,5_9,5-9,a,All sexes,220
kgz,Kyrgyzstan,KGZ,Europe,2024,5_9,5-9,f,Female,110
kgz,Kyrgyzstan,KGZ,Europe,2024,5_9,5-9,m,Male,110
kgz,Kyrgyzstan,KGZ,Europe,2024,65plus,65+,a,All sexes,1400
kgz,Kyrgyzstan,KGZ,Europe,2024,65plus,65+,f,Female,660
kgz,Kyrgyzstan,KGZ,Europe,2024,65plus,65+,m,Male,700
kgz,Kyrgyzstan,KGZ,Europe,2024,all,All ages,a,All sexes,9200
kgz,Kyrgyzstan,KGZ,Europe,2024,all,All ages,f,Female,4100
kgz,Kyrgyzstan,KGZ,Europe,2024,all,All ages,m,Male,5100
lao,Lao PDR,LAO,Western Pacific,2024,0_14,0-14,a,All sexes,730
lao,Lao PDR,LAO,Western Pacific,2024,0_14,0-14,f,Female,330
lao,Lao PDR,LAO,Western Pacific,2024,0_14,0-14,m,Male,400
lao,Lao PDR,LAO,Western Pacific,2024,0_4,0-4,a,All sexes,380
lao,Lao PDR,LAO,Western Pacific,2024,0_4,0-4,f,Female,150
lao,Lao PDR,LAO,Western Pacific,2024,0_4,0-4,m,Male,220
lao,Lao PDR,LAO,Western Pacific,2024,10_14,10-14,a,All sexes,180
lao,Lao PDR,LAO,Western Pacific,2024,10_14,10-14,f,Female,89
lao,Lao PDR,LAO,Western Pacific,2024,10_14,10-14,m,Male,88
lao,Lao PDR,LAO,Western Pacific,2024,15_19,15-19,a,All sexes,290
lao,Lao PDR,LAO,Western Pacific,2024,15_19,15-19,f,Female,110
lao,Lao PDR,LAO,Western Pacific,2024,15_19,15-19,m,Male,180
lao,Lao PDR,LAO,Western Pacific,2024,15_24,15-24,a,All sexes,790
lao,Lao PDR,LAO,Western Pacific,2024,15_24,15-24,f,Female,270
lao,Lao PDR,LAO,Western Pacific,2024,15_24,15-24,m,Male,520
lao,Lao PDR,LAO,Western Pacific,2024,15plus,15+,a,All sexes,9200
lao,Lao PDR,LAO,Western Pacific,2024,15plus,15+,f,Female,3100
lao,Lao PDR,LAO,Western Pacific,2024,15plus,15+,m,Male,6000
lao,Lao PDR,LAO,Western Pacific,2024,20_24,20-24,a,All sexes,500
lao,Lao PDR,LAO,Western Pacific,2024,20_24,20-24,f,Female,160
lao,Lao PDR,LAO,Western Pacific,2024,20_24,20-24,m,Male,340
lao,Lao PDR,LAO,Western Pacific,2024,25_34,25-34,a,All sexes,1300
lao,Lao PDR,LAO,Western Pacific,2024,25_34,25-34,f,Female,370
lao,Lao PDR,LAO,Western Pacific,2024,25_34,25-34,m,Male,930
lao,Lao PDR,LAO,Western Pacific,2024,35_44,35-44,a,All sexes,1400
lao,Lao PDR,LAO,Western Pacific,2024,35_44,35-44,f,Female,420
lao,Lao PDR,LAO,Western Pacific,2024,35_44,35-44,m,Male,940
lao,Lao PDR,LAO,Western Pacific,2024,45_54,45-54,a,All sexes,1600
lao,Lao PDR,LAO,Western Pacific,2024,45_54,45-54,f,Female,560
lao,Lao PDR,LAO,Western Pacific,2024,45_54,45-54,m,Male,1000
lao,Lao PDR,LAO,Western Pacific,2024,55_64,55-64,a,All sexes,2000
lao,Lao PDR,LAO,Western Pacific,2024,55_64,55-64,f,Female,710
lao,Lao PDR,LAO,Western Pacific,2024,55_64,55-64,m,Male,1200
lao,Lao PDR,LAO,Western Pacific,2024,5_14,5-14,a,All sexes,350
lao,Lao PDR,LAO,Western Pacific,2024,5_14,5-14,f,Female,170
lao,Lao PDR,LAO,Western Pacific,2024,5_14,5-14,m,Male,180
lao,Lao PDR,LAO,Western Pacific,2024,5_9,5-9,a,All sexes,170
lao,Lao PDR,LAO,Western Pacific,2024,5_9,5-9,f,Female,86
lao,Lao PDR,LAO,Western Pacific,2024,5_9,5-9,m,Male,88
lao,Lao PDR,LAO,Western Pacific,2024,65plus,65+,a,All sexes,2200
lao,Lao PDR,LAO,Western Pacific,2024,65plus,65+,f,Female,800
lao,Lao PDR,LAO,Western Pacific,2024,65plus,65+,m,Male,1400
lao,Lao PDR,LAO,Western Pacific,2024,all,All ages,a,All sexes,9900
lao,Lao PDR,LAO,Western Pacific,2024,all,All ages,f,Female,3500
lao,Lao PDR,LAO,Western Pacific,2024,all,All ages,m,Male,6400
lva,Latvia,LVA,Europe,2024,0_14,0-14,a,All sexes,3
lva,Latvia,LVA,Europe,2024,0_14,0-14,f,Female,1
lva,Latvia,LVA,Europe,2024,0_14,0-14,m,Male,1
lva,Latvia,LVA,Europe,2024,0_4,0-4,a,All sexes,0
lva,Latvia,LVA,Europe,2024,0_4,0-4,f,Female,0
lva,Latvia,LVA,Europe,2024,0_4,0-4,m,Male,0
lva,Latvia,LVA,Europe,2024,10_14,10-14,a,All sexes,1
lva,Latvia,LVA,Europe,2024,10_14,10-14,f,Female,1
lva,Latvia,LVA,Europe,2024,10_14,10-14,m,Male,0
lva,Latvia,LVA,Europe,2024,15_19,15-19,a,All sexes,3
lva,Latvia,LVA,Europe,2024,15_19,15-19,f,Female,0
lva,Latvia,LVA,Europe,2024,15_19,15-19,m,Male,3
lva,Latvia,LVA,Europe,2024,15_24,15-24,a,All sexes,8
lva,Latvia,LVA,Europe,2024,15_24,15-24,f,Female,1
lva,Latvia,LVA,Europe,2024,15_24,15-24,m,Male,7
lva,Latvia,LVA,Europe,2024,15plus,15+,a,All sexes,390
lva,Latvia,LVA,Europe,2024,15plus,15+,f,Female,98
lva,Latvia,LVA,Europe,2024,15plus,15+,m,Male,290
lva,Latvia,LVA,Europe,2024,20_24,20-24,a,All sexes,6
lva,Latvia,LVA,Europe,2024,20_24,20-24,f,Female,1
lva,Latvia,LVA,Europe,2024,20_24,20-24,m,Male,4
lva,Latvia,LVA,Europe,2024,25_34,25-34,a,All sexes,43
lva,Latvia,LVA,Europe,2024,25_34,25-34,f,Female,18
lva,Latvia,LVA,Europe,2024,25_34,25-34,m,Male,25
lva,Latvia,LVA,Europe,2024,35_44,35-44,a,All sexes,80
lva,Latvia,LVA,Europe,2024,35_44,35-44,f,Female,17
lva,Latvia,LVA,Europe,2024,35_44,35-44,m,Male,64
lva,Latvia,LVA,Europe,2024,45_54,45-54,a,All sexes,110
lva,Latvia,LVA,Europe,2024,45_54,45-54,f,Female,33
lva,Latvia,LVA,Europe,2024,45_54,45-54,m,Male,79
lva,Latvia,LVA,Europe,2024,55_64,55-64,a,All sexes,84
lva,Latvia,LVA,Europe,2024,55_64,55-64,f,Female,18
lva,Latvia,LVA,Europe,2024,55_64,55-64,m,Male,66
lva,Latvia,LVA,Europe,2024,5_14,5-14,a,All sexes,3
lva,Latvia,LVA,Europe,2024,5_14,5-14,f,Female,1
lva,Latvia,LVA,Europe,2024,5_14,5-14,m,Male,1
lva,Latvia,LVA,Europe,2024,5_9,5-9,a,All sexes,1
lva,Latvia,LVA,Europe,2024,5_9,5-9,f,Female,0
lva,Latvia,LVA,Europe,2024,5_9,5-9,m,Male,1
lva,Latvia,LVA,Europe,2024,65plus,65+,a,All sexes,58
lva,Latvia,LVA,Europe,2024,65plus,65+,f,Female,11
lva,Latvia,LVA,Europe,2024,65plus,65+,m,Male,47
lva,Latvia,LVA,Europe,2024,all,All ages,a,All sexes,390
lva,Latvia,LVA,Europe,2024,all,All ages,f,Female,100
lva,Latvia,LVA,Europe,2024,all,All ages,m,Male,290
lbn,Lebanon,LBN,Eastern Mediterranean,2024,0_14,0-14,a,All sexes,61
lbn,Lebanon,LBN,Eastern Mediterranean,2024,0_14,0-14,f,Female,36
lbn,Lebanon,LBN,Eastern Mediterranean,2024,0_14,0-14,m,Male,25
lbn,Lebanon,LBN,Eastern Mediterranean,2024,0_4,0-4,a,All sexes,22
lbn,Lebanon,LBN,Eastern Mediterranean,2024,0_4,0-4,f,Female,12
lbn,Lebanon,LBN,Eastern Mediterranean,2024,0_4,0-4,m,Male,10
lbn,Lebanon,LBN,Eastern Mediterranean,2024,10_14,10-14,a,All sexes,19
lbn,Lebanon,LBN,Eastern Mediterranean,2024,10_14,10-14,f,Female,12
lbn,Lebanon,LBN,Eastern Mediterranean,2024,10_14,10-14,m,Male,7
lbn,Lebanon,LBN,Eastern Mediterranean,2024,15_19,15-19,a,All sexes,39
lbn,Lebanon,LBN,Eastern Mediterranean,2024,15_19,15-19,f,Female,17
lbn,Lebanon,LBN,Eastern Mediterranean,2024,15_19,15-19,m,Male,22
lbn,Lebanon,LBN,Eastern Mediterranean,2024,15_24,15-24,a,All sexes,120
lbn,Lebanon,LBN,Eastern Mediterranean,2024,15_24,15-24,f,Female,75
lbn,Lebanon,LBN,Eastern Mediterranean,2024,15_24,15-24,m,Male,46
lbn,Lebanon,LBN,Eastern Mediterranean,2024,15plus,15+,a,All sexes,680
lbn,Lebanon,LBN,Eastern Mediterranean,2024,15plus,15+,f,Female,390
lbn,Lebanon,LBN,Eastern Mediterranean,2024,15plus,15+,m,Male,280
lbn,Lebanon,LBN,Eastern Mediterranean,2024,20_24,20-24,a,All sexes,82
lbn,Lebanon,LBN,Eastern Mediterranean,2024,20_24,20-24,f,Female,58
lbn,Lebanon,LBN,Eastern Mediterranean,2024,20_24,20-24,m,Male,24
lbn,Lebanon,LBN,Eastern Mediterranean,2024,25_34,25-34,a,All sexes,260
lbn,Lebanon,LBN,Eastern Mediterranean,2024,25_34,25-34,f,Female,180
lbn,Lebanon,LBN,Eastern Mediterranean,2024,25_34,25-34,m,Male,78
lbn,Lebanon,LBN,Eastern Mediterranean,2024,35_44,35-44,a,All sexes,140
lbn,Lebanon,LBN,Eastern Mediterranean,2024,35_44,35-44,f,Female,80
lbn,Lebanon,LBN,Eastern Mediterranean,2024,35_44,35-44,m,Male,61
lbn,Lebanon,LBN,Eastern Mediterranean,2024,45_54,45-54,a,All sexes,57
lbn,Lebanon,LBN,Eastern Mediterranean,2024,45_54,45-54,f,Female,25
lbn,Lebanon,LBN,Eastern Mediterranean,2024,45_54,45-54,m,Male,32
lbn,Lebanon,LBN,Eastern Mediterranean,2024,55_64,55-64,a,All sexes,51
lbn,Lebanon,LBN,Eastern Mediterranean,2024,55_64,55-64,f,Female,17
lbn,Lebanon,LBN,Eastern Mediterranean,2024,55_64,55-64,m,Male,35
lbn,Lebanon,LBN,Eastern Mediterranean,2024,5_14,5-14,a,All sexes,39
lbn,Lebanon,LBN,Eastern Mediterranean,2024,5_14,5-14,f,Female,24
lbn,Lebanon,LBN,Eastern Mediterranean,2024,5_14,5-14,m,Male,15
lbn,Lebanon,LBN,Eastern Mediterranean,2024,5_9,5-9,a,All sexes,19
lbn,Lebanon,LBN,Eastern Mediterranean,2024,5_9,5-9,f,Female,11
lbn,Lebanon,LBN,Eastern Mediterranean,2024,5_9,5-9,m,Male,8
lbn,Lebanon,LBN,Eastern Mediterranean,2024,65plus,65+,a,All sexes,50
lbn,Lebanon,LBN,Eastern Mediterranean,2024,65plus,65+,f,Female,19
lbn,Lebanon,LBN,Eastern Mediterranean,2024,65plus,65+,m,Male,30
lbn,Lebanon,LBN,Eastern Mediterranean,2024,all,All ages,a,All sexes,740
lbn,Lebanon,LBN,Eastern Mediterranean,2024,all,All ages,f,Female,430
lbn,Lebanon,LBN,Eastern Mediterranean,2024,all,All ages,m,Male,310
lso,Lesotho,LSO,Africa,2024,0_14,0-14,a,All sexes,1200
lso,Lesotho,LSO,Africa,2024,0_14,0-14,f,Female,590
lso,Lesotho,LSO,Africa,2024,0_14,0-14,m,Male,660
lso,Lesotho,LSO,Africa,2024,0_4,0-4,a,All sexes,640
lso,Lesotho,LSO,Africa,2024,0_4,0-4,f,Female,280
lso,Lesotho,LSO,Africa,2024,0_4,0-4,m,Male,350
lso,Lesotho,LSO,Africa,2024,10_14,10-14,a,All sexes,320
lso,Lesotho,LSO,Africa,2024,10_14,10-14,f,Female,160
lso,Lesotho,LSO,Africa,2024,10_14,10-14,m,Male,160
lso,Lesotho,LSO,Africa,2024,15_19,15-19,a,All sexes,530
lso,Lesotho,LSO,Africa,2024,15_19,15-19,f,Female,180
lso,Lesotho,LSO,Africa,2024,15_19,15-19,m,Male,350
lso,Lesotho,LSO,Africa,2024,15_24,15-24,a,All sexes,1100
lso,Lesotho,LSO,Africa,2024,15_24,15-24,f,Female,400
lso,Lesotho,LSO,Africa,2024,15_24,15-24,m,Male,720
lso,Lesotho,LSO,Africa,2024,15plus,15+,a,All sexes,12000
lso,Lesotho,LSO,Africa,2024,15plus,15+,f,Female,3700
lso,Lesotho,LSO,Africa,2024,15plus,15+,m,Male,7800
lso,Lesotho,LSO,Africa,2024,20_24,20-24,a,All sexes,590
lso,Lesotho,LSO,Africa,2024,20_24,20-24,f,Female,220
lso,Lesotho,LSO,Africa,2024,20_24,20-24,m,Male,370
lso,Lesotho,LSO,Africa,2024,25_34,25-34,a,All sexes,2500
lso,Lesotho,LSO,Africa,2024,25_34,25-34,f,Female,910
lso,Lesotho,LSO,Africa,2024,25_34,25-34,m,Male,1600
lso,Lesotho,LSO,Africa,2024,35_44,35-44,a,All sexes,2600
lso,Lesotho,LSO,Africa,2024,35_44,35-44,f,Female,840
lso,Lesotho,LSO,Africa,2024,35_44,35-44,m,Male,1700
lso,Lesotho,LSO,Africa,2024,45_54,45-54,a,All sexes,1500
lso,Lesotho,LSO,Africa,2024,45_54,45-54,f,Female,480
lso,Lesotho,LSO,Africa,2024,45_54,45-54,m,Male,1000
lso,Lesotho,LSO,Africa,2024,55_64,55-64,a,All sexes,1600
lso,Lesotho,LSO,Africa,2024,55_64,55-64,f,Female,430
lso,Lesotho,LSO,Africa,2024,55_64,55-64,m,Male,1200
lso,Lesotho,LSO,Africa,2024,5_14,5-14,a,All sexes,610
lso,Lesotho,LSO,Africa,2024,5_14,5-14,f,Female,310
lso,Lesotho,LSO,Africa,2024,5_14,5-14,m,Male,310
lso,Lesotho,LSO,Africa,2024,5_9,5-9,a,All sexes,290
lso,Lesotho,LSO,Africa,2024,5_9,5-9,f,Female,150
lso,Lesotho,LSO,Africa,2024,5_9,5-9,m,Male,150
lso,Lesotho,LSO,Africa,2024,65plus,65+,a,All sexes,2200
lso,Lesotho,LSO,Africa,2024,65plus,65+,f,Female,640
lso,Lesotho,LSO,Africa,2024,65plus,65+,m,Male,1600
lso,Lesotho,LSO,Africa,2024,all,All ages,a,All sexes,13000
lso,Lesotho,LSO,Africa,2024,all,All ages,f,Female,4300
lso,Lesotho,LSO,Africa,2024,all,All ages,m,Male,8500
lbr,Liberia,LBR,Africa,2024,0_14,0-14,a,All sexes,1700
lbr,Liberia,LBR,Africa,2024,0_14,0-14,f,Female,790
lbr,Liberia,LBR,Africa,2024,0_14,0-14,m,Male,880
lbr,Liberia,LBR,Africa,2024,0_4,0-4,a,All sexes,920
lbr,Liberia,LBR,Africa,2024,0_4,0-4,f,Female,410
lbr,Liberia,LBR,Africa,2024,0_4,0-4,m,Male,510
lbr,Liberia,LBR,Africa,2024,10_14,10-14,a,All sexes,390
lbr,Liberia,LBR,Africa,2024,10_14,10-14,f,Female,200
lbr,Liberia,LBR,Africa,2024,10_14,10-14,m,Male,200
lbr,Liberia,LBR,Africa,2024,15_19,15-19,a,All sexes,1300
lbr,Liberia,LBR,Africa,2024,15_19,15-19,f,Female,420
lbr,Liberia,LBR,Africa,2024,15_19,15-19,m,Male,880
lbr,Liberia,LBR,Africa,2024,15_24,15-24,a,All sexes,2900
lbr,Liberia,LBR,Africa,2024,15_24,15-24,f,Female,900
lbr,Liberia,LBR,Africa,2024,15_24,15-24,m,Male,2000
lbr,Liberia,LBR,Africa,2024,15plus,15+,a,All sexes,9900
lbr,Liberia,LBR,Africa,2024,15plus,15+,f,Female,3700
lbr,Liberia,LBR,Africa,2024,15plus,15+,m,Male,6300
lbr,Liberia,LBR,Africa,2024,20_24,20-24,a,All sexes,1600
lbr,Liberia,LBR,Africa,2024,20_24,20-24,f,Female,480
lbr,Liberia,LBR,Africa,2024,20_24,20-24,m,Male,1100
lbr,Liberia,LBR,Africa,2024,25_34,25-34,a,All sexes,2000
lbr,Liberia,LBR,Africa,2024,25_34,25-34,f,Female,720
lbr,Liberia,LBR,Africa,2024,25_34,25-34,m,Male,1300
lbr,Liberia,LBR,Africa,2024,35_44,35-44,a,All sexes,1900
lbr,Liberia,LBR,Africa,2024,35_44,35-44,f,Female,730
lbr,Liberia,LBR,Africa,2024,35_44,35-44,m,Male,1200
lbr,Liberia,LBR,Africa,2024,45_54,45-54,a,All sexes,1400
lbr,Liberia,LBR,Africa,2024,45_54,45-54,f,Female,590
lbr,Liberia,LBR,Africa,2024,45_54,45-54,m,Male,850
lbr,Liberia,LBR,Africa,2024,55_64,55-64,a,All sexes,970
lbr,Liberia,LBR,Africa,2024,55_64,55-64,f,Female,420
lbr,Liberia,LBR,Africa,2024,55_64,55-64,m,Male,550
lbr,Liberia,LBR,Africa,2024,5_14,5-14,a,All sexes,750
lbr,Liberia,LBR,Africa,2024,5_14,5-14,f,Female,380
lbr,Liberia,LBR,Africa,2024,5_14,5-14,m,Male,370
lbr,Liberia,LBR,Africa,2024,5_9,5-9,a,All sexes,360
lbr,Liberia,LBR,Africa,2024,5_9,5-9,f,Female,180
lbr,Liberia,LBR,Africa,2024,5_9,5-9,m,Male,180
lbr,Liberia,LBR,Africa,2024,65plus,65+,a,All sexes,780
lbr,Liberia,LBR,Africa,2024,65plus,65+,f,Female,320
lbr,Liberia,LBR,Africa,2024,65plus,65+,m,Male,450
lbr,Liberia,LBR,Africa,2024,all,All ages,a,All sexes,12000
lbr,Liberia,LBR,Africa,2024,all,All ages,f,Female,4500
lbr,Liberia,LBR,Africa,2024,all,All ages,m,Male,7100
lby,Libya,LBY,Eastern Mediterranean,2024,0_14,0-14,a,All sexes,330
lby,Libya,LBY,Eastern Mediterranean,2024,0_14,0-14,f,Female,160
lby,Libya,LBY,Eastern Mediterranean,2024,0_14,0-14,m,Male,180
lby,Libya,LBY,Eastern Mediterranean,2024,0_4,0-4,a,All sexes,150
lby,Libya,LBY,Eastern Mediterranean,2024,0_4,0-4,f,Female,66
lby,Libya,LBY,Eastern Mediterranean,2024,0_4,0-4,m,Male,83
lby,Libya,LBY,Eastern Mediterranean,2024,10_14,10-14,a,All sexes,100
lby,Libya,LBY,Eastern Mediterranean,2024,10_14,10-14,f,Female,51
lby,Libya,LBY,Eastern Mediterranean,2024,10_14,10-14,m,Male,52
lby,Libya,LBY,Eastern Mediterranean,2024,15_19,15-19,a,All sexes,500
lby,Libya,LBY,Eastern Mediterranean,2024,15_19,15-19,f,Female,140
lby,Libya,LBY,Eastern Mediterranean,2024,15_19,15-19,m,Male,360
lby,Libya,LBY,Eastern Mediterranean,2024,15_24,15-24,a,All sexes,1200
lby,Libya,LBY,Eastern Mediterranean,2024,15_24,15-24,f,Female,320
lby,Libya,LBY,Eastern Mediterranean,2024,15_24,15-24,m,Male,860
lby,Libya,LBY,Eastern Mediterranean,2024,15plus,15+,a,All sexes,4300
lby,Libya,LBY,Eastern Mediterranean,2024,15plus,15+,f,Female,1500
lby,Libya,LBY,Eastern Mediterranean,2024,15plus,15+,m,Male,2800
lby,Libya,LBY,Eastern Mediterranean,2024,20_24,20-24,a,All sexes,680
lby,Libya,LBY,Eastern Mediterranean,2024,20_24,20-24,f,Female,180
lby,Libya,LBY,Eastern Mediterranean,2024,20_24,20-24,m,Male,500
lby,Libya,LBY,Eastern Mediterranean,2024,25_34,25-34,a,All sexes,1000
lby,Libya,LBY,Eastern Mediterranean,2024,25_34,25-34,f,Female,280
lby,Libya,LBY,Eastern Mediterranean,2024,25_34,25-34,m,Male,730
lby,Libya,LBY,Eastern Mediterranean,2024,35_44,35-44,a,All sexes,700
lby,Libya,LBY,Eastern Mediterranean,2024,35_44,35-44,f,Female,260
lby,Libya,LBY,Eastern Mediterranean,2024,35_44,35-44,m,Male,440
lby,Libya,LBY,Eastern Mediterranean,2024,45_54,45-54,a,All sexes,550
lby,Libya,LBY,Eastern Mediterranean,2024,45_54,45-54,f,Female,230
lby,Libya,LBY,Eastern Mediterranean,2024,45_54,45-54,m,Male,320
lby,Libya,LBY,Eastern Mediterranean,2024,55_64,55-64,a,All sexes,400
lby,Libya,LBY,Eastern Mediterranean,2024,55_64,55-64,f,Female,180
lby,Libya,LBY,Eastern Mediterranean,2024,55_64,55-64,m,Male,220
lby,Libya,LBY,Eastern Mediterranean,2024,5_14,5-14,a,All sexes,190
lby,Libya,LBY,Eastern Mediterranean,2024,5_14,5-14,f,Female,92
lby,Libya,LBY,Eastern Mediterranean,2024,5_14,5-14,m,Male,94
lby,Libya,LBY,Eastern Mediterranean,2024,5_9,5-9,a,All sexes,82
lby,Libya,LBY,Eastern Mediterranean,2024,5_9,5-9,f,Female,41
lby,Libya,LBY,Eastern Mediterranean,2024,5_9,5-9,m,Male,41
lby,Libya,LBY,Eastern Mediterranean,2024,65plus,65+,a,All sexes,490
lby,Libya,LBY,Eastern Mediterranean,2024,65plus,65+,f,Female,230
lby,Libya,LBY,Eastern Mediterranean,2024,65plus,65+,m,Male,260
lby,Libya,LBY,Eastern Mediterranean,2024,all,All ages,a,All sexes,4700
lby,Libya,LBY,Eastern Mediterranean,2024,all,All ages,f,Female,1700
lby,Libya,LBY,Eastern Mediterranean,2024,all,All ages,m,Male,3000
ltu,Lithuania,LTU,Europe,2024,0_14,0-14,a,All sexes,22
ltu,Lithuania,LTU,Europe,2024,0_14,0-14,f,Female,8
ltu,Lithuania,LTU,Europe,2024,0_14,0-14,m,Male,14
ltu,Lithuania,LTU,Europe,2024,0_4,0-4,a,All sexes,7
ltu,Lithuania,LTU,Europe,2024,0_4,0-4,f,Female,1
ltu,Lithuania,LTU,Europe,2024,0_4,0-4,m,Male,5
ltu,Lithuania,LTU,Europe,2024,10_14,10-14,a,All sexes,8
ltu,Lithuania,LTU,Europe,2024,10_14,10-14,f,Female,3
ltu,Lithuania,LTU,Europe,2024,10_14,10-14,m,Male,5
ltu,Lithuania,LTU,Europe,2024,15_19,15-19,a,All sexes,12
ltu,Lithuania,LTU,Europe,2024,15_19,15-19,f,Female,7
ltu,Lithuania,LTU,Europe,2024,15_19,15-19,m,Male,5
ltu,Lithuania,LTU,Europe,2024,15_24,15-24,a,All sexes,30
ltu,Lithuania,LTU,Europe,2024,15_24,15-24,f,Female,12
ltu,Lithuania,LTU,Europe,2024,15_24,15-24,m,Male,18
ltu,Lithuania,LTU,Europe,2024,15plus,15+,a,All sexes,870
ltu,Lithuania,LTU,Europe,2024,15plus,15+,f,Female,230
ltu,Lithuania,LTU,Europe,2024,15plus,15+,m,Male,640
ltu,Lithuania,LTU,Europe,2024,20_24,20-24,a,All sexes,18
ltu,Lithuania,LTU,Europe,2024,20_24,20-24,f,Female,5
ltu,Lithuania,LTU,Europe,2024,20_24,20-24,m,Male,12
ltu,Lithuania,LTU,Europe,2024,25_34,25-34,a,All sexes,76
ltu,Lithuania,LTU,Europe,2024,25_34,25-34,f,Female,30
ltu,Lithuania,LTU,Europe,2024,25_34,25-34,m,Male,46
ltu,Lithuania,LTU,Europe,2024,35_44,35-44,a,All sexes,170
ltu,Lithuania,LTU,Europe,2024,35_44,35-44,f,Female,37
ltu,Lithuania,LTU,Europe,2024,35_44,35-44,m,Male,130
ltu,Lithuania,LTU,Europe,2024,45_54,45-54,a,All sexes,210
ltu,Lithuania,LTU,Europe,2024,45_54,45-54,f,Female,42
ltu,Lithuania,LTU,Europe,2024,45_54,45-54,m,Male,160
ltu,Lithuania,LTU,Europe,2024,55_64,55-64,a,All sexes,200
ltu,Lithuania,LTU,Europe,2024,55_64,55-64,f,Female,23
ltu,Lithuania,LTU,Europe,2024,55_64,55-64,m,Male,170
ltu,Lithuania,LTU,Europe,2024,5_14,5-14,a,All sexes,15
ltu,Lithuania,LTU,Europe,2024,5_14,5-14,f,Female,7
ltu,Lithuania,LTU,Europe,2024,5_14,5-14,m,Male,8
ltu,Lithuania,LTU,Europe,2024,5_9,5-9,a,All sexes,7
ltu,Lithuania,LTU,Europe,2024,5_9,5-9,f,Female,4
ltu,Lithuania,LTU,Europe,2024,5_9,5-9,m,Male,3
ltu,Lithuania,LTU,Europe,2024,65plus,65+,a,All sexes,190
ltu,Lithuania,LTU,Europe,2024,65plus,65+,f,Female,83
ltu,Lithuania,LTU,Europe,2024,65plus,65+,m,Male,110
ltu,Lithuania,LTU,Europe,2024,all,All ages,a,All sexes,890
ltu,Lithuania,LTU,Europe,2024,all,All ages,f,Female,240
ltu,Lithuania,LTU,Europe,2024,all,All ages,m,Male,650
lux,Luxembourg,LUX,Europe,2024,0_14,0-14,a,All sexes,4
lux,Luxembourg,LUX,Europe,2024,0_14,0-14,f,Female,2
lux,Luxembourg,LUX,Europe,2024,0_14,0-14,m,Male,1
lux,Luxembourg,LUX,Europe,2024,0_4,0-4,a,All sexes,0
lux,Luxembourg,LUX,Europe,2024,0_4,0-4,f,Female,0
lux,Luxembourg,LUX,Europe,2024,0_4,0-4,m,Male,0
lux,Luxembourg,LUX,Europe,2024,10_14,10-14,a,All sexes,1
lux,Luxembourg,LUX,Europe,2024,10_14,10-14,f,Female,1
lux,Luxembourg,LUX,Europe,2024,10_14,10-14,m,Male,0
lux,Luxembourg,LUX,Europe,2024,15_19,15-19,a,All sexes,2
lux,Luxembourg,LUX,Europe,2024,15_19,15-19,f,Female,0
lux,Luxembourg,LUX,Europe,2024,15_19,15-19,m,Male,2
lux,Luxembourg,LUX,Europe,2024,15_24,15-24,a,All sexes,7
lux,Luxembourg,LUX,Europe,2024,15_24,15-24,f,Female,4
lux,Luxembourg,LUX,Europe,2024,15_24,15-24,m,Male,4
lux,Luxembourg,LUX,Europe,2024,15plus,15+,a,All sexes,47
lux,Luxembourg,LUX,Europe,2024,15plus,15+,f,Female,18
lux,Luxembourg,LUX,Europe,2024,15plus,15+,m,Male,29
lux,Luxembourg,LUX,Europe,2024,20_24,20-24,a,All sexes,5
lux,Luxembourg,LUX,Europe,2024,20_24,20-24,f,Female,4
lux,Luxembourg,LUX,Europe,2024,20_24,20-24,m,Male,1
lux,Luxembourg,LUX,Europe,2024,25_34,25-34,a,All sexes,13
lux,Luxembourg,LUX,Europe,2024,25_34,25-34,f,Female,6
lux,Luxembourg,LUX,Europe,2024,25_34,25-34,m,Male,7
lux,Luxembourg,LUX,Europe,2024,35_44,35-44,a,All sexes,6
lux,Luxembourg,LUX,Europe,2024,35_44,35-44,f,Female,4
lux,Luxembourg,LUX,Europe,2024,35_44,35-44,m,Male,2
lux,Luxembourg,LUX,Europe,2024,45_54,45-54,a,All sexes,8
lux,Luxembourg,LUX,Europe,2024,45_54,45-54,f,Female,2
lux,Luxembourg,LUX,Europe,2024,45_54,45-54,m,Male,6
lux,Luxembourg,LUX,Europe,2024,55_64,55-64,a,All sexes,5
lux,Luxembourg,LUX,Europe,2024,55_64,55-64,f,Female,1
lux,Luxembourg,LUX,Europe,2024,55_64,55-64,m,Male,4
lux,Luxembourg,LUX,Europe,2024,5_14,5-14,a,All sexes,4
lux,Luxembourg,LUX,Europe,2024,5_14,5-14,f,Female,2
lux,Luxembourg,LUX,Europe,2024,5_14,5-14,m,Male,1
lux,Luxembourg,LUX,Europe,2024,5_9,5-9,a,All sexes,2
lux,Luxembourg,LUX,Europe,2024,5_9,5-9,f,Female,1
lux,Luxembourg,LUX,Europe,2024,5_9,5-9,m,Male,1
lux,Luxembourg,LUX,Europe,2024,65plus,65+,a,All sexes,7
lux,Luxembourg,LUX,Europe,2024,65plus,65+,f,Female,1
lux,Luxembourg,LUX,Europe,2024,65plus,65+,m,Male,6
lux,Luxembourg,LUX,Europe,2024,all,All ages,a,All sexes,50
lux,Luxembourg,LUX,Europe,2024,all,All ages,f,Female,20
lux,Luxembourg,LUX,Europe,2024,all,All ages,m,Male,30
mac,"Macao SAR, China",MAC,Western Pacific,2024,0_14,0-14,a,All sexes,2
mac,"Macao SAR, China",MAC,Western Pacific,2024,0_14,0-14,f,Female,2
mac,"Macao SAR, China",MAC,Western Pacific,2024,0_14,0-14,m,Male,0
mac,"Macao SAR, China",MAC,Western Pacific,2024,0_4,0-4,a,All sexes,0
mac,"Macao SAR, China",MAC,Western Pacific,2024,0_4,0-4,f,Female,0
mac,"Macao SAR, China",MAC,Western Pacific,2024,0_4,0-4,m,Male,0
mac,"Macao SAR, China",MAC,Western Pacific,2024,10_14,10-14,a,All sexes,2
mac,"Macao SAR, China",MAC,Western Pacific,2024,10_14,10-14,f,Female,2
mac,"Macao SAR, China",MAC,Western Pacific,2024,10_14,10-14,m,Male,0
mac,"Macao SAR, China",MAC,Western Pacific,2024,15_19,15-19,a,All sexes,5
mac,"Macao SAR, China",MAC,Western Pacific,2024,15_19,15-19,f,Female,3
mac,"Macao SAR, China",MAC,Western Pacific,2024,15_19,15-19,m,Male,2
mac,"Macao SAR, China",MAC,Western Pacific,2024,15_24,15-24,a,All sexes,9
mac,"Macao SAR, China",MAC,Western Pacific,2024,15_24,15-24,f,Female,5
mac,"Macao SAR, China",MAC,Western Pacific,2024,15_24,15-24,m,Male,5
mac,"Macao SAR, China",MAC,Western Pacific,2024,15plus,15+,a,All sexes,420
mac,"Macao SAR, China",MAC,Western Pacific,2024,15plus,15+,f,Female,130
mac,"Macao SAR, China",MAC,Western Pacific,2024,15plus,15+,m,Male,290
mac,"Macao SAR, China",MAC,Western Pacific,2024,20_24,20-24,a,All sexes,5
mac,"Macao SAR, China",MAC,Western Pacific,2024,20_24,20-24,f,Female,2
mac,"Macao SAR, China",MAC,Western Pacific,2024,20_24,20-24,m,Male,3
mac,"Macao SAR, China",MAC,Western Pacific,2024,25_34,25-34,a,All sexes,48
mac,"Macao SAR, China",MAC,Western Pacific,2024,25_34,25-34,f,Female,29
mac,"Macao SAR, China",MAC,Western Pacific,2024,25_34,25-34,m,Male,18
mac,"Macao SAR, China",MAC,Western Pacific,2024,35_44,35-44,a,All sexes,42
mac,"Macao SAR, China",MAC,Western Pacific,2024,35_44,35-44,f,Female,18
mac,"Macao SAR, China",MAC,Western Pacific,2024,35_44,35-44,m,Male,23
mac,"Macao SAR, China",MAC,Western Pacific,2024,45_54,45-54,a,All sexes,49
mac,"Macao SAR, China",MAC,Western Pacific,2024,45_54,45-54,f,Female,25
mac,"Macao SAR, China",MAC,Western Pacific,2024,45_54,45-54,m,Male,25
mac,"Macao SAR, China",MAC,Western Pacific,2024,55_64,55-64,a,All sexes,85
mac,"Macao SAR, China",MAC,Western Pacific,2024,55_64,55-64,f,Female,17
mac,"Macao SAR, China",MAC,Western Pacific,2024,55_64,55-64,m,Male,68
mac,"Macao SAR, China",MAC,Western Pacific,2024,5_14,5-14,a,All sexes,2
mac,"Macao SAR, China",MAC,Western Pacific,2024,5_14,5-14,f,Female,2
mac,"Macao SAR, China",MAC,Western Pacific,2024,5_14,5-14,m,Male,0
mac,"Macao SAR, China",MAC,Western Pacific,2024,5_9,5-9,a,All sexes,0
mac,"Macao SAR, China",MAC,Western Pacific,2024,5_9,5-9,f,Female,0
mac,"Macao SAR, China",MAC,Western Pacific,2024,5_9,5-9,m,Male,0
mac,"Macao SAR, China",MAC,Western Pacific,2024,65plus,65+,a,All sexes,190
mac,"Macao SAR, China",MAC,Western Pacific,2024,65plus,65+,f,Female,38
mac,"Macao SAR, China",MAC,Western Pacific,2024,65plus,65+,m,Male,150
mac,"Macao SAR, China",MAC,Western Pacific,2024,all,All ages,a,All sexes,420
mac,"Macao SAR, China",MAC,Western Pacific,2024,all,All ages,f,Female,130
mac,"Macao SAR, China",MAC,Western Pacific,2024,all,All ages,m,Male,290
mdg,Madagascar,MDG,Africa,2024,0_14,0-14,a,All sexes,8400
mdg,Madagascar,MDG,Africa,2024,0_14,0-14,f,Female,4000
mdg,Madagascar,MDG,Africa,2024,0_14,0-14,m,Male,4400
mdg,Madagascar,MDG,Africa,2024,0_4,0-4,a,All sexes,4000
mdg,Madagascar,MDG,Africa,2024,0_4,0-4,f,Female,1800
mdg,Madagascar,MDG,Africa,2024,0_4,0-4,m,Male,2200
mdg,Madagascar,MDG,Africa,2024,10_14,10-14,a,All sexes,2300
mdg,Madagascar,MDG,Africa,2024,10_14,10-14,f,Female,1200
mdg,Madagascar,MDG,Africa,2024,10_14,10-14,m,Male,1200
mdg,Madagascar,MDG,Africa,2024,15_19,15-19,a,All sexes,5800
mdg,Madagascar,MDG,Africa,2024,15_19,15-19,f,Female,2700
mdg,Madagascar,MDG,Africa,2024,15_19,15-19,m,Male,3000
mdg,Madagascar,MDG,Africa,2024,15_24,15-24,a,All sexes,12000
mdg,Madagascar,MDG,Africa,2024,15_24,15-24,f,Female,5700
mdg,Madagascar,MDG,Africa,2024,15_24,15-24,m,Male,6400
mdg,Madagascar,MDG,Africa,2024,15plus,15+,a,All sexes,63000
mdg,Madagascar,MDG,Africa,2024,15plus,15+,f,Female,26000
mdg,Madagascar,MDG,Africa,2024,15plus,15+,m,Male,38000
mdg,Madagascar,MDG,Africa,2024,20_24,20-24,a,All sexes,6300
mdg,Madagascar,MDG,Africa,2024,20_24,20-24,f,Female,3000
mdg,Madagascar,MDG,Africa,2024,20_24,20-24,m,Male,3300
mdg,Madagascar,MDG,Africa,2024,25_34,25-34,a,All sexes,14000
mdg,Madagascar,MDG,Africa,2024,25_34,25-34,f,Female,6000
mdg,Madagascar,MDG,Africa,2024,25_34,25-34,m,Male,8400
mdg,Madagascar,MDG,Africa,2024,35_44,35-44,a,All sexes,12000
mdg,Madagascar,MDG,Africa,2024,35_44,35-44,f,Female,4800
mdg,Madagascar,MDG,Africa,2024,35_44,35-44,m,Male,7700
mdg,Madagascar,MDG,Africa,2024,45_54,45-54,a,All sexes,10000
mdg,Madagascar,MDG,Africa,2024,45_54,45-54,f,Female,3900
mdg,Madagascar,MDG,Africa,2024,45_54,45-54,m,Male,6600
mdg,Madagascar,MDG,Africa,2024,55_64,55-64,a,All sexes,7700
mdg,Madagascar,MDG,Africa,2024,55_64,55-64,f,Female,2800
mdg,Madagascar,MDG,Africa,2024,55_64,55-64,m,Male,4900
mdg,Madagascar,MDG,Africa,2024,5_14,5-14,a,All sexes,4500
mdg,Madagascar,MDG,Africa,2024,5_14,5-14,f,Female,2200
mdg,Madagascar,MDG,Africa,2024,5_14,5-14,m,Male,2200
mdg,Madagascar,MDG,Africa,2024,5_9,5-9,a,All sexes,2100
mdg,Madagascar,MDG,Africa,2024,5_9,5-9,f,Female,1100
mdg,Madagascar,MDG,Africa,2024,5_9,5-9,m,Male,1100
mdg,Madagascar,MDG,Africa,2024,65plus,65+,a,All sexes,6000
mdg,Madagascar,MDG,Africa,2024,65plus,65+,f,Female,2400
mdg,Madagascar,MDG,Africa,2024,65plus,65+,m,Male,3700
mdg,Madagascar,MDG,Africa,2024,all,All ages,a,All sexes,72000
mdg,Madagascar,MDG,Africa,2024,all,All ages,f,Female,30000
mdg,Madagascar,MDG,Africa,2024,all,All ages,m,Male,42000
mwi,Malawi,MWI,Africa,2024,0_14,0-14,a,All sexes,2500
mwi,Malawi,MWI,Africa,2024,0_14,0-14,f,Female,1200
mwi,Malawi,MWI,Africa,2024,0_14,0-14,m,Male,1300
mwi,Malawi,MWI,Africa,2024,0_4,0-4,a,All sexes,1200
mwi,Malawi,MWI,Africa,2024,0_4,0-4,f,Female,540
mwi,Malawi,MWI,Africa,2024,0_4,0-4,m,Male,660
mwi,Malawi,MWI,Africa,2024,10_14,10-14,a,All sexes,710
mwi,Malawi,MWI,Africa,2024,10_14,10-14,f,Female,350
mwi,Malawi,MWI,Africa,2024,10_14,10-14,m,Male,360
mwi,Malawi,MWI,Africa,2024,15_19,15-19,a,All sexes,1300
mwi,Malawi,MWI,Africa,2024,15_19,15-19,f,Female,550
mwi,Malawi,MWI,Africa,2024,15_19,15-19,m,Male,700
mwi,Malawi,MWI,Africa,2024,15_24,15-24,a,All sexes,2600
mwi,Malawi,MWI,Africa,2024,15_24,15-24,f,Female,1200
mwi,Malawi,MWI,Africa,2024,15_24,15-24,m,Male,1500
mwi,Malawi,MWI,Africa,2024,15plus,15+,a,All sexes,22000
mwi,Malawi,MWI,Africa,2024,15plus,15+,f,Female,8700
mwi,Malawi,MWI,Africa,2024,15plus,15+,m,Male,13000
mwi,Malawi,MWI,Africa,2024,20_24,20-24,a,All sexes,1400
mwi,Malawi,MWI,Africa,2024,20_24,20-24,f,Female,600
mwi,Malawi,MWI,Africa,2024,20_24,20-24,m,Male,760
mwi,Malawi,MWI,Africa,2024,25_34,25-34,a,All sexes,4800
mwi,Malawi,MWI,Africa,2024,25_34,25-34,f,Female,1900
mwi,Malawi,MWI,Africa,2024,25_34,25-34,m,Male,2900
mwi,Malawi,MWI,Africa,2024,35_44,35-44,a,All sexes,5500
mwi,Malawi,MWI,Africa,2024,35_44,35-44,f,Female,2100
mwi,Malawi,MWI,Africa,2024,35_44,35-44,m,Male,3400
mwi,Malawi,MWI,Africa,2024,45_54,45-54,a,All sexes,4000
mwi,Malawi,MWI,Africa,2024,45_54,45-54,f,Female,1600
mwi,Malawi,MWI,Africa,2024,45_54,45-54,m,Male,2500
mwi,Malawi,MWI,Africa,2024,55_64,55-64,a,All sexes,2400
mwi,Malawi,MWI,Africa,2024,55_64,55-64,f,Female,1000
mwi,Malawi,MWI,Africa,2024,55_64,55-64,m,Male,1400
mwi,Malawi,MWI,Africa,2024,5_14,5-14,a,All sexes,1400
mwi,Malawi,MWI,Africa,2024,5_14,5-14,f,Female,660
mwi,Malawi,MWI,Africa,2024,5_14,5-14,m,Male,690
mwi,Malawi,MWI,Africa,2024,5_9,5-9,a,All sexes,650
mwi,Malawi,MWI,Africa,2024,5_9,5-9,f,Female,320
mwi,Malawi,MWI,Africa,2024,5_9,5-9,m,Male,330
mwi,Malawi,MWI,Africa,2024,65plus,65+,a,All sexes,2400
mwi,Malawi,MWI,Africa,2024,65plus,65+,f,Female,1000
mwi,Malawi,MWI,Africa,2024,65plus,65+,m,Male,1400
mwi,Malawi,MWI,Africa,2024,all,All ages,a,All sexes,24000
mwi,Malawi,MWI,Africa,2024,all,All ages,f,Female,9900
mwi,Malawi,MWI,Africa,2024,all,All ages,m,Male,14000
mys,Malaysia,MYS,Western Pacific,2024,0_14,0-14,a,All sexes,2000
mys,Malaysia,MYS,Western Pacific,2024,0_14,0-14,f,Female,980
mys,Malaysia,MYS,Western Pacific,2024,0_14,0-14,m,Male,990
mys,Malaysia,MYS,Western Pacific,2024,0_4,0-4,a,All sexes,990
mys,Malaysia,MYS,Western Pacific,2024,0_4,0-4,f,Female,430
mys,Malaysia,MYS,Western Pacific,2024,0_4,0-4,m,Male,570
mys,Malaysia,MYS,Western Pacific,2024,10_14,10-14,a,All sexes,510
mys,Malaysia,MYS,Western Pacific,2024,10_14,10-14,f,Female,330
mys,Malaysia,MYS,Western Pacific,2024,10_14,10-14,m,Male,190
mys,Malaysia,MYS,Western Pacific,2024,15_19,15-19,a,All sexes,1400
mys,Malaysia,MYS,Western Pacific,2024,15_19,15-19,f,Female,760
mys,Malaysia,MYS,Western Pacific,2024,15_19,15-19,m,Male,640
mys,Malaysia,MYS,Western Pacific,2024,15_24,15-24,a,All sexes,4000
mys,Malaysia,MYS,Western Pacific,2024,15_24,15-24,f,Female,1900
mys,Malaysia,MYS,Western Pacific,2024,15_24,15-24,m,Male,2100
mys,Malaysia,MYS,Western Pacific,2024,15plus,15+,a,All sexes,32000
mys,Malaysia,MYS,Western Pacific,2024,15plus,15+,f,Female,11000
mys,Malaysia,MYS,Western Pacific,2024,15plus,15+,m,Male,21000
mys,Malaysia,MYS,Western Pacific,2024,20_24,20-24,a,All sexes,2600
mys,Malaysia,MYS,Western Pacific,2024,20_24,20-24,f,Female,1100
mys,Malaysia,MYS,Western Pacific,2024,20_24,20-24,m,Male,1500
mys,Malaysia,MYS,Western Pacific,2024,25_34,25-34,a,All sexes,5900
mys,Malaysia,MYS,Western Pacific,2024,25_34,25-34,f,Female,2300
mys,Malaysia,MYS,Western Pacific,2024,25_34,25-34,m,Male,3700
mys,Malaysia,MYS,Western Pacific,2024,35_44,35-44,a,All sexes,5700
mys,Malaysia,MYS,Western Pacific,2024,35_44,35-44,f,Female,1800
mys,Malaysia,MYS,Western Pacific,2024,35_44,35-44,m,Male,3900
mys,Malaysia,MYS,Western Pacific,2024,45_54,45-54,a,All sexes,5500
mys,Malaysia,MYS,Western Pacific,2024,45_54,45-54,f,Female,1600
mys,Malaysia,MYS,Western Pacific,2024,45_54,45-54,m,Male,3800
mys,Malaysia,MYS,Western Pacific,2024,55_64,55-64,a,All sexes,5400
mys,Malaysia,MYS,Western Pacific,2024,55_64,55-64,f,Female,1600
mys,Malaysia,MYS,Western Pacific,2024,55_64,55-64,m,Male,3800
mys,Malaysia,MYS,Western Pacific,2024,5_14,5-14,a,All sexes,980
mys,Malaysia,MYS,Western Pacific,2024,5_14,5-14,f,Female,560
mys,Malaysia,MYS,Western Pacific,2024,5_14,5-14,m,Male,420
mys,Malaysia,MYS,Western Pacific,2024,5_9,5-9,a,All sexes,460
mys,Malaysia,MYS,Western Pacific,2024,5_9,5-9,f,Female,230
mys,Malaysia,MYS,Western Pacific,2024,5_9,5-9,m,Male,230
mys,Malaysia,MYS,Western Pacific,2024,65plus,65+,a,All sexes,5700
mys,Malaysia,MYS,Western Pacific,2024,65plus,65+,f,Female,1800
mys,Malaysia,MYS,Western Pacific,2024,65plus,65+,m,Male,3800
mys,Malaysia,MYS,Western Pacific,2024,all,All ages,a,All sexes,34000
mys,Malaysia,MYS,Western Pacific,2024,all,All ages,f,Female,12000
mys,Malaysia,MYS,Western Pacific,2024,all,All ages,m,Male,22000
mdv,Maldives,MDV,South-East Asia,2024,0_14,0-14,a,All sexes,6
mdv,Maldives,MDV,South-East Asia,2024,0_14,0-14,f,Female,3
mdv,Maldives,MDV,South-East Asia,2024,0_14,0-14,m,Male,3
mdv,Maldives,MDV,South-East Asia,2024,0_4,0-4,a,All sexes,0
mdv,Maldives,MDV,South-East Asia,2024,0_4,0-4,f,Female,0
mdv,Maldives,MDV,South-East Asia,2024,0_4,0-4,m,Male,0
mdv,Maldives,MDV,South-East Asia,2024,10_14,10-14,a,All sexes,6
mdv,Maldives,MDV,South-East Asia,2024,10_14,10-14,f,Female,3
mdv,Maldives,MDV,South-East Asia,2024,10_14,10-14,m,Male,3
mdv,Maldives,MDV,South-East Asia,2024,15_19,15-19,a,All sexes,10
mdv,Maldives,MDV,South-East Asia,2024,15_19,15-19,f,Female,6
mdv,Maldives,MDV,South-East Asia,2024,15_19,15-19,m,Male,3
mdv,Maldives,MDV,South-East Asia,2024,15_24,15-24,a,All sexes,27
mdv,Maldives,MDV,South-East Asia,2024,15_24,15-24,f,Female,21
mdv,Maldives,MDV,South-East Asia,2024,15_24,15-24,m,Male,6
mdv,Maldives,MDV,South-East Asia,2024,15plus,15+,a,All sexes,200
mdv,Maldives,MDV,South-East Asia,2024,15plus,15+,f,Female,110
mdv,Maldives,MDV,South-East Asia,2024,15plus,15+,m,Male,95
mdv,Maldives,MDV,South-East Asia,2024,20_24,20-24,a,All sexes,18
mdv,Maldives,MDV,South-East Asia,2024,20_24,20-24,f,Female,15
mdv,Maldives,MDV,South-East Asia,2024,20_24,20-24,m,Male,3
mdv,Maldives,MDV,South-East Asia,2024,25_34,25-34,a,All sexes,55
mdv,Maldives,MDV,South-East Asia,2024,25_34,25-34,f,Female,26
mdv,Maldives,MDV,South-East Asia,2024,25_34,25-34,m,Male,29
mdv,Maldives,MDV,South-East Asia,2024,35_44,35-44,a,All sexes,48
mdv,Maldives,MDV,South-East Asia,2024,35_44,35-44,f,Female,26
mdv,Maldives,MDV,South-East Asia,2024,35_44,35-44,m,Male,23
mdv,Maldives,MDV,South-East Asia,2024,45_54,45-54,a,All sexes,19
mdv,Maldives,MDV,South-East Asia,2024,45_54,45-54,f,Female,13
mdv,Maldives,MDV,South-East Asia,2024,45_54,45-54,m,Male,6
mdv,Maldives,MDV,South-East Asia,2024,55_64,55-64,a,All sexes,23
mdv,Maldives,MDV,South-East Asia,2024,55_64,55-64,f,Female,10
mdv,Maldives,MDV,South-East Asia,2024,55_64,55-64,m,Male,13
mdv,Maldives,MDV,South-East Asia,2024,5_14,5-14,a,All sexes,6
mdv,Maldives,MDV,South-East Asia,2024,5_14,5-14,f,Female,3
mdv,Maldives,MDV,South-East Asia,2024,5_14,5-14,m,Male,3
mdv,Maldives,MDV,South-East Asia,2024,5_9,5-9,a,All sexes,0
mdv,Maldives,MDV,South-East Asia,2024,5_9,5-9,f,Female,0
mdv,Maldives,MDV,South-East Asia,2024,5_9,5-9,m,Male,0
mdv,Maldives,MDV,South-East Asia,2024,65plus,65+,a,All sexes,31
mdv,Maldives,MDV,South-East Asia,2024,65plus,65+,f,Female,13
mdv,Maldives,MDV,South-East Asia,2024,65plus,65+,m,Male,18
mdv,Maldives,MDV,South-East Asia,2024,all,All ages,a,All sexes,210
mdv,Maldives,MDV,South-East Asia,2024,all,All ages,f,Female,110
mdv,Maldives,MDV,South-East Asia,2024,all,All ages,m,Male,99
mli,Mali,MLI,Africa,2024,0_14,0-14,a,All sexes,950
mli,Mali,MLI,Africa,2024,0_14,0-14,f,Female,450
mli,Mali,MLI,Africa,2024,0_14,0-14,m,Male,500
mli,Mali,MLI,Africa,2024,0_4,0-4,a,All sexes,440
mli,Mali,MLI,Africa,2024,0_4,0-4,f,Female,200
mli,Mali,MLI,Africa,2024,0_4,0-4,m,Male,240
mli,Mali,MLI,Africa,2024,10_14,10-14,a,All sexes,260
mli,Mali,MLI,Africa,2024,10_14,10-14,f,Female,130
mli,Mali,MLI,Africa,2024,10_14,10-14,m,Male,130
mli,Mali,MLI,Africa,2024,15_19,15-19,a,All sexes,860
mli,Mali,MLI,Africa,2024,15_19,15-19,f,Female,350
mli,Mali,MLI,Africa,2024,15_19,15-19,m,Male,510
mli,Mali,MLI,Africa,2024,15_24,15-24,a,All sexes,1800
mli,Mali,MLI,Africa,2024,15_24,15-24,f,Female,720
mli,Mali,MLI,Africa,2024,15_24,15-24,m,Male,1100
mli,Mali,MLI,Africa,2024,15plus,15+,a,All sexes,11000
mli,Mali,MLI,Africa,2024,15plus,15+,f,Female,4100
mli,Mali,MLI,Africa,2024,15plus,15+,m,Male,7400
mli,Mali,MLI,Africa,2024,20_24,20-24,a,All sexes,930
mli,Mali,MLI,Africa,2024,20_24,20-24,f,Female,380
mli,Mali,MLI,Africa,2024,20_24,20-24,m,Male,550
mli,Mali,MLI,Africa,2024,25_34,25-34,a,All sexes,2700
mli,Mali,MLI,Africa,2024,25_34,25-34,f,Female,940
mli,Mali,MLI,Africa,2024,25_34,25-34,m,Male,1700
mli,Mali,MLI,Africa,2024,35_44,35-44,a,All sexes,2400
mli,Mali,MLI,Africa,2024,35_44,35-44,f,Female,880
mli,Mali,MLI,Africa,2024,35_44,35-44,m,Male,1500
mli,Mali,MLI,Africa,2024,45_54,45-54,a,All sexes,1800
mli,Mali,MLI,Africa,2024,45_54,45-54,f,Female,620
mli,Mali,MLI,Africa,2024,45_54,45-54,m,Male,1200
mli,Mali,MLI,Africa,2024,55_64,55-64,a,All sexes,1500
mli,Mali,MLI,Africa,2024,55_64,55-64,f,Female,500
mli,Mali,MLI,Africa,2024,55_64,55-64,m,Male,970
mli,Mali,MLI,Africa,2024,5_14,5-14,a,All sexes,510
mli,Mali,MLI,Africa,2024,5_14,5-14,f,Female,250
mli,Mali,MLI,Africa,2024,5_14,5-14,m,Male,250
mli,Mali,MLI,Africa,2024,5_9,5-9,a,All sexes,240
mli,Mali,MLI,Africa,2024,5_9,5-9,f,Female,120
mli,Mali,MLI,Africa,2024,5_9,5-9,m,Male,120
mli,Mali,MLI,Africa,2024,65plus,65+,a,All sexes,1300
mli,Mali,MLI,Africa,2024,65plus,65+,f,Female,450
mli,Mali,MLI,Africa,2024,65plus,65+,m,Male,880
mli,Mali,MLI,Africa,2024,all,All ages,a,All sexes,12000
mli,Mali,MLI,Africa,2024,all,All ages,f,Female,4600
mli,Mali,MLI,Africa,2024,all,All ages,m,Male,7900
mhl,Marshall Islands,MHL,Western Pacific,2024,0_14,0-14,a,All sexes,28
mhl,Marshall Islands,MHL,Western Pacific,2024,0_14,0-14,f,Female,10
mhl,Marshall Islands,MHL,Western Pacific,2024,0_14,0-14,m,Male,18
mhl,Marshall Islands,MHL,Western Pacific,2024,0_4,0-4,a,All sexes,22
mhl,Marshall Islands,MHL,Western Pacific,2024,0_4,0-4,f,Female,7
mhl,Marshall Islands,MHL,Western Pacific,2024,0_4,0-4,m,Male,15
mhl,Marshall Islands,MHL,Western Pacific,2024,10_14,10-14,a,All sexes,3
mhl,Marshall Islands,MHL,Western Pacific,2024,10_14,10-14,f,Female,2
mhl,Marshall Islands,MHL,Western Pacific,2024,10_14,10-14,m,Male,2
mhl,Marshall Islands,MHL,Western Pacific,2024,15_19,15-19,a,All sexes,12
mhl,Marshall Islands,MHL,Western Pacific,2024,15_19,15-19,f,Female,8
mhl,Marshall Islands,MHL,Western Pacific,2024,15_19,15-19,m,Male,3
mhl,Marshall Islands,MHL,Western Pacific,2024,15_24,15-24,a,All sexes,25
mhl,Marshall Islands,MHL,Western Pacific,2024,15_24,15-24,f,Female,18
mhl,Marshall Islands,MHL,Western Pacific,2024,15_24,15-24,m,Male,7
mhl,Marshall Islands,MHL,Western Pacific,2024,15plus,15+,a,All sexes,130
mhl,Marshall Islands,MHL,Western Pacific,2024,15plus,15+,f,Female,64
mhl,Marshall Islands,MHL,Western Pacific,2024,15plus,15+,m,Male,62
mhl,Marshall Islands,MHL,Western Pacific,2024,20_24,20-24,a,All sexes,13
mhl,Marshall Islands,MHL,Western Pacific,2024,20_24,20-24,f,Female,10
mhl,Marshall Islands,MHL,Western Pacific,2024,20_24,20-24,m,Male,3
mhl,Marshall Islands,MHL,Western Pacific,2024,25_34,25-34,a,All sexes,15
mhl,Marshall Islands,MHL,Western Pacific,2024,25_34,25-34,f,Female,2
mhl,Marshall Islands,MHL,Western Pacific,2024,25_34,25-34,m,Male,13
mhl,Marshall Islands,MHL,Western Pacific,2024,35_44,35-44,a,All sexes,23
mhl,Marshall Islands,MHL,Western Pacific,2024,35_44,35-44,f,Female,17
mhl,Marshall Islands,MHL,Western Pacific,2024,35_44,35-44,m,Male,7
mhl,Marshall Islands,MHL,Western Pacific,2024,45_54,45-54,a,All sexes,23
mhl,Marshall Islands,MHL,Western Pacific,2024,45_54,45-54,f,Female,10
mhl,Marshall Islands,MHL,Western Pacific,2024,45_54,45-54,m,Male,13
mhl,Marshall Islands,MHL,Western Pacific,2024,55_64,55-64,a,All sexes,25
mhl,Marshall Islands,MHL,Western Pacific,2024,55_64,55-64,f,Female,7
mhl,Marshall Islands,MHL,Western Pacific,2024,55_64,55-64,m,Male,18
mhl,Marshall Islands,MHL,Western Pacific,2024,5_14,5-14,a,All sexes,7
mhl,Marshall Islands,MHL,Western Pacific,2024,5_14,5-14,f,Female,3
mhl,Marshall Islands,MHL,Western Pacific,2024,5_14,5-14,m,Male,3
mhl,Marshall Islands,MHL,Western Pacific,2024,5_9,5-9,a,All sexes,3
mhl,Marshall Islands,MHL,Western Pacific,2024,5_9,5-9,f,Female,2
mhl,Marshall Islands,MHL,Western Pacific,2024,5_9,5-9,m,Male,2
mhl,Marshall Islands,MHL,Western Pacific,2024,65plus,65+,a,All sexes,13
mhl,Marshall Islands,MHL,Western Pacific,2024,65plus,65+,f,Female,10
mhl,Marshall Islands,MHL,Western Pacific,2024,65plus,65+,m,Male,3
mhl,Marshall Islands,MHL,Western Pacific,2024,all,All ages,a,All sexes,150
mhl,Marshall Islands,MHL,Western Pacific,2024,all,All ages,f,Female,74
mhl,Marshall Islands,MHL,Western Pacific,2024,all,All ages,m,Male,80
mrt,Mauritania,MRT,Africa,2024,0_14,0-14,a,All sexes,170
mrt,Mauritania,MRT,Africa,2024,0_14,0-14,f,Female,80
mrt,Mauritania,MRT,Africa,2024,0_14,0-14,m,Male,87
mrt,Mauritania,MRT,Africa,2024,0_4,0-4,a,All sexes,84
mrt,Mauritania,MRT,Africa,2024,0_4,0-4,f,Female,40
mrt,Mauritania,MRT,Africa,2024,0_4,0-4,m,Male,44
mrt,Mauritania,MRT,Africa,2024,10_14,10-14,a,All sexes,43
mrt,Mauritania,MRT,Africa,2024,10_14,10-14,f,Female,21
mrt,Mauritania,MRT,Africa,2024,10_14,10-14,m,Male,22
mrt,Mauritania,MRT,Africa,2024,15_19,15-19,a,All sexes,320
mrt,Mauritania,MRT,Africa,2024,15_19,15-19,f,Female,120
mrt,Mauritania,MRT,Africa,2024,15_19,15-19,m,Male,200
mrt,Mauritania,MRT,Africa,2024,15_24,15-24,a,All sexes,670
mrt,Mauritania,MRT,Africa,2024,15_24,15-24,f,Female,260
mrt,Mauritania,MRT,Africa,2024,15_24,15-24,m,Male,410
mrt,Mauritania,MRT,Africa,2024,15plus,15+,a,All sexes,3200
mrt,Mauritania,MRT,Africa,2024,15plus,15+,f,Female,1000
mrt,Mauritania,MRT,Africa,2024,15plus,15+,m,Male,2200
mrt,Mauritania,MRT,Africa,2024,20_24,20-24,a,All sexes,350
mrt,Mauritania,MRT,Africa,2024,20_24,20-24,f,Female,140
mrt,Mauritania,MRT,Africa,2024,20_24,20-24,m,Male,210
mrt,Mauritania,MRT,Africa,2024,25_34,25-34,a,All sexes,750
mrt,Mauritania,MRT,Africa,2024,25_34,25-34,f,Female,240
mrt,Mauritania,MRT,Africa,2024,25_34,25-34,m,Male,510
mrt,Mauritania,MRT,Africa,2024,35_44,35-44,a,All sexes,520
mrt,Mauritania,MRT,Africa,2024,35_44,35-44,f,Female,160
mrt,Mauritania,MRT,Africa,2024,35_44,35-44,m,Male,350
mrt,Mauritania,MRT,Africa,2024,45_54,45-54,a,All sexes,400
mrt,Mauritania,MRT,Africa,2024,45_54,45-54,f,Female,130
mrt,Mauritania,MRT,Africa,2024,45_54,45-54,m,Male,270
mrt,Mauritania,MRT,Africa,2024,55_64,55-64,a,All sexes,430
mrt,Mauritania,MRT,Africa,2024,55_64,55-64,f,Female,140
mrt,Mauritania,MRT,Africa,2024,55_64,55-64,m,Male,300
mrt,Mauritania,MRT,Africa,2024,5_14,5-14,a,All sexes,83
mrt,Mauritania,MRT,Africa,2024,5_14,5-14,f,Female,40
mrt,Mauritania,MRT,Africa,2024,5_14,5-14,m,Male,43
mrt,Mauritania,MRT,Africa,2024,5_9,5-9,a,All sexes,40
mrt,Mauritania,MRT,Africa,2024,5_9,5-9,f,Female,19
mrt,Mauritania,MRT,Africa,2024,5_9,5-9,m,Male,21
mrt,Mauritania,MRT,Africa,2024,65plus,65+,a,All sexes,420
mrt,Mauritania,MRT,Africa,2024,65plus,65+,f,Female,110
mrt,Mauritania,MRT,Africa,2024,65plus,65+,m,Male,310
mrt,Mauritania,MRT,Africa,2024,all,All ages,a,All sexes,3400
mrt,Mauritania,MRT,Africa,2024,all,All ages,f,Female,1100
mrt,Mauritania,MRT,Africa,2024,all,All ages,m,Male,2200
mus,Mauritius,MUS,Africa,2024,0_14,0-14,a,All sexes,2
mus,Mauritius,MUS,Africa,2024,0_14,0-14,f,Female,2
mus,Mauritius,MUS,Africa,2024,0_14,0-14,m,Male,0
mus,Mauritius,MUS,Africa,2024,0_4,0-4,a,All sexes,2
mus,Mauritius,MUS,Africa,2024,0_4,0-4,f,Female,2
mus,Mauritius,MUS,Africa,2024,0_4,0-4,m,Male,0
mus,Mauritius,MUS,Africa,2024,10_14,10-14,a,All sexes,0
mus,Mauritius,MUS,Africa,2024,10_14,10-14,f,Female,0
mus,Mauritius,MUS,Africa,2024,10_14,10-14,m,Male,0
mus,Mauritius,MUS,Africa,2024,15_19,15-19,a,All sexes,6
mus,Mauritius,MUS,Africa,2024,15_19,15-19,f,Female,6
mus,Mauritius,MUS,Africa,2024,15_19,15-19,m,Male,0
mus,Mauritius,MUS,Africa,2024,15_24,15-24,a,All sexes,17
mus,Mauritius,MUS,Africa,2024,15_24,15-24,f,Female,9
mus,Mauritius,MUS,Africa,2024,15_24,15-24,m,Male,8
mus,Mauritius,MUS,Africa,2024,15plus,15+,a,All sexes,160
mus,Mauritius,MUS,Africa,2024,15plus,15+,f,Female,45
mus,Mauritius,MUS,Africa,2024,15plus,15+,m,Male,110
mus,Mauritius,MUS,Africa,2024,20_24,20-24,a,All sexes,11
mus,Mauritius,MUS,Africa,2024,20_24,20-24,f,Female,3
mus,Mauritius,MUS,Africa,2024,20_24,20-24,m,Male,8
mus,Mauritius,MUS,Africa,2024,25_34,25-34,a,All sexes,32
mus,Mauritius,MUS,Africa,2024,25_34,25-34,f,Female,9
mus,Mauritius,MUS,Africa,2024,25_34,25-34,m,Male,23
mus,Mauritius,MUS,Africa,2024,35_44,35-44,a,All sexes,31
mus,Mauritius,MUS,Africa,2024,35_44,35-44,f,Female,9
mus,Mauritius,MUS,Africa,2024,35_44,35-44,m,Male,22
mus,Mauritius,MUS,Africa,2024,45_54,45-54,a,All sexes,35
mus,Mauritius,MUS,Africa,2024,45_54,45-54,f,Female,6
mus,Mauritius,MUS,Africa,2024,45_54,45-54,m,Male,29
mus,Mauritius,MUS,Africa,2024,55_64,55-64,a,All sexes,29
mus,Mauritius,MUS,Africa,2024,55_64,55-64,f,Female,8
mus,Mauritius,MUS,Africa,2024,55_64,55-64,m,Male,22
mus,Mauritius,MUS,Africa,2024,5_14,5-14,a,All sexes,0
mus,Mauritius,MUS,Africa,2024,5_14,5-14,f,Female,0
mus,Mauritius,MUS,Africa,2024,5_14,5-14,m,Male,0
mus,Mauritius,MUS,Africa,2024,5_9,5-9,a,All sexes,0
mus,Mauritius,MUS,Africa,2024,5_9,5-9,f,Female,0
mus,Mauritius,MUS,Africa,2024,5_9,5-9,m,Male,0
mus,Mauritius,MUS,Africa,2024,65plus,65+,a,All sexes,14
mus,Mauritius,MUS,Africa,2024,65plus,65+,f,Female,3
mus,Mauritius,MUS,Africa,2024,65plus,65+,m,Male,11
mus,Mauritius,MUS,Africa,2024,all,All ages,a,All sexes,160
mus,Mauritius,MUS,Africa,2024,all,All ages,f,Female,46
mus,Mauritius,MUS,Africa,2024,all,All ages,m,Male,110
mex,Mexico,MEX,Americas,2024,0_14,0-14,a,All sexes,1100
mex,Mexico,MEX,Americas,2024,0_14,0-14,f,Female,600
mex,Mexico,MEX,Americas,2024,0_14,0-14,m,Male,550
mex,Mexico,MEX,Americas,2024,0_4,0-4,a,All sexes,350
mex,Mexico,MEX,Americas,2024,0_4,0-4,f,Female,170
mex,Mexico,MEX,Americas,2024,0_4,0-4,m,Male,180
mex,Mexico,MEX,Americas,2024,10_14,10-14,a,All sexes,530
mex,Mexico,MEX,Americas,2024,10_14,10-14,f,Female,310
mex,Mexico,MEX,Americas,2024,10_14,10-14,m,Male,210
mex,Mexico,MEX,Americas,2024,15_19,15-19,a,All sexes,1800
mex,Mexico,MEX,Americas,2024,15_19,15-19,f,Female,710
mex,Mexico,MEX,Americas,2024,15_19,15-19,m,Male,1000
mex,Mexico,MEX,Americas,2024,15_24,15-24,a,All sexes,4800
mex,Mexico,MEX,Americas,2024,15_24,15-24,f,Female,1800
mex,Mexico,MEX,Americas,2024,15_24,15-24,m,Male,3000
mex,Mexico,MEX,Americas,2024,15plus,15+,a,All sexes,36000
mex,Mexico,MEX,Americas,2024,15plus,15+,f,Female,13000
mex,Mexico,MEX,Americas,2024,15plus,15+,m,Male,23000
mex,Mexico,MEX,Americas,2024,20_24,20-24,a,All sexes,3000
mex,Mexico,MEX,Americas,2024,20_24,20-24,f,Female,1100
mex,Mexico,MEX,Americas,2024,20_24,20-24,m,Male,1900
mex,Mexico,MEX,Americas,2024,25_34,25-34,a,All sexes,6500
mex,Mexico,MEX,Americas,2024,25_34,25-34,f,Female,2100
mex,Mexico,MEX,Americas,2024,25_34,25-34,m,Male,4400
mex,Mexico,MEX,Americas,2024,35_44,35-44,a,All sexes,6100
mex,Mexico,MEX,Americas,2024,35_44,35-44,f,Female,2000
mex,Mexico,MEX,Americas,2024,35_44,35-44,m,Male,4100
mex,Mexico,MEX,Americas,2024,45_54,45-54,a,All sexes,6800
mex,Mexico,MEX,Americas,2024,45_54,45-54,f,Female,2500
mex,Mexico,MEX,Americas,2024,45_54,45-54,m,Male,4300
mex,Mexico,MEX,Americas,2024,55_64,55-64,a,All sexes,5700
mex,Mexico,MEX,Americas,2024,55_64,55-64,f,Female,2100
mex,Mexico,MEX,Americas,2024,55_64,55-64,m,Male,3600
mex,Mexico,MEX,Americas,2024,5_14,5-14,a,All sexes,800
mex,Mexico,MEX,Americas,2024,5_14,5-14,f,Female,440
mex,Mexico,MEX,Americas,2024,5_14,5-14,m,Male,360
mex,Mexico,MEX,Americas,2024,5_9,5-9,a,All sexes,270
mex,Mexico,MEX,Americas,2024,5_9,5-9,f,Female,130
mex,Mexico,MEX,Americas,2024,5_9,5-9,m,Male,150
mex,Mexico,MEX,Americas,2024,65plus,65+,a,All sexes,5700
mex,Mexico,MEX,Americas,2024,65plus,65+,f,Female,2200
mex,Mexico,MEX,Americas,2024,65plus,65+,m,Male,3500
mex,Mexico,MEX,Americas,2024,all,All ages,a,All sexes,37000
mex,Mexico,MEX,Americas,2024,all,All ages,f,Female,13000
mex,Mexico,MEX,Americas,2024,all,All ages,m,Male,23000
fsm,Micronesia (Federated States of),FSM,Western Pacific,2024,0_14,0-14,a,All sexes,68
fsm,Micronesia (Federated States of),FSM,Western Pacific,2024,0_14,0-14,f,Female,45
fsm,Micronesia (Federated States of),FSM,Western Pacific,2024,0_14,0-14,m,Male,23
fsm,Micronesia (Federated States of),FSM,Western Pacific,2024,0_4,0-4,a,All sexes,15
fsm,Micronesia (Federated States of),FSM,Western Pacific,2024,0_4,0-4,f,Female,11
fsm,Micronesia (Federated States of),FSM,Western Pacific,2024,0_4,0-4,m,Male,4
fsm,Micronesia (Federated States of),FSM,Western Pacific,2024,10_14,10-14,a,All sexes,23
fsm,Micronesia (Federated States of),FSM,Western Pacific,2024,10_14,10-14,f,Female,17
fsm,Micronesia (Federated States of),FSM,Western Pacific,2024,10_14,10-14,m,Male,6
fsm,Micronesia (Federated States of),FSM,Western Pacific,2024,15_19,15-19,a,All sexes,47
fsm,Micronesia (Federated States of),FSM,Western Pacific,2024,15_19,15-19,f,Female,15
fsm,Micronesia (Federated States of),FSM,Western Pacific,2024,15_19,15-19,m,Male,32
fsm,Micronesia (Federated States of),FSM,Western Pacific,2024,15_24,15-24,a,All sexes,68
fsm,Micronesia (Federated States of),FSM,Western Pacific,2024,15_24,15-24,f,Female,21
fsm,Micronesia (Federated States of),FSM,Western Pacific,2024,15_24,15-24,m,Male,47
fsm,Micronesia (Federated States of),FSM,Western Pacific,2024,15plus,15+,a,All sexes,230
fsm,Micronesia (Federated States of),FSM,Western Pacific,2024,15plus,15+,f,Female,83
fsm,Micronesia (Federated States of),FSM,Western Pacific,2024,15plus,15+,m,Male,150
fsm,Micronesia (Federated States of),FSM,Western Pacific,2024,20_24,20-24,a,All sexes,21
fsm,Micronesia (Federated States of),FSM,Western Pacific,2024,20_24,20-24,f,Female,6
fsm,Micronesia (Federated States of),FSM,Western Pacific,2024,20_24,20-24,m,Male,15
fsm,Micronesia (Federated States of),FSM,Western Pacific,2024,25_34,25-34,a,All sexes,21
fsm,Micronesia (Federated States of),FSM,Western Pacific,2024,25_34,25-34,f,Female,11
fsm,Micronesia (Federated States of),FSM,Western Pacific,2024,25_34,25-34,m,Male,11
fsm,Micronesia (Federated States of),FSM,Western Pacific,2024,35_44,35-44,a,All sexes,38
fsm,Micronesia (Federated States of),FSM,Western Pacific,2024,35_44,35-44,f,Female,11
fsm,Micronesia (Federated States of),FSM,Western Pacific,2024,35_44,35-44,m,Male,28
fsm,Micronesia (Federated States of),FSM,Western Pacific,2024,45_54,45-54,a,All sexes,25
fsm,Micronesia (Federated States of),FSM,Western Pacific,2024,45_54,45-54,f,Female,13
fsm,Micronesia (Federated States of),FSM,Western Pacific,2024,45_54,45-54,m,Male,13
fsm,Micronesia (Federated States of),FSM,Western Pacific,2024,55_64,55-64,a,All sexes,47
fsm,Micronesia (Federated States of),FSM,Western Pacific,2024,55_64,55-64,f,Female,15
fsm,Micronesia (Federated States of),FSM,Western Pacific,2024,55_64,55-64,m,Male,32
fsm,Micronesia (Federated States of),FSM,Western Pacific,2024,5_14,5-14,a,All sexes,53
fsm,Micronesia (Federated States of),FSM,Western Pacific,2024,5_14,5-14,f,Female,34
fsm,Micronesia (Federated States of),FSM,Western Pacific,2024,5_14,5-14,m,Male,19
fsm,Micronesia (Federated States of),FSM,Western Pacific,2024,5_9,5-9,a,All sexes,30
fsm,Micronesia (Federated States of),FSM,Western Pacific,2024,5_9,5-9,f,Female,17
fsm,Micronesia (Federated States of),FSM,Western Pacific,2024,5_9,5-9,m,Male,13
fsm,Micronesia (Federated States of),FSM,Western Pacific,2024,65plus,65+,a,All sexes,32
fsm,Micronesia (Federated States of),FSM,Western Pacific,2024,65plus,65+,f,Female,13
fsm,Micronesia (Federated States of),FSM,Western Pacific,2024,65plus,65+,m,Male,19
fsm,Micronesia (Federated States of),FSM,Western Pacific,2024,all,All ages,a,All sexes,300
fsm,Micronesia (Federated States of),FSM,Western Pacific,2024,all,All ages,f,Female,130
fsm,Micronesia (Federated States of),FSM,Western Pacific,2024,all,All ages,m,Male,170
mda,Moldova,MDA,Europe,2024,0_14,0-14,a,All sexes,120
mda,Moldova,MDA,Europe,2024,0_14,0-14,f,Female,63
mda,Moldova,MDA,Europe,2024,0_14,0-14,m,Male,59
mda,Moldova,MDA,Europe,2024,0_4,0-4,a,All sexes,30
mda,Moldova,MDA,Europe,2024,0_4,0-4,f,Female,13
mda,Moldova,MDA,Europe,2024,0_4,0-4,m,Male,17
mda,Moldova,MDA,Europe,2024,10_14,10-14,a,All sexes,52
mda,Moldova,MDA,Europe,2024,10_14,10-14,f,Female,28
mda,Moldova,MDA,Europe,2024,10_14,10-14,m,Male,23
mda,Moldova,MDA,Europe,2024,15_19,15-19,a,All sexes,49
mda,Moldova,MDA,Europe,2024,15_19,15-19,f,Female,22
mda,Moldova,MDA,Europe,2024,15_19,15-19,m,Male,27
mda,Moldova,MDA,Europe,2024,15_24,15-24,a,All sexes,100
mda,Moldova,MDA,Europe,2024,15_24,15-24,f,Female,41
mda,Moldova,MDA,Europe,2024,15_24,15-24,m,Male,62
mda,Moldova,MDA,Europe,2024,15plus,15+,a,All sexes,1800
mda,Moldova,MDA,Europe,2024,15plus,15+,f,Female,430
mda,Moldova,MDA,Europe,2024,15plus,15+,m,Male,1400
mda,Moldova,MDA,Europe,2024,20_24,20-24,a,All sexes,54
mda,Moldova,MDA,Europe,2024,20_24,20-24,f,Female,19
mda,Moldova,MDA,Europe,2024,20_24,20-24,m,Male,34
mda,Moldova,MDA,Europe,2024,25_34,25-34,a,All sexes,260
mda,Moldova,MDA,Europe,2024,25_34,25-34,f,Female,79
mda,Moldova,MDA,Europe,2024,25_34,25-34,m,Male,180
mda,Moldova,MDA,Europe,2024,35_44,35-44,a,All sexes,530
mda,Moldova,MDA,Europe,2024,35_44,35-44,f,Female,120
mda,Moldova,MDA,Europe,2024,35_44,35-44,m,Male,410
mda,Moldova,MDA,Europe,2024,45_54,45-54,a,All sexes,440
mda,Moldova,MDA,Europe,2024,45_54,45-54,f,Female,82
mda,Moldova,MDA,Europe,2024,45_54,45-54,m,Male,360
mda,Moldova,MDA,Europe,2024,55_64,55-64,a,All sexes,320
mda,Moldova,MDA,Europe,2024,55_64,55-64,f,Female,45
mda,Moldova,MDA,Europe,2024,55_64,55-64,m,Male,270
mda,Moldova,MDA,Europe,2024,5_14,5-14,a,All sexes,91
mda,Moldova,MDA,Europe,2024,5_14,5-14,f,Female,49
mda,Moldova,MDA,Europe,2024,5_14,5-14,m,Male,41
mda,Moldova,MDA,Europe,2024,5_9,5-9,a,All sexes,39
mda,Moldova,MDA,Europe,2024,5_9,5-9,f,Female,21
mda,Moldova,MDA,Europe,2024,5_9,5-9,m,Male,18
mda,Moldova,MDA,Europe,2024,65plus,65+,a,All sexes,180
mda,Moldova,MDA,Europe,2024,65plus,65+,f,Female,59
mda,Moldova,MDA,Europe,2024,65plus,65+,m,Male,120
mda,Moldova,MDA,Europe,2024,all,All ages,a,All sexes,2000
mda,Moldova,MDA,Europe,2024,all,All ages,f,Female,490
mda,Moldova,MDA,Europe,2024,all,All ages,m,Male,1500
mng,Mongolia,MNG,Western Pacific,2024,0_14,0-14,a,All sexes,1200
mng,Mongolia,MNG,Western Pacific,2024,0_14,0-14,f,Female,560
mng,Mongolia,MNG,Western Pacific,2024,0_14,0-14,m,Male,600
mng,Mongolia,MNG,Western Pacific,2024,0_4,0-4,a,All sexes,560
mng,Mongolia,MNG,Western Pacific,2024,0_4,0-4,f,Female,260
mng,Mongolia,MNG,Western Pacific,2024,0_4,0-4,m,Male,300
mng,Mongolia,MNG,Western Pacific,2024,10_14,10-14,a,All sexes,300
mng,Mongolia,MNG,Western Pacific,2024,10_14,10-14,f,Female,150
mng,Mongolia,MNG,Western Pacific,2024,10_14,10-14,m,Male,150
mng,Mongolia,MNG,Western Pacific,2024,15_19,15-19,a,All sexes,1500
mng,Mongolia,MNG,Western Pacific,2024,15_19,15-19,f,Female,410
mng,Mongolia,MNG,Western Pacific,2024,15_19,15-19,m,Male,1000
mng,Mongolia,MNG,Western Pacific,2024,15_24,15-24,a,All sexes,2900
mng,Mongolia,MNG,Western Pacific,2024,15_24,15-24,f,Female,820
mng,Mongolia,MNG,Western Pacific,2024,15_24,15-24,m,Male,2100
mng,Mongolia,MNG,Western Pacific,2024,15plus,15+,a,All sexes,14000
mng,Mongolia,MNG,Western Pacific,2024,15plus,15+,f,Female,4200
mng,Mongolia,MNG,Western Pacific,2024,15plus,15+,m,Male,10000
mng,Mongolia,MNG,Western Pacific,2024,20_24,20-24,a,All sexes,1500
mng,Mongolia,MNG,Western Pacific,2024,20_24,20-24,f,Female,410
mng,Mongolia,MNG,Western Pacific,2024,20_24,20-24,m,Male,1100
mng,Mongolia,MNG,Western Pacific,2024,25_34,25-34,a,All sexes,3100
mng,Mongolia,MNG,Western Pacific,2024,25_34,25-34,f,Female,910
mng,Mongolia,MNG,Western Pacific,2024,25_34,25-34,m,Male,2200
mng,Mongolia,MNG,Western Pacific,2024,35_44,35-44,a,All sexes,2600
mng,Mongolia,MNG,Western Pacific,2024,35_44,35-44,f,Female,700
mng,Mongolia,MNG,Western Pacific,2024,35_44,35-44,m,Male,1900
mng,Mongolia,MNG,Western Pacific,2024,45_54,45-54,a,All sexes,2500
mng,Mongolia,MNG,Western Pacific,2024,45_54,45-54,f,Female,700
mng,Mongolia,MNG,Western Pacific,2024,45_54,45-54,m,Male,1800
mng,Mongolia,MNG,Western Pacific,2024,55_64,55-64,a,All sexes,1800
mng,Mongolia,MNG,Western Pacific,2024,55_64,55-64,f,Female,530
mng,Mongolia,MNG,Western Pacific,2024,55_64,55-64,m,Male,1200
mng,Mongolia,MNG,Western Pacific,2024,5_14,5-14,a,All sexes,610
mng,Mongolia,MNG,Western Pacific,2024,5_14,5-14,f,Female,310
mng,Mongolia,MNG,Western Pacific,2024,5_14,5-14,m,Male,300
mng,Mongolia,MNG,Western Pacific,2024,5_9,5-9,a,All sexes,300
mng,Mongolia,MNG,Western Pacific,2024,5_9,5-9,f,Female,150
mng,Mongolia,MNG,Western Pacific,2024,5_9,5-9,m,Male,150
mng,Mongolia,MNG,Western Pacific,2024,65plus,65+,a,All sexes,1400
mng,Mongolia,MNG,Western Pacific,2024,65plus,65+,f,Female,500
mng,Mongolia,MNG,Western Pacific,2024,65plus,65+,m,Male,900
mng,Mongolia,MNG,Western Pacific,2024,all,All ages,a,All sexes,16000
mng,Mongolia,MNG,Western Pacific,2024,all,All ages,f,Female,4700
mng,Mongolia,MNG,Western Pacific,2024,all,All ages,m,Male,11000
mne,Montenegro,MNE,Europe,2024,0_14,0-14,a,All sexes,5
mne,Montenegro,MNE,Europe,2024,0_14,0-14,f,Female,2
mne,Montenegro,MNE,Europe,2024,0_14,0-14,m,Male,3
mne,Montenegro,MNE,Europe,2024,0_4,0-4,a,All sexes,2
mne,Montenegro,MNE,Europe,2024,0_4,0-4,f,Female,1
mne,Montenegro,MNE,Europe,2024,0_4,0-4,m,Male,1
mne,Montenegro,MNE,Europe,2024,10_14,10-14,a,All sexes,2
mne,Montenegro,MNE,Europe,2024,10_14,10-14,f,Female,1
mne,Montenegro,MNE,Europe,2024,10_14,10-14,m,Male,1
mne,Montenegro,MNE,Europe,2024,15_19,15-19,a,All sexes,4
mne,Montenegro,MNE,Europe,2024,15_19,15-19,f,Female,2
mne,Montenegro,MNE,Europe,2024,15_19,15-19,m,Male,3
mne,Montenegro,MNE,Europe,2024,15_24,15-24,a,All sexes,10
mne,Montenegro,MNE,Europe,2024,15_24,15-24,f,Female,4
mne,Montenegro,MNE,Europe,2024,15_24,15-24,m,Male,6
mne,Montenegro,MNE,Europe,2024,15plus,15+,a,All sexes,99
mne,Montenegro,MNE,Europe,2024,15plus,15+,f,Female,33
mne,Montenegro,MNE,Europe,2024,15plus,15+,m,Male,67
mne,Montenegro,MNE,Europe,2024,20_24,20-24,a,All sexes,5
mne,Montenegro,MNE,Europe,2024,20_24,20-24,f,Female,2
mne,Montenegro,MNE,Europe,2024,20_24,20-24,m,Male,3
mne,Montenegro,MNE,Europe,2024,25_34,25-34,a,All sexes,15
mne,Montenegro,MNE,Europe,2024,25_34,25-34,f,Female,6
mne,Montenegro,MNE,Europe,2024,25_34,25-34,m,Male,10
mne,Montenegro,MNE,Europe,2024,35_44,35-44,a,All sexes,23
mne,Montenegro,MNE,Europe,2024,35_44,35-44,f,Female,7
mne,Montenegro,MNE,Europe,2024,35_44,35-44,m,Male,17
mne,Montenegro,MNE,Europe,2024,45_54,45-54,a,All sexes,21
mne,Montenegro,MNE,Europe,2024,45_54,45-54,f,Female,5
mne,Montenegro,MNE,Europe,2024,45_54,45-54,m,Male,16
mne,Montenegro,MNE,Europe,2024,55_64,55-64,a,All sexes,15
mne,Montenegro,MNE,Europe,2024,55_64,55-64,f,Female,4
mne,Montenegro,MNE,Europe,2024,55_64,55-64,m,Male,11
mne,Montenegro,MNE,Europe,2024,5_14,5-14,a,All sexes,3
mne,Montenegro,MNE,Europe,2024,5_14,5-14,f,Female,2
mne,Montenegro,MNE,Europe,2024,5_14,5-14,m,Male,2
mne,Montenegro,MNE,Europe,2024,5_9,5-9,a,All sexes,2
mne,Montenegro,MNE,Europe,2024,5_9,5-9,f,Female,1
mne,Montenegro,MNE,Europe,2024,5_9,5-9,m,Male,1
mne,Montenegro,MNE,Europe,2024,65plus,65+,a,All sexes,15
mne,Montenegro,MNE,Europe,2024,65plus,65+,f,Female,6
mne,Montenegro,MNE,Europe,2024,65plus,65+,m,Male,8
mne,Montenegro,MNE,Europe,2024,all,All ages,a,All sexes,100
mne,Montenegro,MNE,Europe,2024,all,All ages,f,Female,35
mne,Montenegro,MNE,Europe,2024,all,All ages,m,Male,69
mar,Morocco,MAR,Eastern Mediterranean,2024,0_14,0-14,a,All sexes,2900
mar,Morocco,MAR,Eastern Mediterranean,2024,0_14,0-14,f,Female,1500
mar,Morocco,MAR,Eastern Mediterranean,2024,0_14,0-14,m,Male,1400
mar,Morocco,MAR,Eastern Mediterranean,2024,0_4,0-4,a,All sexes,530
mar,Morocco,MAR,Eastern Mediterranean,2024,0_4,0-4,f,Female,260
mar,Morocco,MAR,Eastern Mediterranean,2024,0_4,0-4,m,Male,280
mar,Morocco,MAR,Eastern Mediterranean,2024,10_14,10-14,a,All sexes,1300
mar,Morocco,MAR,Eastern Mediterranean,2024,10_14,10-14,f,Female,670
mar,Morocco,MAR,Eastern Mediterranean,2024,10_14,10-14,m,Male,630
mar,Morocco,MAR,Eastern Mediterranean,2024,15_19,15-19,a,All sexes,3300
mar,Morocco,MAR,Eastern Mediterranean,2024,15_19,15-19,f,Female,1400
mar,Morocco,MAR,Eastern Mediterranean,2024,15_19,15-19,m,Male,1800
mar,Morocco,MAR,Eastern Mediterranean,2024,15_24,15-24,a,All sexes,7400
mar,Morocco,MAR,Eastern Mediterranean,2024,15_24,15-24,f,Female,3200
mar,Morocco,MAR,Eastern Mediterranean,2024,15_24,15-24,m,Male,4100
mar,Morocco,MAR,Eastern Mediterranean,2024,15plus,15+,a,All sexes,34000
mar,Morocco,MAR,Eastern Mediterranean,2024,15plus,15+,f,Female,14000
mar,Morocco,MAR,Eastern Mediterranean,2024,15plus,15+,m,Male,21000
mar,Morocco,MAR,Eastern Mediterranean,2024,20_24,20-24,a,All sexes,4100
mar,Morocco,MAR,Eastern Mediterranean,2024,20_24,20-24,f,Female,1800
mar,Morocco,MAR,Eastern Mediterranean,2024,20_24,20-24,m,Male,2300
mar,Morocco,MAR,Eastern Mediterranean,2024,25_34,25-34,a,All sexes,8400
mar,Morocco,MAR,Eastern Mediterranean,2024,25_34,25-34,f,Female,3200
mar,Morocco,MAR,Eastern Mediterranean,2024,25_34,25-34,m,Male,5200
mar,Morocco,MAR,Eastern Mediterranean,2024,35_44,35-44,a,All sexes,5900
mar,Morocco,MAR,Eastern Mediterranean,2024,35_44,35-44,f,Female,2200
mar,Morocco,MAR,Eastern Mediterranean,2024,35_44,35-44,m,Male,3700
mar,Morocco,MAR,Eastern Mediterranean,2024,45_54,45-54,a,All sexes,4600
mar,Morocco,MAR,Eastern Mediterranean,2024,45_54,45-54,f,Female,1800
mar,Morocco,MAR,Eastern Mediterranean,2024,45_54,45-54,m,Male,2800
mar,Morocco,MAR,Eastern Mediterranean,2024,55_64,55-64,a,All sexes,3900
mar,Morocco,MAR,Eastern Mediterranean,2024,55_64,55-64,f,Female,1600
mar,Morocco,MAR,Eastern Mediterranean,2024,55_64,55-64,m,Male,2300
mar,Morocco,MAR,Eastern Mediterranean,2024,5_14,5-14,a,All sexes,2300
mar,Morocco,MAR,Eastern Mediterranean,2024,5_14,5-14,f,Female,1200
mar,Morocco,MAR,Eastern Mediterranean,2024,5_14,5-14,m,Male,1100
mar,Morocco,MAR,Eastern Mediterranean,2024,5_9,5-9,a,All sexes,1000
mar,Morocco,MAR,Eastern Mediterranean,2024,5_9,5-9,f,Female,530
mar,Morocco,MAR,Eastern Mediterranean,2024,5_9,5-9,m,Male,500
mar,Morocco,MAR,Eastern Mediterranean,2024,65plus,65+,a,All sexes,4100
mar,Morocco,MAR,Eastern Mediterranean,2024,65plus,65+,f,Female,1800
mar,Morocco,MAR,Eastern Mediterranean,2024,65plus,65+,m,Male,2400
mar,Morocco,MAR,Eastern Mediterranean,2024,all,All ages,a,All sexes,37000
mar,Morocco,MAR,Eastern Mediterranean,2024,all,All ages,f,Female,15000
mar,Morocco,MAR,Eastern Mediterranean,2024,all,All ages,m,Male,22000
moz,Mozambique,MOZ,Africa,2024,0_14,0-14,a,All sexes,19000
moz,Mozambique,MOZ,Africa,2024,0_14,0-14,f,Female,9200
moz,Mozambique,MOZ,Africa,2024,0_14,0-14,m,Male,9500
moz,Mozambique,MOZ,Africa,2024,0_4,0-4,a,All sexes,6000
moz,Mozambique,MOZ,Africa,2024,0_4,0-4,f,Female,2900
moz,Mozambique,MOZ,Africa,2024,0_4,0-4,m,Male,3100
moz,Mozambique,MOZ,Africa,2024,10_14,10-14,a,All sexes,6600
moz,Mozambique,MOZ,Africa,2024,10_14,10-14,f,Female,3300
moz,Mozambique,MOZ,Africa,2024,10_14,10-14,m,Male,3300
moz,Mozambique,MOZ,Africa,2024,15_19,15-19,a,All sexes,5500
moz,Mozambique,MOZ,Africa,2024,15_19,15-19,f,Female,2200
moz,Mozambique,MOZ,Africa,2024,15_19,15-19,m,Male,3300
moz,Mozambique,MOZ,Africa,2024,15_24,15-24,a,All sexes,14000
moz,Mozambique,MOZ,Africa,2024,15_24,15-24,f,Female,6000
moz,Mozambique,MOZ,Africa,2024,15_24,15-24,m,Male,7700
moz,Mozambique,MOZ,Africa,2024,15plus,15+,a,All sexes,106000
moz,Mozambique,MOZ,Africa,2024,15plus,15+,f,Female,50000
moz,Mozambique,MOZ,Africa,2024,15plus,15+,m,Male,56000
moz,Mozambique,MOZ,Africa,2024,20_24,20-24,a,All sexes,8200
moz,Mozambique,MOZ,Africa,2024,20_24,20-24,f,Female,3800
moz,Mozambique,MOZ,Africa,2024,20_24,20-24,m,Male,4400
moz,Mozambique,MOZ,Africa,2024,25_34,25-34,a,All sexes,22000
moz,Mozambique,MOZ,Africa,2024,25_34,25-34,f,Female,11000
moz,Mozambique,MOZ,Africa,2024,25_34,25-34,m,Male,12000
moz,Mozambique,MOZ,Africa,2024,35_44,35-44,a,All sexes,24000
moz,Mozambique,MOZ,Africa,2024,35_44,35-44,f,Female,11000
moz,Mozambique,MOZ,Africa,2024,35_44,35-44,m,Male,13000
moz,Mozambique,MOZ,Africa,2024,45_54,45-54,a,All sexes,19000
moz,Mozambique,MOZ,Africa,2024,45_54,45-54,f,Female,9500
moz,Mozambique,MOZ,Africa,2024,45_54,45-54,m,Male,9800
moz,Mozambique,MOZ,Africa,2024,55_64,55-64,a,All sexes,14000
moz,Mozambique,MOZ,Africa,2024,55_64,55-64,f,Female,6700
moz,Mozambique,MOZ,Africa,2024,55_64,55-64,m,Male,6900
moz,Mozambique,MOZ,Africa,2024,5_14,5-14,a,All sexes,13000
moz,Mozambique,MOZ,Africa,2024,5_14,5-14,f,Female,6300
moz,Mozambique,MOZ,Africa,2024,5_14,5-14,m,Male,6500
moz,Mozambique,MOZ,Africa,2024,5_9,5-9,a,All sexes,6200
moz,Mozambique,MOZ,Africa,2024,5_9,5-9,f,Female,3100
moz,Mozambique,MOZ,Africa,2024,5_9,5-9,m,Male,3200
moz,Mozambique,MOZ,Africa,2024,65plus,65+,a,All sexes,13000
moz,Mozambique,MOZ,Africa,2024,65plus,65+,f,Female,6100
moz,Mozambique,MOZ,Africa,2024,65plus,65+,m,Male,6800
moz,Mozambique,MOZ,Africa,2024,all,All ages,a,All sexes,125000
moz,Mozambique,MOZ,Africa,2024,all,All ages,f,Female,60000
moz,Mozambique,MOZ,Africa,2024,all,All ages,m,Male,65000
mmr,Myanmar,MMR,South-East Asia,2024,0_14,0-14,a,All sexes,49000
mmr,Myanmar,MMR,South-East Asia,2024,0_14,0-14,f,Female,23000
mmr,Myanmar,MMR,South-East Asia,2024,0_14,0-14,m,Male,26000
mmr,Myanmar,MMR,South-East Asia,2024,0_4,0-4,a,All sexes,21000
mmr,Myanmar,MMR,South-East Asia,2024,0_4,0-4,f,Female,10000
mmr,Myanmar,MMR,South-East Asia,2024,0_4,0-4,m,Male,11000
mmr,Myanmar,MMR,South-East Asia,2024,10_14,10-14,a,All sexes,14000
mmr,Myanmar,MMR,South-East Asia,2024,10_14,10-14,f,Female,6500
mmr,Myanmar,MMR,South-East Asia,2024,10_14,10-14,m,Male,7300
mmr,Myanmar,MMR,South-East Asia,2024,15_19,15-19,a,All sexes,12000
mmr,Myanmar,MMR,South-East Asia,2024,15_19,15-19,f,Female,5900
mmr,Myanmar,MMR,South-East Asia,2024,15_19,15-19,m,Male,6100
mmr,Myanmar,MMR,South-East Asia,2024,15_24,15-24,a,All sexes,30000
mmr,Myanmar,MMR,South-East Asia,2024,15_24,15-24,f,Female,15000
mmr,Myanmar,MMR,South-East Asia,2024,15_24,15-24,m,Male,15000
mmr,Myanmar,MMR,South-East Asia,2024,15plus,15+,a,All sexes,213000
mmr,Myanmar,MMR,South-East Asia,2024,15plus,15+,f,Female,81000
mmr,Myanmar,MMR,South-East Asia,2024,15plus,15+,m,Male,132000
mmr,Myanmar,MMR,South-East Asia,2024,20_24,20-24,a,All sexes,18000
mmr,Myanmar,MMR,South-East Asia,2024,20_24,20-24,f,Female,9300
mmr,Myanmar,MMR,South-East Asia,2024,20_24,20-24,m,Male,8900
mmr,Myanmar,MMR,South-East Asia,2024,25_34,25-34,a,All sexes,38000
mmr,Myanmar,MMR,South-East Asia,2024,25_34,25-34,f,Female,15000
mmr,Myanmar,MMR,South-East Asia,2024,25_34,25-34,m,Male,24000
mmr,Myanmar,MMR,South-East Asia,2024,35_44,35-44,a,All sexes,39000
mmr,Myanmar,MMR,South-East Asia,2024,35_44,35-44,f,Female,13000
mmr,Myanmar,MMR,South-East Asia,2024,35_44,35-44,m,Male,27000
mmr,Myanmar,MMR,South-East Asia,2024,45_54,45-54,a,All sexes,37000
mmr,Myanmar,MMR,South-East Asia,2024,45_54,45-54,f,Female,13000
mmr,Myanmar,MMR,South-East Asia,2024,45_54,45-54,m,Male,24000
mmr,Myanmar,MMR,South-East Asia,2024,55_64,55-64,a,All sexes,34000
mmr,Myanmar,MMR,South-East Asia,2024,55_64,55-64,f,Female,13000
mmr,Myanmar,MMR,South-East Asia,2024,55_64,55-64,m,Male,22000
mmr,Myanmar,MMR,South-East Asia,2024,5_14,5-14,a,All sexes,28000
mmr,Myanmar,MMR,South-East Asia,2024,5_14,5-14,f,Female,13000
mmr,Myanmar,MMR,South-East Asia,2024,5_14,5-14,m,Male,15000
mmr,Myanmar,MMR,South-East Asia,2024,5_9,5-9,a,All sexes,14000
mmr,Myanmar,MMR,South-East Asia,2024,5_9,5-9,f,Female,6400
mmr,Myanmar,MMR,South-East Asia,2024,5_9,5-9,m,Male,8000
mmr,Myanmar,MMR,South-East Asia,2024,65plus,65+,a,All sexes,34000
mmr,Myanmar,MMR,South-East Asia,2024,65plus,65+,f,Female,13000
mmr,Myanmar,MMR,South-East Asia,2024,65plus,65+,m,Male,20000
mmr,Myanmar,MMR,South-East Asia,2024,all,All ages,a,All sexes,263000
mmr,Myanmar,MMR,South-East Asia,2024,all,All ages,f,Female,104000
mmr,Myanmar,MMR,South-East Asia,2024,all,All ages,m,Male,159000
nam,Namibia,NAM,Africa,2024,0_14,0-14,a,All sexes,1600
nam,Namibia,NAM,Africa,2024,0_14,0-14,f,Female,760
nam,Namibia,NAM,Africa,2024,0_14,0-14,m,Male,830
nam,Namibia,NAM,Africa,2024,0_4,0-4,a,All sexes,890
nam,Namibia,NAM,Africa,2024,0_4,0-4,f,Female,410
nam,Namibia,NAM,Africa,2024,0_4,0-4,m,Male,480
nam,Namibia,NAM,Africa,2024,10_14,10-14,a,All sexes,360
nam,Namibia,NAM,Africa,2024,10_14,10-14,f,Female,180
nam,Namibia,NAM,Africa,2024,10_14,10-14,m,Male,180
nam,Namibia,NAM,Africa,2024,15_19,15-19,a,All sexes,730
nam,Namibia,NAM,Africa,2024,15_19,15-19,f,Female,310
nam,Namibia,NAM,Africa,2024,15_19,15-19,m,Male,420
nam,Namibia,NAM,Africa,2024,15_24,15-24,a,All sexes,1700
nam,Namibia,NAM,Africa,2024,15_24,15-24,f,Female,710
nam,Namibia,NAM,Africa,2024,15_24,15-24,m,Male,940
nam,Namibia,NAM,Africa,2024,15plus,15+,a,All sexes,11000
nam,Namibia,NAM,Africa,2024,15plus,15+,f,Female,4300
nam,Namibia,NAM,Africa,2024,15plus,15+,m,Male,6900
nam,Namibia,NAM,Africa,2024,20_24,20-24,a,All sexes,930
nam,Namibia,NAM,Africa,2024,20_24,20-24,f,Female,400
nam,Namibia,NAM,Africa,2024,20_24,20-24,m,Male,530
nam,Namibia,NAM,Africa,2024,25_34,25-34,a,All sexes,2800
nam,Namibia,NAM,Africa,2024,25_34,25-34,f,Female,1100
nam,Namibia,NAM,Africa,2024,25_34,25-34,m,Male,1700
nam,Namibia,NAM,Africa,2024,35_44,35-44,a,All sexes,2600
nam,Namibia,NAM,Africa,2024,35_44,35-44,f,Female,960
nam,Namibia,NAM,Africa,2024,35_44,35-44,m,Male,1700
nam,Namibia,NAM,Africa,2024,45_54,45-54,a,All sexes,1900
nam,Namibia,NAM,Africa,2024,45_54,45-54,f,Female,670
nam,Namibia,NAM,Africa,2024,45_54,45-54,m,Male,1200
nam,Namibia,NAM,Africa,2024,55_64,55-64,a,All sexes,1200
nam,Namibia,NAM,Africa,2024,55_64,55-64,f,Female,450
nam,Namibia,NAM,Africa,2024,55_64,55-64,m,Male,760
nam,Namibia,NAM,Africa,2024,5_14,5-14,a,All sexes,700
nam,Namibia,NAM,Africa,2024,5_14,5-14,f,Female,350
nam,Namibia,NAM,Africa,2024,5_14,5-14,m,Male,350
nam,Namibia,NAM,Africa,2024,5_9,5-9,a,All sexes,340
nam,Namibia,NAM,Africa,2024,5_9,5-9,f,Female,170
nam,Namibia,NAM,Africa,2024,5_9,5-9,m,Male,170
nam,Namibia,NAM,Africa,2024,65plus,65+,a,All sexes,1100
nam,Namibia,NAM,Africa,2024,65plus,65+,f,Female,470
nam,Namibia,NAM,Africa,2024,65plus,65+,m,Male,630
nam,Namibia,NAM,Africa,2024,all,All ages,a,All sexes,13000
nam,Namibia,NAM,Africa,2024,all,All ages,f,Female,5100
nam,Namibia,NAM,Africa,2024,all,All ages,m,Male,7700
npl,Nepal,NPL,South-East Asia,2024,0_14,0-14,a,All sexes,5500
npl,Nepal,NPL,South-East Asia,2024,0_14,0-14,f,Female,2700
npl,Nepal,NPL,South-East Asia,2024,0_14,0-14,m,Male,2800
npl,Nepal,NPL,South-East Asia,2024,0_4,0-4,a,All sexes,2900
npl,Nepal,NPL,South-East Asia,2024,0_4,0-4,f,Female,1400
npl,Nepal,NPL,South-East Asia,2024,0_4,0-4,m,Male,1500
npl,Nepal,NPL,South-East Asia,2024,10_14,10-14,a,All sexes,1500
npl,Nepal,NPL,South-East Asia,2024,10_14,10-14,f,Female,750
npl,Nepal,NPL,South-East Asia,2024,10_14,10-14,m,Male,750
npl,Nepal,NPL,South-East Asia,2024,15_19,15-19,a,All sexes,3400
npl,Nepal,NPL,South-East Asia,2024,15_19,15-19,f,Female,1400
npl,Nepal,NPL,South-East Asia,2024,15_19,15-19,m,Male,2000
npl,Nepal,NPL,South-East Asia,2024,15_24,15-24,a,All sexes,8400
npl,Nepal,NPL,South-East Asia,2024,15_24,15-24,f,Female,3400
npl,Nepal,NPL,South-East Asia,2024,15_24,15-24,m,Male,4900
npl,Nepal,NPL,South-East Asia,2024,15plus,15+,a,All sexes,62000
npl,Nepal,NPL,South-East Asia,2024,15plus,15+,f,Female,22000
npl,Nepal,NPL,South-East Asia,2024,15plus,15+,m,Male,40000
npl,Nepal,NPL,South-East Asia,2024,20_24,20-24,a,All sexes,4900
npl,Nepal,NPL,South-East Asia,2024,20_24,20-24,f,Female,2000
npl,Nepal,NPL,South-East Asia,2024,20_24,20-24,m,Male,2900
npl,Nepal,NPL,South-East Asia,2024,25_34,25-34,a,All sexes,9000
npl,Nepal,NPL,South-East Asia,2024,25_34,25-34,f,Female,3400
npl,Nepal,NPL,South-East Asia,2024,25_34,25-34,m,Male,5500
npl,Nepal,NPL,South-East Asia,2024,35_44,35-44,a,All sexes,8700
npl,Nepal,NPL,South-East Asia,2024,35_44,35-44,f,Female,3000
npl,Nepal,NPL,South-East Asia,2024,35_44,35-44,m,Male,5700
npl,Nepal,NPL,South-East Asia,2024,45_54,45-54,a,All sexes,9700
npl,Nepal,NPL,South-East Asia,2024,45_54,45-54,f,Female,3200
npl,Nepal,NPL,South-East Asia,2024,45_54,45-54,m,Male,6500
npl,Nepal,NPL,South-East Asia,2024,55_64,55-64,a,All sexes,11000
npl,Nepal,NPL,South-East Asia,2024,55_64,55-64,f,Female,3400
npl,Nepal,NPL,South-East Asia,2024,55_64,55-64,m,Male,7100
npl,Nepal,NPL,South-East Asia,2024,5_14,5-14,a,All sexes,2500
npl,Nepal,NPL,South-East Asia,2024,5_14,5-14,f,Female,1300
npl,Nepal,NPL,South-East Asia,2024,5_14,5-14,m,Male,1300
npl,Nepal,NPL,South-East Asia,2024,5_9,5-9,a,All sexes,1000
npl,Nepal,NPL,South-East Asia,2024,5_9,5-9,f,Female,520
npl,Nepal,NPL,South-East Asia,2024,5_9,5-9,m,Male,530
npl,Nepal,NPL,South-East Asia,2024,65plus,65+,a,All sexes,16000
npl,Nepal,NPL,South-East Asia,2024,65plus,65+,f,Female,5300
npl,Nepal,NPL,South-East Asia,2024,65plus,65+,m,Male,10000
npl,Nepal,NPL,South-East Asia,2024,all,All ages,a,All sexes,67000
npl,Nepal,NPL,South-East Asia,2024,all,All ages,f,Female,24000
npl,Nepal,NPL,South-East Asia,2024,all,All ages,m,Male,43000
nld,Netherlands (Kingdom of the),NLD,Europe,2024,0_14,0-14,a,All sexes,36
nld,Netherlands (Kingdom of the),NLD,Europe,2024,0_14,0-14,f,Female,16
nld,Netherlands (Kingdom of the),NLD,Europe,2024,0_14,0-14,m,Male,20
nld,Netherlands (Kingdom of the),NLD,Europe,2024,0_4,0-4,a,All sexes,15
nld,Netherlands (Kingdom of the),NLD,Europe,2024,0_4,0-4,f,Female,7
nld,Netherlands (Kingdom of the),NLD,Europe,2024,0_4,0-4,m,Male,8
nld,Netherlands (Kingdom of the),NLD,Europe,2024,10_14,10-14,a,All sexes,8
nld,Netherlands (Kingdom of the),NLD,Europe,2024,10_14,10-14,f,Female,3
nld,Netherlands (Kingdom of the),NLD,Europe,2024,10_14,10-14,m,Male,5
nld,Netherlands (Kingdom of the),NLD,Europe,2024,15_19,15-19,a,All sexes,93
nld,Netherlands (Kingdom of the),NLD,Europe,2024,15_19,15-19,f,Female,20
nld,Netherlands (Kingdom of the),NLD,Europe,2024,15_19,15-19,m,Male,74
nld,Netherlands (Kingdom of the),NLD,Europe,2024,15_24,15-24,a,All sexes,170
nld,Netherlands (Kingdom of the),NLD,Europe,2024,15_24,15-24,f,Female,45
nld,Netherlands (Kingdom of the),NLD,Europe,2024,15_24,15-24,m,Male,130
nld,Netherlands (Kingdom of the),NLD,Europe,2024,15plus,15+,a,All sexes,830
nld,Netherlands (Kingdom of the),NLD,Europe,2024,15plus,15+,f,Female,300
nld,Netherlands (Kingdom of the),NLD,Europe,2024,15plus,15+,m,Male,530
nld,Netherlands (Kingdom of the),NLD,Europe,2024,20_24,20-24,a,All sexes,78
nld,Netherlands (Kingdom of the),NLD,Europe,2024,20_24,20-24,f,Female,25
nld,Netherlands (Kingdom of the),NLD,Europe,2024,20_24,20-24,m,Male,53
nld,Netherlands (Kingdom of the),NLD,Europe,2024,25_34,25-34,a,All sexes,200
nld,Netherlands (Kingdom of the),NLD,Europe,2024,25_34,25-34,f,Female,79
nld,Netherlands (Kingdom of the),NLD,Europe,2024,25_34,25-34,m,Male,120
nld,Netherlands (Kingdom of the),NLD,Europe,2024,35_44,35-44,a,All sexes,130
nld,Netherlands (Kingdom of the),NLD,Europe,2024,35_44,35-44,f,Female,53
nld,Netherlands (Kingdom of the),NLD,Europe,2024,35_44,35-44,m,Male,77
nld,Netherlands (Kingdom of the),NLD,Europe,2024,45_54,45-54,a,All sexes,110
nld,Netherlands (Kingdom of the),NLD,Europe,2024,45_54,45-54,f,Female,38
nld,Netherlands (Kingdom of the),NLD,Europe,2024,45_54,45-54,m,Male,70
nld,Netherlands (Kingdom of the),NLD,Europe,2024,55_64,55-64,a,All sexes,84
nld,Netherlands (Kingdom of the),NLD,Europe,2024,55_64,55-64,f,Female,24
nld,Netherlands (Kingdom of the),NLD,Europe,2024,55_64,55-64,m,Male,60
nld,Netherlands (Kingdom of the),NLD,Europe,2024,5_14,5-14,a,All sexes,21
nld,Netherlands (Kingdom of the),NLD,Europe,2024,5_14,5-14,f,Female,9
nld,Netherlands (Kingdom of the),NLD,Europe,2024,5_14,5-14,m,Male,12
nld,Netherlands (Kingdom of the),NLD,Europe,2024,5_9,5-9,a,All sexes,13
nld,Netherlands (Kingdom of the),NLD,Europe,2024,5_9,5-9,f,Female,6
nld,Netherlands (Kingdom of the),NLD,Europe,2024,5_9,5-9,m,Male,7
nld,Netherlands (Kingdom of the),NLD,Europe,2024,65plus,65+,a,All sexes,130
nld,Netherlands (Kingdom of the),NLD,Europe,2024,65plus,65+,f,Female,62
nld,Netherlands (Kingdom of the),NLD,Europe,2024,65plus,65+,m,Male,70
nld,Netherlands (Kingdom of the),NLD,Europe,2024,all,All ages,a,All sexes,860
nld,Netherlands (Kingdom of the),NLD,Europe,2024,all,All ages,f,Female,320
nld,Netherlands (Kingdom of the),NLD,Europe,2024,all,All ages,m,Male,540
ncl,New Caledonia,NCL,Western Pacific,2024,0_14,0-14,a,All sexes,2
ncl,New Caledonia,NCL,Western Pacific,2024,0_14,0-14,f,Female,2
ncl,New Caledonia,NCL,Western Pacific,2024,0_14,0-14,m,Male,0
ncl,New Caledonia,NCL,Western Pacific,2024,0_4,0-4,a,All sexes,2
ncl,New Caledonia,NCL,Western Pacific,2024,0_4,0-4,f,Female,2
ncl,New Caledonia,NCL,Western Pacific,2024,0_4,0-4,m,Male,0
ncl,New Caledonia,NCL,Western Pacific,2024,10_14,10-14,a,All sexes,0
ncl,New Caledonia,NCL,Western Pacific,2024,10_14,10-14,f,Female,0
ncl,New Caledonia,NCL,Western Pacific,2024,10_14,10-14,m,Male,0
ncl,New Caledonia,NCL,Western Pacific,2024,15_19,15-19,a,All sexes,3
ncl,New Caledonia,NCL,Western Pacific,2024,15_19,15-19,f,Female,3
ncl,New Caledonia,NCL,Western Pacific,2024,15_19,15-19,m,Male,0
ncl,New Caledonia,NCL,Western Pacific,2024,15_24,15-24,a,All sexes,8
ncl,New Caledonia,NCL,Western Pacific,2024,15_24,15-24,f,Female,5
ncl,New Caledonia,NCL,Western Pacific,2024,15_24,15-24,m,Male,3
ncl,New Caledonia,NCL,Western Pacific,2024,15plus,15+,a,All sexes,51
ncl,New Caledonia,NCL,Western Pacific,2024,15plus,15+,f,Female,18
ncl,New Caledonia,NCL,Western Pacific,2024,15plus,15+,m,Male,32
ncl,New Caledonia,NCL,Western Pacific,2024,20_24,20-24,a,All sexes,5
ncl,New Caledonia,NCL,Western Pacific,2024,20_24,20-24,f,Female,2
ncl,New Caledonia,NCL,Western Pacific,2024,20_24,20-24,m,Male,3
ncl,New Caledonia,NCL,Western Pacific,2024,25_34,25-34,a,All sexes,5
ncl,New Caledonia,NCL,Western Pacific,2024,25_34,25-34,f,Female,3
ncl,New Caledonia,NCL,Western Pacific,2024,25_34,25-34,m,Male,2
ncl,New Caledonia,NCL,Western Pacific,2024,35_44,35-44,a,All sexes,6
ncl,New Caledonia,NCL,Western Pacific,2024,35_44,35-44,f,Female,2
ncl,New Caledonia,NCL,Western Pacific,2024,35_44,35-44,m,Male,5
ncl,New Caledonia,NCL,Western Pacific,2024,45_54,45-54,a,All sexes,3
ncl,New Caledonia,NCL,Western Pacific,2024,45_54,45-54,f,Female,2
ncl,New Caledonia,NCL,Western Pacific,2024,45_54,45-54,m,Male,2
ncl,New Caledonia,NCL,Western Pacific,2024,55_64,55-64,a,All sexes,11
ncl,New Caledonia,NCL,Western Pacific,2024,55_64,55-64,f,Female,0
ncl,New Caledonia,NCL,Western Pacific,2024,55_64,55-64,m,Male,11
ncl,New Caledonia,NCL,Western Pacific,2024,5_14,5-14,a,All sexes,0
ncl,New Caledonia,NCL,Western Pacific,2024,5_14,5-14,f,Female,0
ncl,New Caledonia,NCL,Western Pacific,2024,5_14,5-14,m,Male,0
ncl,New Caledonia,NCL,Western Pacific,2024,5_9,5-9,a,All sexes,0
ncl,New Caledonia,NCL,Western Pacific,2024,5_9,5-9,f,Female,0
ncl,New Caledonia,NCL,Western Pacific,2024,5_9,5-9,m,Male,0
ncl,New Caledonia,NCL,Western Pacific,2024,65plus,65+,a,All sexes,18
ncl,New Caledonia,NCL,Western Pacific,2024,65plus,65+,f,Female,8
ncl,New Caledonia,NCL,Western Pacific,2024,65plus,65+,m,Male,11
ncl,New Caledonia,NCL,Western Pacific,2024,all,All ages,a,All sexes,52
ncl,New Caledonia,NCL,Western Pacific,2024,all,All ages,f,Female,20
ncl,New Caledonia,NCL,Western Pacific,2024,all,All ages,m,Male,32
nzl,New Zealand,NZL,Western Pacific,2024,0_14,0-14,a,All sexes,12
nzl,New Zealand,NZL,Western Pacific,2024,0_14,0-14,f,Female,6
nzl,New Zealand,NZL,Western Pacific,2024,0_14,0-14,m,Male,6
nzl,New Zealand,NZL,Western Pacific,2024,0_4,0-4,a,All sexes,2
nzl,New Zealand,NZL,Western Pacific,2024,0_4,0-4,f,Female,1
nzl,New Zealand,NZL,Western Pacific,2024,0_4,0-4,m,Male,1
nzl,New Zealand,NZL,Western Pacific,2024,10_14,10-14,a,All sexes,7
nzl,New Zealand,NZL,Western Pacific,2024,10_14,10-14,f,Female,4
nzl,New Zealand,NZL,Western Pacific,2024,10_14,10-14,m,Male,4
nzl,New Zealand,NZL,Western Pacific,2024,15_19,15-19,a,All sexes,15
nzl,New Zealand,NZL,Western Pacific,2024,15_19,15-19,f,Female,12
nzl,New Zealand,NZL,Western Pacific,2024,15_19,15-19,m,Male,4
nzl,New Zealand,NZL,Western Pacific,2024,15_24,15-24,a,All sexes,51
nzl,New Zealand,NZL,Western Pacific,2024,15_24,15-24,f,Female,28
nzl,New Zealand,NZL,Western Pacific,2024,15_24,15-24,m,Male,22
nzl,New Zealand,NZL,Western Pacific,2024,15plus,15+,a,All sexes,400
nzl,New Zealand,NZL,Western Pacific,2024,15plus,15+,f,Female,210
nzl,New Zealand,NZL,Western Pacific,2024,15plus,15+,m,Male,190
nzl,New Zealand,NZL,Western Pacific,2024,20_24,20-24,a,All sexes,35
nzl,New Zealand,NZL,Western Pacific,2024,20_24,20-24,f,Female,16
nzl,New Zealand,NZL,Western Pacific,2024,20_24,20-24,m,Male,19
nzl,New Zealand,NZL,Western Pacific,2024,25_34,25-34,a,All sexes,110
nzl,New Zealand,NZL,Western Pacific,2024,25_34,25-34,f,Female,65
nzl,New Zealand,NZL,Western Pacific,2024,25_34,25-34,m,Male,47
nzl,New Zealand,NZL,Western Pacific,2024,35_44,35-44,a,All sexes,74
nzl,New Zealand,NZL,Western Pacific,2024,35_44,35-44,f,Female,33
nzl,New Zealand,NZL,Western Pacific,2024,35_44,35-44,m,Male,41
nzl,New Zealand,NZL,Western Pacific,2024,45_54,45-54,a,All sexes,60
nzl,New Zealand,NZL,Western Pacific,2024,45_54,45-54,f,Female,33
nzl,New Zealand,NZL,Western Pacific,2024,45_54,45-54,m,Male,27
nzl,New Zealand,NZL,Western Pacific,2024,55_64,55-64,a,All sexes,31
nzl,New Zealand,NZL,Western Pacific,2024,55_64,55-64,f,Female,15
nzl,New Zealand,NZL,Western Pacific,2024,55_64,55-64,m,Male,15
nzl,New Zealand,NZL,Western Pacific,2024,5_14,5-14,a,All sexes,9
nzl,New Zealand,NZL,Western Pacific,2024,5_14,5-14,f,Female,5
nzl,New Zealand,NZL,Western Pacific,2024,5_14,5-14,m,Male,5
nzl,New Zealand,NZL,Western Pacific,2024,5_9,5-9,a,All sexes,2
nzl,New Zealand,NZL,Western Pacific,2024,5_9,5-9,f,Female,1
nzl,New Zealand,NZL,Western Pacific,2024,5_9,5-9,m,Male,1
nzl,New Zealand,NZL,Western Pacific,2024,65plus,65+,a,All sexes,75
nzl,New Zealand,NZL,Western Pacific,2024,65plus,65+,f,Female,34
nzl,New Zealand,NZL,Western Pacific,2024,65plus,65+,m,Male,41
nzl,New Zealand,NZL,Western Pacific,2024,all,All ages,a,All sexes,410
nzl,New Zealand,NZL,Western Pacific,2024,all,All ages,f,Female,210
nzl,New Zealand,NZL,Western Pacific,2024,all,All ages,m,Male,200
nic,Nicaragua,NIC,Americas,2024,0_14,0-14,a,All sexes,110
nic,Nicaragua,NIC,Americas,2024,0_14,0-14,f,Female,41
nic,Nicaragua,NIC,Americas,2024,0_14,0-14,m,Male,65
nic,Nicaragua,NIC,Americas,2024,0_4,0-4,a,All sexes,32
nic,Nicaragua,NIC,Americas,2024,0_4,0-4,f,Female,13
nic,Nicaragua,NIC,Americas,2024,0_4,0-4,m,Male,20
nic,Nicaragua,NIC,Americas,2024,10_14,10-14,a,All sexes,51
nic,Nicaragua,NIC,Americas,2024,10_14,10-14,f,Female,20
nic,Nicaragua,NIC,Americas,2024,10_14,10-14,m,Male,31
nic,Nicaragua,NIC,Americas,2024,15_19,15-19,a,All sexes,150
nic,Nicaragua,NIC,Americas,2024,15_19,15-19,f,Female,62
nic,Nicaragua,NIC,Americas,2024,15_19,15-19,m,Male,90
nic,Nicaragua,NIC,Americas,2024,15_24,15-24,a,All sexes,480
nic,Nicaragua,NIC,Americas,2024,15_24,15-24,f,Female,200
nic,Nicaragua,NIC,Americas,2024,15_24,15-24,m,Male,280
nic,Nicaragua,NIC,Americas,2024,15plus,15+,a,All sexes,2900
nic,Nicaragua,NIC,Americas,2024,15plus,15+,f,Female,1000
nic,Nicaragua,NIC,Americas,2024,15plus,15+,m,Male,1900
nic,Nicaragua,NIC,Americas,2024,20_24,20-24,a,All sexes,330
nic,Nicaragua,NIC,Americas,2024,20_24,20-24,f,Female,130
nic,Nicaragua,NIC,Americas,2024,20_24,20-24,m,Male,190
nic,Nicaragua,NIC,Americas,2024,25_34,25-34,a,All sexes,670
nic,Nicaragua,NIC,Americas,2024,25_34,25-34,f,Female,190
nic,Nicaragua,NIC,Americas,2024,25_34,25-34,m,Male,480
nic,Nicaragua,NIC,Americas,2024,35_44,35-44,a,All sexes,620
nic,Nicaragua,NIC,Americas,2024,35_44,35-44,f,Female,180
nic,Nicaragua,NIC,Americas,2024,35_44,35-44,m,Male,440
nic,Nicaragua,NIC,Americas,2024,45_54,45-54,a,All sexes,460
nic,Nicaragua,NIC,Americas,2024,45_54,45-54,f,Female,170
nic,Nicaragua,NIC,Americas,2024,45_54,45-54,m,Male,290
nic,Nicaragua,NIC,Americas,2024,55_64,55-64,a,All sexes,320
nic,Nicaragua,NIC,Americas,2024,55_64,55-64,f,Female,130
nic,Nicaragua,NIC,Americas,2024,55_64,55-64,m,Male,190
nic,Nicaragua,NIC,Americas,2024,5_14,5-14,a,All sexes,73
nic,Nicaragua,NIC,Americas,2024,5_14,5-14,f,Female,28
nic,Nicaragua,NIC,Americas,2024,5_14,5-14,m,Male,45
nic,Nicaragua,NIC,Americas,2024,5_9,5-9,a,All sexes,23
nic,Nicaragua,NIC,Americas,2024,5_9,5-9,f,Female,8
nic,Nicaragua,NIC,Americas,2024,5_9,5-9,m,Male,14
nic,Nicaragua,NIC,Americas,2024,65plus,65+,a,All sexes,330
nic,Nicaragua,NIC,Americas,2024,65plus,65+,f,Female,150
nic,Nicaragua,NIC,Americas,2024,65plus,65+,m,Male,170
nic,Nicaragua,NIC,Americas,2024,all,All ages,a,All sexes,3000
nic,Nicaragua,NIC,Americas,2024,all,All ages,f,Female,1100
nic,Nicaragua,NIC,Americas,2024,all,All ages,m,Male,1900
ner,Niger,NER,Africa,2024,0_14,0-14,a,All sexes,1500
ner,Niger,NER,Africa,2024,0_14,0-14,f,Female,730
ner,Niger,NER,Africa,2024,0_14,0-14,m,Male,790
ner,Niger,NER,Africa,2024,0_4,0-4,a,All sexes,730
ner,Niger,NER,Africa,2024,0_4,0-4,f,Female,340
ner,Niger,NER,Africa,2024,0_4,0-4,m,Male,400
ner,Niger,NER,Africa,2024,10_14,10-14,a,All sexes,410
ner,Niger,NER,Africa,2024,10_14,10-14,f,Female,200
ner,Niger,NER,Africa,2024,10_14,10-14,m,Male,200
ner,Niger,NER,Africa,2024,15_19,15-19,a,All sexes,1600
ner,Niger,NER,Africa,2024,15_19,15-19,f,Female,570
ner,Niger,NER,Africa,2024,15_19,15-19,m,Male,1100
ner,Niger,NER,Africa,2024,15_24,15-24,a,All sexes,3400
ner,Niger,NER,Africa,2024,15_24,15-24,f,Female,1200
ner,Niger,NER,Africa,2024,15_24,15-24,m,Male,2200
ner,Niger,NER,Africa,2024,15plus,15+,a,All sexes,22000
ner,Niger,NER,Africa,2024,15plus,15+,f,Female,6600
ner,Niger,NER,Africa,2024,15plus,15+,m,Male,15000
ner,Niger,NER,Africa,2024,20_24,20-24,a,All sexes,1800
ner,Niger,NER,Africa,2024,20_24,20-24,f,Female,610
ner,Niger,NER,Africa,2024,20_24,20-24,m,Male,1200
ner,Niger,NER,Africa,2024,25_34,25-34,a,All sexes,5500
ner,Niger,NER,Africa,2024,25_34,25-34,f,Female,1500
ner,Niger,NER,Africa,2024,25_34,25-34,m,Male,4000
ner,Niger,NER,Africa,2024,35_44,35-44,a,All sexes,4500
ner,Niger,NER,Africa,2024,35_44,35-44,f,Female,1300
ner,Niger,NER,Africa,2024,35_44,35-44,m,Male,3200
ner,Niger,NER,Africa,2024,45_54,45-54,a,All sexes,3300
ner,Niger,NER,Africa,2024,45_54,45-54,f,Female,1100
ner,Niger,NER,Africa,2024,45_54,45-54,m,Male,2200
ner,Niger,NER,Africa,2024,55_64,55-64,a,All sexes,2600
ner,Niger,NER,Africa,2024,55_64,55-64,f,Female,810
ner,Niger,NER,Africa,2024,55_64,55-64,m,Male,1800
ner,Niger,NER,Africa,2024,5_14,5-14,a,All sexes,780
ner,Niger,NER,Africa,2024,5_14,5-14,f,Female,390
ner,Niger,NER,Africa,2024,5_14,5-14,m,Male,390
ner,Niger,NER,Africa,2024,5_9,5-9,a,All sexes,380
ner,Niger,NER,Africa,2024,5_9,5-9,f,Female,190
ner,Niger,NER,Africa,2024,5_9,5-9,m,Male,190
ner,Niger,NER,Africa,2024,65plus,65+,a,All sexes,2500
ner,Niger,NER,Africa,2024,65plus,65+,f,Female,790
ner,Niger,NER,Africa,2024,65plus,65+,m,Male,1700
ner,Niger,NER,Africa,2024,all,All ages,a,All sexes,23000
ner,Niger,NER,Africa,2024,all,All ages,f,Female,7400
ner,Niger,NER,Africa,2024,all,All ages,m,Male,16000
nga,Nigeria,NGA,Africa,2024,0_14,0-14,a,All sexes,61000
nga,Nigeria,NGA,Africa,2024,0_14,0-14,f,Female,28000
nga,Nigeria,NGA,Africa,2024,0_14,0-14,m,Male,33000
nga,Nigeria,NGA,Africa,2024,0_4,0-4,a,All sexes,21000
nga,Nigeria,NGA,Africa,2024,0_4,0-4,f,Female,9600
nga,Nigeria,NGA,Africa,2024,0_4,0-4,m,Male,12000
nga,Nigeria,NGA,Africa,2024,10_14,10-14,a,All sexes,21000
nga,Nigeria,NGA,Africa,2024,10_14,10-14,f,Female,9700
nga,Nigeria,NGA,Africa,2024,10_14,10-14,m,Male,11000
nga,Nigeria,NGA,Africa,2024,15_19,15-19,a,All sexes,39000
nga,Nigeria,NGA,Africa,2024,15_19,15-19,f,Female,15000
nga,Nigeria,NGA,Africa,2024,15_19,15-19,m,Male,24000
nga,Nigeria,NGA,Africa,2024,15_24,15-24,a,All sexes,81000
nga,Nigeria,NGA,Africa,2024,15_24,15-24,f,Female,31000
nga,Nigeria,NGA,Africa,2024,15_24,15-24,m,Male,50000
nga,Nigeria,NGA,Africa,2024,15plus,15+,a,All sexes,448000
nga,Nigeria,NGA,Africa,2024,15plus,15+,f,Female,182000
nga,Nigeria,NGA,Africa,2024,15plus,15+,m,Male,266000
nga,Nigeria,NGA,Africa,2024,20_24,20-24,a,All sexes,42000
nga,Nigeria,NGA,Africa,2024,20_24,20-24,f,Female,16000
nga,Nigeria,NGA,Africa,2024,20_24,20-24,m,Male,26000
nga,Nigeria,NGA,Africa,2024,25_34,25-34,a,All sexes,102000
nga,Nigeria,NGA,Africa,2024,25_34,25-34,f,Female,44000
nga,Nigeria,NGA,Africa,2024,25_34,25-34,m,Male,58000
nga,Nigeria,NGA,Africa,2024,35_44,35-44,a,All sexes,100000
nga,Nigeria,NGA,Africa,2024,35_44,35-44,f,Female,41000
nga,Nigeria,NGA,Africa,2024,35_44,35-44,m,Male,59000
nga,Nigeria,NGA,Africa,2024,45_54,45-54,a,All sexes,78000
nga,Nigeria,NGA,Africa,2024,45_54,45-54,f,Female,31000
nga,Nigeria,NGA,Africa,2024,45_54,45-54,m,Male,47000
nga,Nigeria,NGA,Africa,2024,55_64,55-64,a,All sexes,50000
nga,Nigeria,NGA,Africa,2024,55_64,55-64,f,Female,20000
nga,Nigeria,NGA,Africa,2024,55_64,55-64,m,Male,30000
nga,Nigeria,NGA,Africa,2024,5_14,5-14,a,All sexes,40000
nga,Nigeria,NGA,Africa,2024,5_14,5-14,f,Female,19000
nga,Nigeria,NGA,Africa,2024,5_14,5-14,m,Male,21000
nga,Nigeria,NGA,Africa,2024,5_9,5-9,a,All sexes,19000
nga,Nigeria,NGA,Africa,2024,5_9,5-9,f,Female,9000
nga,Nigeria,NGA,Africa,2024,5_9,5-9,m,Male,10000
nga,Nigeria,NGA,Africa,2024,65plus,65+,a,All sexes,38000
nga,Nigeria,NGA,Africa,2024,65plus,65+,f,Female,15000
nga,Nigeria,NGA,Africa,2024,65plus,65+,m,Male,23000
nga,Nigeria,NGA,Africa,2024,all,All ages,a,All sexes,510000
nga,Nigeria,NGA,Africa,2024,all,All ages,f,Female,211000
nga,Nigeria,NGA,Africa,2024,all,All ages,m,Male,299000
mkd,North Macedonia,MKD,Europe,2024,0_14,0-14,a,All sexes,23
mkd,North Macedonia,MKD,Europe,2024,0_14,0-14,f,Female,16
mkd,North Macedonia,MKD,Europe,2024,0_14,0-14,m,Male,7
mkd,North Macedonia,MKD,Europe,2024,0_4,0-4,a,All sexes,11
mkd,North Macedonia,MKD,Europe,2024,0_4,0-4,f,Female,8
mkd,North Macedonia,MKD,Europe,2024,0_4,0-4,m,Male,3
mkd,North Macedonia,MKD,Europe,2024,10_14,10-14,a,All sexes,5
mkd,North Macedonia,MKD,Europe,2024,10_14,10-14,f,Female,4
mkd,North Macedonia,MKD,Europe,2024,10_14,10-14,m,Male,1
mkd,North Macedonia,MKD,Europe,2024,15_19,15-19,a,All sexes,13
mkd,North Macedonia,MKD,Europe,2024,15_19,15-19,f,Female,8
mkd,North Macedonia,MKD,Europe,2024,15_19,15-19,m,Male,5
mkd,North Macedonia,MKD,Europe,2024,15_24,15-24,a,All sexes,24
mkd,North Macedonia,MKD,Europe,2024,15_24,15-24,f,Female,15
mkd,North Macedonia,MKD,Europe,2024,15_24,15-24,m,Male,9
mkd,North Macedonia,MKD,Europe,2024,15plus,15+,a,All sexes,180
mkd,North Macedonia,MKD,Europe,2024,15plus,15+,f,Female,66
mkd,North Macedonia,MKD,Europe,2024,15plus,15+,m,Male,120
mkd,North Macedonia,MKD,Europe,2024,20_24,20-24,a,All sexes,11
mkd,North Macedonia,MKD,Europe,2024,20_24,20-24,f,Female,7
mkd,North Macedonia,MKD,Europe,2024,20_24,20-24,m,Male,4
mkd,North Macedonia,MKD,Europe,2024,25_34,25-34,a,All sexes,28
mkd,North Macedonia,MKD,Europe,2024,25_34,25-34,f,Female,8
mkd,North Macedonia,MKD,Europe,2024,25_34,25-34,m,Male,20
mkd,North Macedonia,MKD,Europe,2024,35_44,35-44,a,All sexes,24
mkd,North Macedonia,MKD,Europe,2024,35_44,35-44,f,Female,11
mkd,North Macedonia,MKD,Europe,2024,35_44,35-44,m,Male,13
mkd,North Macedonia,MKD,Europe,2024,45_54,45-54,a,All sexes,27
mkd,North Macedonia,MKD,Europe,2024,45_54,45-54,f,Female,8
mkd,North Macedonia,MKD,Europe,2024,45_54,45-54,m,Male,19
mkd,North Macedonia,MKD,Europe,2024,55_64,55-64,a,All sexes,38
mkd,North Macedonia,MKD,Europe,2024,55_64,55-64,f,Female,9
mkd,North Macedonia,MKD,Europe,2024,55_64,55-64,m,Male,29
mkd,North Macedonia,MKD,Europe,2024,5_14,5-14,a,All sexes,12
mkd,North Macedonia,MKD,Europe,2024,5_14,5-14,f,Female,8
mkd,North Macedonia,MKD,Europe,2024,5_14,5-14,m,Male,4
mkd,North Macedonia,MKD,Europe,2024,5_9,5-9,a,All sexes,7
mkd,North Macedonia,MKD,Europe,2024,5_9,5-9,f,Female,4
mkd,North Macedonia,MKD,Europe,2024,5_9,5-9,m,Male,3
mkd,North Macedonia,MKD,Europe,2024,65plus,65+,a,All sexes,44
mkd,North Macedonia,MKD,Europe,2024,65plus,65+,f,Female,16
mkd,North Macedonia,MKD,Europe,2024,65plus,65+,m,Male,28
mkd,North Macedonia,MKD,Europe,2024,all,All ages,a,All sexes,210
mkd,North Macedonia,MKD,Europe,2024,all,All ages,f,Female,82
mkd,North Macedonia,MKD,Europe,2024,all,All ages,m,Male,120
mnp,Northern Mariana Islands,MNP,Western Pacific,2024,0_14,0-14,a,All sexes,3
mnp,Northern Mariana Islands,MNP,Western Pacific,2024,0_14,0-14,f,Female,3
mnp,Northern Mariana Islands,MNP,Western Pacific,2024,0_14,0-14,m,Male,0
mnp,Northern Mariana Islands,MNP,Western Pacific,2024,0_4,0-4,a,All sexes,2
mnp,Northern Mariana Islands,MNP,Western Pacific,2024,0_4,0-4,f,Female,2
mnp,Northern Mariana Islands,MNP,Western Pacific,2024,0_4,0-4,m,Male,0
mnp,Northern Mariana Islands,MNP,Western Pacific,2024,10_14,10-14,a,All sexes,2
mnp,Northern Mariana Islands,MNP,Western Pacific,2024,10_14,10-14,f,Female,2
mnp,Northern Mariana Islands,MNP,Western Pacific,2024,10_14,10-14,m,Male,0
mnp,Northern Mariana Islands,MNP,Western Pacific,2024,15_19,15-19,a,All sexes,0
mnp,Northern Mariana Islands,MNP,Western Pacific,2024,15_19,15-19,f,Female,0
mnp,Northern Mariana Islands,MNP,Western Pacific,2024,15_19,15-19,m,Male,0
mnp,Northern Mariana Islands,MNP,Western Pacific,2024,15_24,15-24,a,All sexes,0
mnp,Northern Mariana Islands,MNP,Western Pacific,2024,15_24,15-24,f,Female,0
mnp,Northern Mariana Islands,MNP,Western Pacific,2024,15_24,15-24,m,Male,0
mnp,Northern Mariana Islands,MNP,Western Pacific,2024,15plus,15+,a,All sexes,12
mnp,Northern Mariana Islands,MNP,Western Pacific,2024,15plus,15+,f,Female,5
mnp,Northern Mariana Islands,MNP,Western Pacific,2024,15plus,15+,m,Male,8
mnp,Northern Mariana Islands,MNP,Western Pacific,2024,20_24,20-24,a,All sexes,0
mnp,Northern Mariana Islands,MNP,Western Pacific,2024,20_24,20-24,f,Female,0
mnp,Northern Mariana Islands,MNP,Western Pacific,2024,20_24,20-24,m,Male,0
mnp,Northern Mariana Islands,MNP,Western Pacific,2024,25_34,25-34,a,All sexes,3
mnp,Northern Mariana Islands,MNP,Western Pacific,2024,25_34,25-34,f,Female,0
mnp,Northern Mariana Islands,MNP,Western Pacific,2024,25_34,25-34,m,Male,3
mnp,Northern Mariana Islands,MNP,Western Pacific,2024,35_44,35-44,a,All sexes,2
mnp,Northern Mariana Islands,MNP,Western Pacific,2024,35_44,35-44,f,Female,0
mnp,Northern Mariana Islands,MNP,Western Pacific,2024,35_44,35-44,m,Male,2
mnp,Northern Mariana Islands,MNP,Western Pacific,2024,45_54,45-54,a,All sexes,2
mnp,Northern Mariana Islands,MNP,Western Pacific,2024,45_54,45-54,f,Female,0
mnp,Northern Mariana Islands,MNP,Western Pacific,2024,45_54,45-54,m,Male,2
mnp,Northern Mariana Islands,MNP,Western Pacific,2024,55_64,55-64,a,All sexes,5
mnp,Northern Mariana Islands,MNP,Western Pacific,2024,55_64,55-64,f,Female,3
mnp,Northern Mariana Islands,MNP,Western Pacific,2024,55_64,55-64,m,Male,2
mnp,Northern Mariana Islands,MNP,Western Pacific,2024,5_14,5-14,a,All sexes,2
mnp,Northern Mariana Islands,MNP,Western Pacific,2024,5_14,5-14,f,Female,2
mnp,Northern Mariana Islands,MNP,Western Pacific,2024,5_14,5-14,m,Male,0
mnp,Northern Mariana Islands,MNP,Western Pacific,2024,5_9,5-9,a,All sexes,0
mnp,Northern Mariana Islands,MNP,Western Pacific,2024,5_9,5-9,f,Female,0
mnp,Northern Mariana Islands,MNP,Western Pacific,2024,5_9,5-9,m,Male,0
mnp,Northern Mariana Islands,MNP,Western Pacific,2024,65plus,65+,a,All sexes,2
mnp,Northern Mariana Islands,MNP,Western Pacific,2024,65plus,65+,f,Female,2
mnp,Northern Mariana Islands,MNP,Western Pacific,2024,65plus,65+,m,Male,0
mnp,Northern Mariana Islands,MNP,Western Pacific,2024,all,All ages,a,All sexes,15
mnp,Northern Mariana Islands,MNP,Western Pacific,2024,all,All ages,f,Female,8
mnp,Northern Mariana Islands,MNP,Western Pacific,2024,all,All ages,m,Male,8
nor,Norway,NOR,Europe,2024,0_14,0-14,a,All sexes,1
nor,Norway,NOR,Europe,2024,0_14,0-14,f,Female,0
nor,Norway,NOR,Europe,2024,0_14,0-14,m,Male,1
nor,Norway,NOR,Europe,2024,0_4,0-4,a,All sexes,0
nor,Norway,NOR,Europe,2024,0_4,0-4,f,Female,0
nor,Norway,NOR,Europe,2024,0_4,0-4,m,Male,0
nor,Norway,NOR,Europe,2024,10_14,10-14,a,All sexes,0
nor,Norway,NOR,Europe,2024,10_14,10-14,f,Female,0
nor,Norway,NOR,Europe,2024,10_14,10-14,m,Male,0
nor,Norway,NOR,Europe,2024,15_19,15-19,a,All sexes,8
nor,Norway,NOR,Europe,2024,15_19,15-19,f,Female,3
nor,Norway,NOR,Europe,2024,15_19,15-19,m,Male,5
nor,Norway,NOR,Europe,2024,15_24,15-24,a,All sexes,26
nor,Norway,NOR,Europe,2024,15_24,15-24,f,Female,11
nor,Norway,NOR,Europe,2024,15_24,15-24,m,Male,15
nor,Norway,NOR,Europe,2024,15plus,15+,a,All sexes,180
nor,Norway,NOR,Europe,2024,15plus,15+,f,Female,83
nor,Norway,NOR,Europe,2024,15plus,15+,m,Male,97
nor,Norway,NOR,Europe,2024,20_24,20-24,a,All sexes,18
nor,Norway,NOR,Europe,2024,20_24,20-24,f,Female,8
nor,Norway,NOR,Europe,2024,20_24,20-24,m,Male,10
nor,Norway,NOR,Europe,2024,25_34,25-34,a,All sexes,42
nor,Norway,NOR,Europe,2024,25_34,25-34,f,Female,25
nor,Norway,NOR,Europe,2024,25_34,25-34,m,Male,17
nor,Norway,NOR,Europe,2024,35_44,35-44,a,All sexes,40
nor,Norway,NOR,Europe,2024,35_44,35-44,f,Female,15
nor,Norway,NOR,Europe,2024,35_44,35-44,m,Male,25
nor,Norway,NOR,Europe,2024,45_54,45-54,a,All sexes,30
nor,Norway,NOR,Europe,2024,45_54,45-54,f,Female,16
nor,Norway,NOR,Europe,2024,45_54,45-54,m,Male,14
nor,Norway,NOR,Europe,2024,55_64,55-64,a,All sexes,24
nor,Norway,NOR,Europe,2024,55_64,55-64,f,Female,7
nor,Norway,NOR,Europe,2024,55_64,55-64,m,Male,17
nor,Norway,NOR,Europe,2024,5_14,5-14,a,All sexes,1
nor,Norway,NOR,Europe,2024,5_14,5-14,f,Female,0
nor,Norway,NOR,Europe,2024,5_14,5-14,m,Male,1
nor,Norway,NOR,Europe,2024,5_9,5-9,a,All sexes,1
nor,Norway,NOR,Europe,2024,5_9,5-9,f,Female,0
nor,Norway,NOR,Europe,2024,5_9,5-9,m,Male,1
nor,Norway,NOR,Europe,2024,65plus,65+,a,All sexes,18
nor,Norway,NOR,Europe,2024,65plus,65+,f,Female,9
nor,Norway,NOR,Europe,2024,65plus,65+,m,Male,9
nor,Norway,NOR,Europe,2024,all,All ages,a,All sexes,180
nor,Norway,NOR,Europe,2024,all,All ages,f,Female,83
nor,Norway,NOR,Europe,2024,all,All ages,m,Male,98
pse,Occupied Palestinian territory,PSE,Eastern Mediterranean,2024,0_14,0-14,a,All sexes,3
pse,Occupied Palestinian territory,PSE,Eastern Mediterranean,2024,0_14,0-14,f,Female,0
pse,Occupied Palestinian territory,PSE,Eastern Mediterranean,2024,0_14,0-14,m,Male,3
pse,Occupied Palestinian territory,PSE,Eastern Mediterranean,2024,0_4,0-4,a,All sexes,0
pse,Occupied Palestinian territory,PSE,Eastern Mediterranean,2024,0_4,0-4,f,Female,0
pse,Occupied Palestinian territory,PSE,Eastern Mediterranean,2024,0_4,0-4,m,Male,0
pse,Occupied Palestinian territory,PSE,Eastern Mediterranean,2024,10_14,10-14,a,All sexes,1
pse,Occupied Palestinian territory,PSE,Eastern Mediterranean,2024,10_14,10-14,f,Female,0
pse,Occupied Palestinian territory,PSE,Eastern Mediterranean,2024,10_14,10-14,m,Male,1
pse,Occupied Palestinian territory,PSE,Eastern Mediterranean,2024,15_19,15-19,a,All sexes,1
pse,Occupied Palestinian territory,PSE,Eastern Mediterranean,2024,15_19,15-19,f,Female,0
pse,Occupied Palestinian territory,PSE,Eastern Mediterranean,2024,15_19,15-19,m,Male,1
pse,Occupied Palestinian territory,PSE,Eastern Mediterranean,2024,15_24,15-24,a,All sexes,3
pse,Occupied Palestinian territory,PSE,Eastern Mediterranean,2024,15_24,15-24,f,Female,0
pse,Occupied Palestinian territory,PSE,Eastern Mediterranean,2024,15_24,15-24,m,Male,3
pse,Occupied Palestinian territory,PSE,Eastern Mediterranean,2024,15plus,15+,a,All sexes,13
pse,Occupied Palestinian territory,PSE,Eastern Mediterranean,2024,15plus,15+,f,Female,1
pse,Occupied Palestinian territory,PSE,Eastern Mediterranean,2024,15plus,15+,m,Male,11
pse,Occupied Palestinian territory,PSE,Eastern Mediterranean,2024,20_24,20-24,a,All sexes,1
pse,Occupied Palestinian territory,PSE,Eastern Mediterranean,2024,20_24,20-24,f,Female,0
pse,Occupied Palestinian territory,PSE,Eastern Mediterranean,2024,20_24,20-24,m,Male,1
pse,Occupied Palestinian territory,PSE,Eastern Mediterranean,2024,25_34,25-34,a,All sexes,3
pse,Occupied Palestinian territory,PSE,Eastern Mediterranean,2024,25_34,25-34,f,Female,0
pse,Occupied Palestinian territory,PSE,Eastern Mediterranean,2024,25_34,25-34,m,Male,3
pse,Occupied Palestinian territory,PSE,Eastern Mediterranean,2024,35_44,35-44,a,All sexes,1
pse,Occupied Palestinian territory,PSE,Eastern Mediterranean,2024,35_44,35-44,f,Female,0
pse,Occupied Palestinian territory,PSE,Eastern Mediterranean,2024,35_44,35-44,m,Male,1
pse,Occupied Palestinian territory,PSE,Eastern Mediterranean,2024,45_54,45-54,a,All sexes,0
pse,Occupied Palestinian territory,PSE,Eastern Mediterranean,2024,45_54,45-54,f,Female,0
pse,Occupied Palestinian territory,PSE,Eastern Mediterranean,2024,45_54,45-54,m,Male,0
pse,Occupied Palestinian territory,PSE,Eastern Mediterranean,2024,55_64,55-64,a,All sexes,3
pse,Occupied Palestinian territory,PSE,Eastern Mediterranean,2024,55_64,55-64,f,Female,0
pse,Occupied Palestinian territory,PSE,Eastern Mediterranean,2024,55_64,55-64,m,Male,3
pse,Occupied Palestinian territory,PSE,Eastern Mediterranean,2024,5_14,5-14,a,All sexes,3
pse,Occupied Palestinian territory,PSE,Eastern Mediterranean,2024,5_14,5-14,f,Female,0
pse,Occupied Palestinian territory,PSE,Eastern Mediterranean,2024,5_14,5-14,m,Male,3
pse,Occupied Palestinian territory,PSE,Eastern Mediterranean,2024,5_9,5-9,a,All sexes,1
pse,Occupied Palestinian territory,PSE,Eastern Mediterranean,2024,5_9,5-9,f,Female,0
pse,Occupied Palestinian territory,PSE,Eastern Mediterranean,2024,5_9,5-9,m,Male,1
pse,Occupied Palestinian territory,PSE,Eastern Mediterranean,2024,65plus,65+,a,All sexes,3
pse,Occupied Palestinian territory,PSE,Eastern Mediterranean,2024,65plus,65+,f,Female,1
pse,Occupied Palestinian territory,PSE,Eastern Mediterranean,2024,65plus,65+,m,Male,1
pse,Occupied Palestinian territory,PSE,Eastern Mediterranean,2024,all,All ages,a,All sexes,16
pse,Occupied Palestinian territory,PSE,Eastern Mediterranean,2024,all,All ages,f,Female,1
pse,Occupied Palestinian territory,PSE,Eastern Mediterranean,2024,all,All ages,m,Male,14
omn,Oman,OMN,Eastern Mediterranean,2024,0_14,0-14,a,All sexes,3
omn,Oman,OMN,Eastern Mediterranean,2024,0_14,0-14,f,Female,1
omn,Oman,OMN,Eastern Mediterranean,2024,0_14,0-14,m,Male,1
omn,Oman,OMN,Eastern Mediterranean,2024,0_4,0-4,a,All sexes,3
omn,Oman,OMN,Eastern Mediterranean,2024,0_4,0-4,f,Female,1
omn,Oman,OMN,Eastern Mediterranean,2024,0_4,0-4,m,Male,1
omn,Oman,OMN,Eastern Mediterranean,2024,10_14,10-14,a,All sexes,0
omn,Oman,OMN,Eastern Mediterranean,2024,10_14,10-14,f,Female,0
omn,Oman,OMN,Eastern Mediterranean,2024,10_14,10-14,m,Male,0
omn,Oman,OMN,Eastern Mediterranean,2024,15_19,15-19,a,All sexes,10
omn,Oman,OMN,Eastern Mediterranean,2024,15_19,15-19,f,Female,6
omn,Oman,OMN,Eastern Mediterranean,2024,15_19,15-19,m,Male,4
omn,Oman,OMN,Eastern Mediterranean,2024,15_24,15-24,a,All sexes,76
omn,Oman,OMN,Eastern Mediterranean,2024,15_24,15-24,f,Female,35
omn,Oman,OMN,Eastern Mediterranean,2024,15_24,15-24,m,Male,42
omn,Oman,OMN,Eastern Mediterranean,2024,15plus,15+,a,All sexes,600
omn,Oman,OMN,Eastern Mediterranean,2024,15plus,15+,f,Female,180
omn,Oman,OMN,Eastern Mediterranean,2024,15plus,15+,m,Male,420
omn,Oman,OMN,Eastern Mediterranean,2024,20_24,20-24,a,All sexes,66
omn,Oman,OMN,Eastern Mediterranean,2024,20_24,20-24,f,Female,29
omn,Oman,OMN,Eastern Mediterranean,2024,20_24,20-24,m,Male,37
omn,Oman,OMN,Eastern Mediterranean,2024,25_34,25-34,a,All sexes,150
omn,Oman,OMN,Eastern Mediterranean,2024,25_34,25-34,f,Female,65
omn,Oman,OMN,Eastern Mediterranean,2024,25_34,25-34,m,Male,89
omn,Oman,OMN,Eastern Mediterranean,2024,35_44,35-44,a,All sexes,180
omn,Oman,OMN,Eastern Mediterranean,2024,35_44,35-44,f,Female,49
omn,Oman,OMN,Eastern Mediterranean,2024,35_44,35-44,m,Male,130
omn,Oman,OMN,Eastern Mediterranean,2024,45_54,45-54,a,All sexes,99
omn,Oman,OMN,Eastern Mediterranean,2024,45_54,45-54,f,Female,17
omn,Oman,OMN,Eastern Mediterranean,2024,45_54,45-54,m,Male,82
omn,Oman,OMN,Eastern Mediterranean,2024,55_64,55-64,a,All sexes,43
omn,Oman,OMN,Eastern Mediterranean,2024,55_64,55-64,f,Female,7
omn,Oman,OMN,Eastern Mediterranean,2024,55_64,55-64,m,Male,36
omn,Oman,OMN,Eastern Mediterranean,2024,5_14,5-14,a,All sexes,0
omn,Oman,OMN,Eastern Mediterranean,2024,5_14,5-14,f,Female,0
omn,Oman,OMN,Eastern Mediterranean,2024,5_14,5-14,m,Male,0
omn,Oman,OMN,Eastern Mediterranean,2024,5_9,5-9,a,All sexes,0
omn,Oman,OMN,Eastern Mediterranean,2024,5_9,5-9,f,Female,0
omn,Oman,OMN,Eastern Mediterranean,2024,5_9,5-9,m,Male,0
omn,Oman,OMN,Eastern Mediterranean,2024,65plus,65+,a,All sexes,43
omn,Oman,OMN,Eastern Mediterranean,2024,65plus,65+,f,Female,9
omn,Oman,OMN,Eastern Mediterranean,2024,65plus,65+,m,Male,35
omn,Oman,OMN,Eastern Mediterranean,2024,all,All ages,a,All sexes,600
omn,Oman,OMN,Eastern Mediterranean,2024,all,All ages,f,Female,180
omn,Oman,OMN,Eastern Mediterranean,2024,all,All ages,m,Male,420
pak,Pakistan,PAK,Eastern Mediterranean,2024,0_14,0-14,a,All sexes,92000
pak,Pakistan,PAK,Eastern Mediterranean,2024,0_14,0-14,f,Female,45000
pak,Pakistan,PAK,Eastern Mediterranean,2024,0_14,0-14,m,Male,47000
pak,Pakistan,PAK,Eastern Mediterranean,2024,0_4,0-4,a,All sexes,40000
pak,Pakistan,PAK,Eastern Mediterranean,2024,0_4,0-4,f,Female,18000
pak,Pakistan,PAK,Eastern Mediterranean,2024,0_4,0-4,m,Male,22000
pak,Pakistan,PAK,Eastern Mediterranean,2024,10_14,10-14,a,All sexes,29000
pak,Pakistan,PAK,Eastern Mediterranean,2024,10_14,10-14,f,Female,15000
pak,Pakistan,PAK,Eastern Mediterranean,2024,10_14,10-14,m,Male,14000
pak,Pakistan,PAK,Eastern Mediterranean,2024,15_19,15-19,a,All sexes,51000
pak,Pakistan,PAK,Eastern Mediterranean,2024,15_19,15-19,f,Female,24000
pak,Pakistan,PAK,Eastern Mediterranean,2024,15_19,15-19,m,Male,27000
pak,Pakistan,PAK,Eastern Mediterranean,2024,15_24,15-24,a,All sexes,116000
pak,Pakistan,PAK,Eastern Mediterranean,2024,15_24,15-24,f,Female,56000
pak,Pakistan,PAK,Eastern Mediterranean,2024,15_24,15-24,m,Male,60000
pak,Pakistan,PAK,Eastern Mediterranean,2024,15plus,15+,a,All sexes,576000
pak,Pakistan,PAK,Eastern Mediterranean,2024,15plus,15+,f,Female,264000
pak,Pakistan,PAK,Eastern Mediterranean,2024,15plus,15+,m,Male,313000
pak,Pakistan,PAK,Eastern Mediterranean,2024,20_24,20-24,a,All sexes,65000
pak,Pakistan,PAK,Eastern Mediterranean,2024,20_24,20-24,f,Female,31000
pak,Pakistan,PAK,Eastern Mediterranean,2024,20_24,20-24,m,Male,33000
pak,Pakistan,PAK,Eastern Mediterranean,2024,25_34,25-34,a,All sexes,96000
pak,Pakistan,PAK,Eastern Mediterranean,2024,25_34,25-34,f,Female,47000
pak,Pakistan,PAK,Eastern Mediterranean,2024,25_34,25-34,m,Male,49000
pak,Pakistan,PAK,Eastern Mediterranean,2024,35_44,35-44,a,All sexes,95000
pak,Pakistan,PAK,Eastern Mediterranean,2024,35_44,35-44,f,Female,43000
pak,Pakistan,PAK,Eastern Mediterranean,2024,35_44,35-44,m,Male,52000
pak,Pakistan,PAK,Eastern Mediterranean,2024,45_54,45-54,a,All sexes,88000
pak,Pakistan,PAK,Eastern Mediterranean,2024,45_54,45-54,f,Female,39000
pak,Pakistan,PAK,Eastern Mediterranean,2024,45_54,45-54,m,Male,49000
pak,Pakistan,PAK,Eastern Mediterranean,2024,55_64,55-64,a,All sexes,80000
pak,Pakistan,PAK,Eastern Mediterranean,2024,55_64,55-64,f,Female,35000
pak,Pakistan,PAK,Eastern Mediterranean,2024,55_64,55-64,m,Male,45000
pak,Pakistan,PAK,Eastern Mediterranean,2024,5_14,5-14,a,All sexes,52000
pak,Pakistan,PAK,Eastern Mediterranean,2024,5_14,5-14,f,Female,27000
pak,Pakistan,PAK,Eastern Mediterranean,2024,5_14,5-14,m,Male,25000
pak,Pakistan,PAK,Eastern Mediterranean,2024,5_9,5-9,a,All sexes,23000
pak,Pakistan,PAK,Eastern Mediterranean,2024,5_9,5-9,f,Female,12000
pak,Pakistan,PAK,Eastern Mediterranean,2024,5_9,5-9,m,Male,11000
pak,Pakistan,PAK,Eastern Mediterranean,2024,65plus,65+,a,All sexes,101000
pak,Pakistan,PAK,Eastern Mediterranean,2024,65plus,65+,f,Female,45000
pak,Pakistan,PAK,Eastern Mediterranean,2024,65plus,65+,m,Male,57000
pak,Pakistan,PAK,Eastern Mediterranean,2024,all,All ages,a,All sexes,669000
pak,Pakistan,PAK,Eastern Mediterranean,2024,all,All ages,f,Female,309000
pak,Pakistan,PAK,Eastern Mediterranean,2024,all,All ages,m,Male,360000
pan,Panama,PAN,Americas,2024,0_14,0-14,a,All sexes,240
pan,Panama,PAN,Americas,2024,0_14,0-14,f,Female,96
pan,Panama,PAN,Americas,2024,0_14,0-14,m,Male,140
pan,Panama,PAN,Americas,2024,0_4,0-4,a,All sexes,150
pan,Panama,PAN,Americas,2024,0_4,0-4,f,Female,53
pan,Panama,PAN,Americas,2024,0_4,0-4,m,Male,96
pan,Panama,PAN,Americas,2024,10_14,10-14,a,All sexes,62
pan,Panama,PAN,Americas,2024,10_14,10-14,f,Female,30
pan,Panama,PAN,Americas,2024,10_14,10-14,m,Male,33
pan,Panama,PAN,Americas,2024,15_19,15-19,a,All sexes,150
pan,Panama,PAN,Americas,2024,15_19,15-19,f,Female,57
pan,Panama,PAN,Americas,2024,15_19,15-19,m,Male,91
pan,Panama,PAN,Americas,2024,15_24,15-24,a,All sexes,470
pan,Panama,PAN,Americas,2024,15_24,15-24,f,Female,180
pan,Panama,PAN,Americas,2024,15_24,15-24,m,Male,290
pan,Panama,PAN,Americas,2024,15plus,15+,a,All sexes,2600
pan,Panama,PAN,Americas,2024,15plus,15+,f,Female,820
pan,Panama,PAN,Americas,2024,15plus,15+,m,Male,1800
pan,Panama,PAN,Americas,2024,20_24,20-24,a,All sexes,320
pan,Panama,PAN,Americas,2024,20_24,20-24,f,Female,120
pan,Panama,PAN,Americas,2024,20_24,20-24,m,Male,200
pan,Panama,PAN,Americas,2024,25_34,25-34,a,All sexes,640
pan,Panama,PAN,Americas,2024,25_34,25-34,f,Female,180
pan,Panama,PAN,Americas,2024,25_34,25-34,m,Male,460
pan,Panama,PAN,Americas,2024,35_44,35-44,a,All sexes,430
pan,Panama,PAN,Americas,2024,35_44,35-44,f,Female,130
pan,Panama,PAN,Americas,2024,35_44,35-44,m,Male,300
pan,Panama,PAN,Americas,2024,45_54,45-54,a,All sexes,370
pan,Panama,PAN,Americas,2024,45_54,45-54,f,Female,110
pan,Panama,PAN,Americas,2024,45_54,45-54,m,Male,260
pan,Panama,PAN,Americas,2024,55_64,55-64,a,All sexes,340
pan,Panama,PAN,Americas,2024,55_64,55-64,f,Female,110
pan,Panama,PAN,Americas,2024,55_64,55-64,m,Male,220
pan,Panama,PAN,Americas,2024,5_14,5-14,a,All sexes,91
pan,Panama,PAN,Americas,2024,5_14,5-14,f,Female,43
pan,Panama,PAN,Americas,2024,5_14,5-14,m,Male,48
pan,Panama,PAN,Americas,2024,5_9,5-9,a,All sexes,29
pan,Panama,PAN,Americas,2024,5_9,5-9,f,Female,13
pan,Panama,PAN,Americas,2024,5_9,5-9,m,Male,16
pan,Panama,PAN,Americas,2024,65plus,65+,a,All sexes,340
pan,Panama,PAN,Americas,2024,65plus,65+,f,Female,110
pan,Panama,PAN,Americas,2024,65plus,65+,m,Male,230
pan,Panama,PAN,Americas,2024,all,All ages,a,All sexes,2800
pan,Panama,PAN,Americas,2024,all,All ages,f,Female,910
pan,Panama,PAN,Americas,2024,all,All ages,m,Male,1900
png,Papua New Guinea,PNG,Western Pacific,2024,0_14,0-14,a,All sexes,19000
png,Papua New Guinea,PNG,Western Pacific,2024,0_14,0-14,f,Female,9000
png,Papua New Guinea,PNG,Western Pacific,2024,0_14,0-14,m,Male,9800
png,Papua New Guinea,PNG,Western Pacific,2024,0_4,0-4,a,All sexes,8400
png,Papua New Guinea,PNG,Western Pacific,2024,0_4,0-4,f,Female,3800
png,Papua New Guinea,PNG,Western Pacific,2024,0_4,0-4,m,Male,4600
png,Papua New Guinea,PNG,Western Pacific,2024,10_14,10-14,a,All sexes,5200
png,Papua New Guinea,PNG,Western Pacific,2024,10_14,10-14,f,Female,2600
png,Papua New Guinea,PNG,Western Pacific,2024,10_14,10-14,m,Male,2600
png,Papua New Guinea,PNG,Western Pacific,2024,15_19,15-19,a,All sexes,6900
png,Papua New Guinea,PNG,Western Pacific,2024,15_19,15-19,f,Female,3400
png,Papua New Guinea,PNG,Western Pacific,2024,15_19,15-19,m,Male,3500
png,Papua New Guinea,PNG,Western Pacific,2024,15_24,15-24,a,All sexes,14000
png,Papua New Guinea,PNG,Western Pacific,2024,15_24,15-24,f,Female,6800
png,Papua New Guinea,PNG,Western Pacific,2024,15_24,15-24,m,Male,7200
png,Papua New Guinea,PNG,Western Pacific,2024,15plus,15+,a,All sexes,52000
png,Papua New Guinea,PNG,Western Pacific,2024,15plus,15+,f,Female,24000
png,Papua New Guinea,PNG,Western Pacific,2024,15plus,15+,m,Male,27000
png,Papua New Guinea,PNG,Western Pacific,2024,20_24,20-24,a,All sexes,7000
png,Papua New Guinea,PNG,Western Pacific,2024,20_24,20-24,f,Female,3400
png,Papua New Guinea,PNG,Western Pacific,2024,20_24,20-24,m,Male,3600
png,Papua New Guinea,PNG,Western Pacific,2024,25_34,25-34,a,All sexes,14000
png,Papua New Guinea,PNG,Western Pacific,2024,25_34,25-34,f,Female,6600
png,Papua New Guinea,PNG,Western Pacific,2024,25_34,25-34,m,Male,7100
png,Papua New Guinea,PNG,Western Pacific,2024,35_44,35-44,a,All sexes,9500
png,Papua New Guinea,PNG,Western Pacific,2024,35_44,35-44,f,Female,4600
png,Papua New Guinea,PNG,Western Pacific,2024,35_44,35-44,m,Male,4900
png,Papua New Guinea,PNG,Western Pacific,2024,45_54,45-54,a,All sexes,7200
png,Papua New Guinea,PNG,Western Pacific,2024,45_54,45-54,f,Female,3300
png,Papua New Guinea,PNG,Western Pacific,2024,45_54,45-54,m,Male,3900
png,Papua New Guinea,PNG,Western Pacific,2024,55_64,55-64,a,All sexes,5000
png,Papua New Guinea,PNG,Western Pacific,2024,55_64,55-64,f,Female,2200
png,Papua New Guinea,PNG,Western Pacific,2024,55_64,55-64,m,Male,2800
png,Papua New Guinea,PNG,Western Pacific,2024,5_14,5-14,a,All sexes,10000
png,Papua New Guinea,PNG,Western Pacific,2024,5_14,5-14,f,Female,5200
png,Papua New Guinea,PNG,Western Pacific,2024,5_14,5-14,m,Male,5200
png,Papua New Guinea,PNG,Western Pacific,2024,5_9,5-9,a,All sexes,5100
png,Papua New Guinea,PNG,Western Pacific,2024,5_9,5-9,f,Female,2500
png,Papua New Guinea,PNG,Western Pacific,2024,5_9,5-9,m,Male,2600
png,Papua New Guinea,PNG,Western Pacific,2024,65plus,65+,a,All sexes,2200
png,Papua New Guinea,PNG,Western Pacific,2024,65plus,65+,f,Female,780
png,Papua New Guinea,PNG,Western Pacific,2024,65plus,65+,m,Male,1400
png,Papua New Guinea,PNG,Western Pacific,2024,all,All ages,a,All sexes,70000
png,Papua New Guinea,PNG,Western Pacific,2024,all,All ages,f,Female,33000
png,Papua New Guinea,PNG,Western Pacific,2024,all,All ages,m,Male,37000
pry,Paraguay,PRY,Americas,2024,0_14,0-14,a,All sexes,230
pry,Paraguay,PRY,Americas,2024,0_14,0-14,f,Female,110
pry,Paraguay,PRY,Americas,2024,0_14,0-14,m,Male,120
pry,Paraguay,PRY,Americas,2024,0_4,0-4,a,All sexes,110
pry,Paraguay,PRY,Americas,2024,0_4,0-4,f,Female,46
pry,Paraguay,PRY,Americas,2024,0_4,0-4,m,Male,67
pry,Paraguay,PRY,Americas,2024,10_14,10-14,a,All sexes,81
pry,Paraguay,PRY,Americas,2024,10_14,10-14,f,Female,43
pry,Paraguay,PRY,Americas,2024,10_14,10-14,m,Male,38
pry,Paraguay,PRY,Americas,2024,15_19,15-19,a,All sexes,300
pry,Paraguay,PRY,Americas,2024,15_19,15-19,f,Female,120
pry,Paraguay,PRY,Americas,2024,15_19,15-19,m,Male,180
pry,Paraguay,PRY,Americas,2024,15_24,15-24,a,All sexes,1000
pry,Paraguay,PRY,Americas,2024,15_24,15-24,f,Female,300
pry,Paraguay,PRY,Americas,2024,15_24,15-24,m,Male,690
pry,Paraguay,PRY,Americas,2024,15plus,15+,a,All sexes,5400
pry,Paraguay,PRY,Americas,2024,15plus,15+,f,Female,1300
pry,Paraguay,PRY,Americas,2024,15plus,15+,m,Male,4100
pry,Paraguay,PRY,Americas,2024,20_24,20-24,a,All sexes,700
pry,Paraguay,PRY,Americas,2024,20_24,20-24,f,Female,190
pry,Paraguay,PRY,Americas,2024,20_24,20-24,m,Male,510
pry,Paraguay,PRY,Americas,2024,25_34,25-34,a,All sexes,1700
pry,Paraguay,PRY,Americas,2024,25_34,25-34,f,Female,310
pry,Paraguay,PRY,Americas,2024,25_34,25-34,m,Male,1400
pry,Paraguay,PRY,Americas,2024,35_44,35-44,a,All sexes,920
pry,Paraguay,PRY,Americas,2024,35_44,35-44,f,Female,190
pry,Paraguay,PRY,Americas,2024,35_44,35-44,m,Male,730
pry,Paraguay,PRY,Americas,2024,45_54,45-54,a,All sexes,640
pry,Paraguay,PRY,Americas,2024,45_54,45-54,f,Female,180
pry,Paraguay,PRY,Americas,2024,45_54,45-54,m,Male,460
pry,Paraguay,PRY,Americas,2024,55_64,55-64,a,All sexes,570
pry,Paraguay,PRY,Americas,2024,55_64,55-64,f,Female,130
pry,Paraguay,PRY,Americas,2024,55_64,55-64,m,Male,440
pry,Paraguay,PRY,Americas,2024,5_14,5-14,a,All sexes,120
pry,Paraguay,PRY,Americas,2024,5_14,5-14,f,Female,61
pry,Paraguay,PRY,Americas,2024,5_14,5-14,m,Male,54
pry,Paraguay,PRY,Americas,2024,5_9,5-9,a,All sexes,35
pry,Paraguay,PRY,Americas,2024,5_9,5-9,f,Female,18
pry,Paraguay,PRY,Americas,2024,5_9,5-9,m,Male,17
pry,Paraguay,PRY,Americas,2024,65plus,65+,a,All sexes,610
pry,Paraguay,PRY,Americas,2024,65plus,65+,f,Female,190
pry,Paraguay,PRY,Americas,2024,65plus,65+,m,Male,420
pry,Paraguay,PRY,Americas,2024,all,All ages,a,All sexes,5600
pry,Paraguay,PRY,Americas,2024,all,All ages,f,Female,1400
pry,Paraguay,PRY,Americas,2024,all,All ages,m,Male,4200
per,Peru,PER,Americas,2024,0_14,0-14,a,All sexes,1800
per,Peru,PER,Americas,2024,0_14,0-14,f,Female,880
per,Peru,PER,Americas,2024,0_14,0-14,m,Male,960
per,Peru,PER,Americas,2024,0_4,0-4,a,All sexes,420
per,Peru,PER,Americas,2024,0_4,0-4,f,Female,190
per,Peru,PER,Americas,2024,0_4,0-4,m,Male,230
per,Peru,PER,Americas,2024,10_14,10-14,a,All sexes,1100
per,Peru,PER,Americas,2024,10_14,10-14,f,Female,530
per,Peru,PER,Americas,2024,10_14,10-14,m,Male,560
per,Peru,PER,Americas,2024,15_19,15-19,a,All sexes,3800
per,Peru,PER,Americas,2024,15_19,15-19,f,Female,1500
per,Peru,PER,Americas,2024,15_19,15-19,m,Male,2300
per,Peru,PER,Americas,2024,15_24,15-24,a,All sexes,9100
per,Peru,PER,Americas,2024,15_24,15-24,f,Female,3200
per,Peru,PER,Americas,2024,15_24,15-24,m,Male,5900
per,Peru,PER,Americas,2024,15plus,15+,a,All sexes,46000
per,Peru,PER,Americas,2024,15plus,15+,f,Female,15000
per,Peru,PER,Americas,2024,15plus,15+,m,Male,30000
per,Peru,PER,Americas,2024,20_24,20-24,a,All sexes,5400
per,Peru,PER,Americas,2024,20_24,20-24,f,Female,1700
per,Peru,PER,Americas,2024,20_24,20-24,m,Male,3600
per,Peru,PER,Americas,2024,25_34,25-34,a,All sexes,11000
per,Peru,PER,Americas,2024,25_34,25-34,f,Female,3400
per,Peru,PER,Americas,2024,25_34,25-34,m,Male,8000
per,Peru,PER,Americas,2024,35_44,35-44,a,All sexes,7200
per,Peru,PER,Americas,2024,35_44,35-44,f,Female,2400
per,Peru,PER,Americas,2024,35_44,35-44,m,Male,4900
per,Peru,PER,Americas,2024,45_54,45-54,a,All sexes,5700
per,Peru,PER,Americas,2024,45_54,45-54,f,Female,2000
per,Peru,PER,Americas,2024,45_54,45-54,m,Male,3700
per,Peru,PER,Americas,2024,55_64,55-64,a,All sexes,5000
per,Peru,PER,Americas,2024,55_64,55-64,f,Female,1700
per,Peru,PER,Americas,2024,55_64,55-64,m,Male,3300
per,Peru,PER,Americas,2024,5_14,5-14,a,All sexes,1400
per,Peru,PER,Americas,2024,5_14,5-14,f,Female,690
per,Peru,PER,Americas,2024,5_14,5-14,m,Male,740
per,Peru,PER,Americas,2024,5_9,5-9,a,All sexes,340
per,Peru,PER,Americas,2024,5_9,5-9,f,Female,160
per,Peru,PER,Americas,2024,5_9,5-9,m,Male,180
per,Peru,PER,Americas,2024,65plus,65+,a,All sexes,7100
per,Peru,PER,Americas,2024,65plus,65+,f,Female,2700
per,Peru,PER,Americas,2024,65plus,65+,m,Male,4400
per,Peru,PER,Americas,2024,all,All ages,a,All sexes,48000
per,Peru,PER,Americas,2024,all,All ages,f,Female,16000
per,Peru,PER,Americas,2024,all,All ages,m,Male,31000
phl,Philippines,PHL,Western Pacific,2024,0_14,0-14,a,All sexes,73000
phl,Philippines,PHL,Western Pacific,2024,0_14,0-14,f,Female,35000
phl,Philippines,PHL,Western Pacific,2024,0_14,0-14,m,Male,38000
phl,Philippines,PHL,Western Pacific,2024,0_4,0-4,a,All sexes,30000
phl,Philippines,PHL,Western Pacific,2024,0_4,0-4,f,Female,15000
phl,Philippines,PHL,Western Pacific,2024,0_4,0-4,m,Male,15000
phl,Philippines,PHL,Western Pacific,2024,10_14,10-14,a,All sexes,19000
phl,Philippines,PHL,Western Pacific,2024,10_14,10-14,f,Female,9200
phl,Philippines,PHL,Western Pacific,2024,10_14,10-14,m,Male,9600
phl,Philippines,PHL,Western Pacific,2024,15_19,15-19,a,All sexes,53000
phl,Philippines,PHL,Western Pacific,2024,15_19,15-19,f,Female,16000
phl,Philippines,PHL,Western Pacific,2024,15_19,15-19,m,Male,36000
phl,Philippines,PHL,Western Pacific,2024,15_24,15-24,a,All sexes,112000
phl,Philippines,PHL,Western Pacific,2024,15_24,15-24,f,Female,37000
phl,Philippines,PHL,Western Pacific,2024,15_24,15-24,m,Male,76000
phl,Philippines,PHL,Western Pacific,2024,15plus,15+,a,All sexes,650000
phl,Philippines,PHL,Western Pacific,2024,15plus,15+,f,Female,227000
phl,Philippines,PHL,Western Pacific,2024,15plus,15+,m,Male,423000
phl,Philippines,PHL,Western Pacific,2024,20_24,20-24,a,All sexes,59000
phl,Philippines,PHL,Western Pacific,2024,20_24,20-24,f,Female,20000
phl,Philippines,PHL,Western Pacific,2024,20_24,20-24,m,Male,39000
phl,Philippines,PHL,Western Pacific,2024,25_34,25-34,a,All sexes,103000
phl,Philippines,PHL,Western Pacific,2024,25_34,25-34,f,Female,36000
phl,Philippines,PHL,Western Pacific,2024,25_34,25-34,m,Male,67000
phl,Philippines,PHL,Western Pacific,2024,35_44,35-44,a,All sexes,101000
phl,Philippines,PHL,Western Pacific,2024,35_44,35-44,f,Female,34000
phl,Philippines,PHL,Western Pacific,2024,35_44,35-44,m,Male,67000
phl,Philippines,PHL,Western Pacific,2024,45_54,45-54,a,All sexes,113000
phl,Philippines,PHL,Western Pacific,2024,45_54,45-54,f,Female,38000
phl,Philippines,PHL,Western Pacific,2024,45_54,45-54,m,Male,75000
phl,Philippines,PHL,Western Pacific,2024,55_64,55-64,a,All sexes,108000
phl,Philippines,PHL,Western Pacific,2024,55_64,55-64,f,Female,37000
phl,Philippines,PHL,Western Pacific,2024,55_64,55-64,m,Male,71000
phl,Philippines,PHL,Western Pacific,2024,5_14,5-14,a,All sexes,44000
phl,Philippines,PHL,Western Pacific,2024,5_14,5-14,f,Female,21000
phl,Philippines,PHL,Western Pacific,2024,5_14,5-14,m,Male,23000
phl,Philippines,PHL,Western Pacific,2024,5_9,5-9,a,All sexes,25000
phl,Philippines,PHL,Western Pacific,2024,5_9,5-9,f,Female,12000
phl,Philippines,PHL,Western Pacific,2024,5_9,5-9,m,Male,13000
phl,Philippines,PHL,Western Pacific,2024,65plus,65+,a,All sexes,114000
phl,Philippines,PHL,Western Pacific,2024,65plus,65+,f,Female,45000
phl,Philippines,PHL,Western Pacific,2024,65plus,65+,m,Male,68000
phl,Philippines,PHL,Western Pacific,2024,all,All ages,a,All sexes,724000
phl,Philippines,PHL,Western Pacific,2024,all,All ages,f,Female,263000
phl,Philippines,PHL,Western Pacific,2024,all,All ages,m,Male,461000
pol,Poland,POL,Europe,2024,0_14,0-14,a,All sexes,54
pol,Poland,POL,Europe,2024,0_14,0-14,f,Female,32
pol,Poland,POL,Europe,2024,0_14,0-14,m,Male,22
pol,Poland,POL,Europe,2024,0_4,0-4,a,All sexes,15
pol,Poland,POL,Europe,2024,0_4,0-4,f,Female,7
pol,Poland,POL,Europe,2024,0_4,0-4,m,Male,7
pol,Poland,POL,Europe,2024,10_14,10-14,a,All sexes,24
pol,Poland,POL,Europe,2024,10_14,10-14,f,Female,16
pol,Poland,POL,Europe,2024,10_14,10-14,m,Male,8
pol,Poland,POL,Europe,2024,15_19,15-19,a,All sexes,65
pol,Poland,POL,Europe,2024,15_19,15-19,f,Female,33
pol,Poland,POL,Europe,2024,15_19,15-19,m,Male,33
pol,Poland,POL,Europe,2024,15_24,15-24,a,All sexes,170
pol,Poland,POL,Europe,2024,15_24,15-24,f,Female,79
pol,Poland,POL,Europe,2024,15_24,15-24,m,Male,96
pol,Poland,POL,Europe,2024,15plus,15+,a,All sexes,4300
pol,Poland,POL,Europe,2024,15plus,15+,f,Female,1100
pol,Poland,POL,Europe,2024,15plus,15+,m,Male,3200
pol,Poland,POL,Europe,2024,20_24,20-24,a,All sexes,110
pol,Poland,POL,Europe,2024,20_24,20-24,f,Female,46
pol,Poland,POL,Europe,2024,20_24,20-24,m,Male,63
pol,Poland,POL,Europe,2024,25_34,25-34,a,All sexes,420
pol,Poland,POL,Europe,2024,25_34,25-34,f,Female,120
pol,Poland,POL,Europe,2024,25_34,25-34,m,Male,300
pol,Poland,POL,Europe,2024,35_44,35-44,a,All sexes,750
pol,Poland,POL,Europe,2024,35_44,35-44,f,Female,170
pol,Poland,POL,Europe,2024,35_44,35-44,m,Male,580
pol,Poland,POL,Europe,2024,45_54,45-54,a,All sexes,900
pol,Poland,POL,Europe,2024,45_54,45-54,f,Female,170
pol,Poland,POL,Europe,2024,45_54,45-54,m,Male,730
pol,Poland,POL,Europe,2024,55_64,55-64,a,All sexes,920
pol,Poland,POL,Europe,2024,55_64,55-64,f,Female,190
pol,Poland,POL,Europe,2024,55_64,55-64,m,Male,740
pol,Poland,POL,Europe,2024,5_14,5-14,a,All sexes,39
pol,Poland,POL,Europe,2024,5_14,5-14,f,Female,24
pol,Poland,POL,Europe,2024,5_14,5-14,m,Male,15
pol,Poland,POL,Europe,2024,5_9,5-9,a,All sexes,15
pol,Poland,POL,Europe,2024,5_9,5-9,f,Female,8
pol,Poland,POL,Europe,2024,5_9,5-9,m,Male,6
pol,Poland,POL,Europe,2024,65plus,65+,a,All sexes,1100
pol,Poland,POL,Europe,2024,65plus,65+,f,Female,410
pol,Poland,POL,Europe,2024,65plus,65+,m,Male,730
pol,Poland,POL,Europe,2024,all,All ages,a,All sexes,4400
pol,Poland,POL,Europe,2024,all,All ages,f,Female,1200
pol,Poland,POL,Europe,2024,all,All ages,m,Male,3200
prt,Portugal,PRT,Europe,2024,0_14,0-14,a,All sexes,55
prt,Portugal,PRT,Europe,2024,0_14,0-14,f,Female,31
prt,Portugal,PRT,Europe,2024,0_14,0-14,m,Male,24
prt,Portugal,PRT,Europe,2024,0_4,0-4,a,All sexes,32
prt,Portugal,PRT,Europe,2024,0_4,0-4,f,Female,18
prt,Portugal,PRT,Europe,2024,0_4,0-4,m,Male,14
prt,Portugal,PRT,Europe,2024,10_14,10-14,a,All sexes,12
prt,Portugal,PRT,Europe,2024,10_14,10-14,f,Female,9
prt,Portugal,PRT,Europe,2024,10_14,10-14,m,Male,3
prt,Portugal,PRT,Europe,2024,15_19,15-19,a,All sexes,44
prt,Portugal,PRT,Europe,2024,15_19,15-19,f,Female,19
prt,Portugal,PRT,Europe,2024,15_19,15-19,m,Male,25
prt,Portugal,PRT,Europe,2024,15_24,15-24,a,All sexes,160
prt,Portugal,PRT,Europe,2024,15_24,15-24,f,Female,58
prt,Portugal,PRT,Europe,2024,15_24,15-24,m,Male,100
prt,Portugal,PRT,Europe,2024,15plus,15+,a,All sexes,1500
prt,Portugal,PRT,Europe,2024,15plus,15+,f,Female,520
prt,Portugal,PRT,Europe,2024,15plus,15+,m,Male,950
prt,Portugal,PRT,Europe,2024,20_24,20-24,a,All sexes,120
prt,Portugal,PRT,Europe,2024,20_24,20-24,f,Female,39
prt,Portugal,PRT,Europe,2024,20_24,20-24,m,Male,80
prt,Portugal,PRT,Europe,2024,25_34,25-34,a,All sexes,290
prt,Portugal,PRT,Europe,2024,25_34,25-34,f,Female,130
prt,Portugal,PRT,Europe,2024,25_34,25-34,m,Male,170
prt,Portugal,PRT,Europe,2024,35_44,35-44,a,All sexes,210
prt,Portugal,PRT,Europe,2024,35_44,35-44,f,Female,76
prt,Portugal,PRT,Europe,2024,35_44,35-44,m,Male,130
prt,Portugal,PRT,Europe,2024,45_54,45-54,a,All sexes,210
prt,Portugal,PRT,Europe,2024,45_54,45-54,f,Female,65
prt,Portugal,PRT,Europe,2024,45_54,45-54,m,Male,140
prt,Portugal,PRT,Europe,2024,55_64,55-64,a,All sexes,260
prt,Portugal,PRT,Europe,2024,55_64,55-64,f,Female,85
prt,Portugal,PRT,Europe,2024,55_64,55-64,m,Male,180
prt,Portugal,PRT,Europe,2024,5_14,5-14,a,All sexes,23
prt,Portugal,PRT,Europe,2024,5_14,5-14,f,Female,12
prt,Portugal,PRT,Europe,2024,5_14,5-14,m,Male,10
prt,Portugal,PRT,Europe,2024,5_9,5-9,a,All sexes,10
prt,Portugal,PRT,Europe,2024,5_9,5-9,f,Female,3
prt,Portugal,PRT,Europe,2024,5_9,5-9,m,Male,7
prt,Portugal,PRT,Europe,2024,65plus,65+,a,All sexes,350
prt,Portugal,PRT,Europe,2024,65plus,65+,f,Female,110
prt,Portugal,PRT,Europe,2024,65plus,65+,m,Male,230
prt,Portugal,PRT,Europe,2024,all,All ages,a,All sexes,1500
prt,Portugal,PRT,Europe,2024,all,All ages,f,Female,560
prt,Portugal,PRT,Europe,2024,all,All ages,m,Male,980
pri,Puerto Rico,PRI,Americas,2024,0_14,0-14,a,All sexes,0
pri,Puerto Rico,PRI,Americas,2024,0_14,0-14,f,Female,0
pri,Puerto Rico,PRI,Americas,2024,0_14,0-14,m,Male,0
pri,Puerto Rico,PRI,Americas,2024,0_4,0-4,a,All sexes,0
pri,Puerto Rico,PRI,Americas,2024,0_4,0-4,f,Female,0
pri,Puerto Rico,PRI,Americas,2024,0_4,0-4,m,Male,0
pri,Puerto Rico,PRI,Americas,2024,10_14,10-14,a,All sexes,0
pri,Puerto Rico,PRI,Americas,2024,10_14,10-14,f,Female,0
pri,Puerto Rico,PRI,Americas,2024,10_14,10-14,m,Male,0
pri,Puerto Rico,PRI,Americas,2024,15_19,15-19,a,All sexes,0
pri,Puerto Rico,PRI,Americas,2024,15_19,15-19,f,Female,0
pri,Puerto Rico,PRI,Americas,2024,15_19,15-19,m,Male,0
pri,Puerto Rico,PRI,Americas,2024,15_24,15-24,a,All sexes,0
pri,Puerto Rico,PRI,Americas,2024,15_24,15-24,f,Female,0
pri,Puerto Rico,PRI,Americas,2024,15_24,15-24,m,Male,0
pri,Puerto Rico,PRI,Americas,2024,15plus,15+,a,All sexes,18
pri,Puerto Rico,PRI,Americas,2024,15plus,15+,f,Female,4
pri,Puerto Rico,PRI,Americas,2024,15plus,15+,m,Male,13
pri,Puerto Rico,PRI,Americas,2024,20_24,20-24,a,All sexes,0
pri,Puerto Rico,PRI,Americas,2024,20_24,20-24,f,Female,0
pri,Puerto Rico,PRI,Americas,2024,20_24,20-24,m,Male,0
pri,Puerto Rico,PRI,Americas,2024,25_34,25-34,a,All sexes,4
pri,Puerto Rico,PRI,Americas,2024,25_34,25-34,f,Female,1
pri,Puerto Rico,PRI,Americas,2024,25_34,25-34,m,Male,3
pri,Puerto Rico,PRI,Americas,2024,35_44,35-44,a,All sexes,1
pri,Puerto Rico,PRI,Americas,2024,35_44,35-44,f,Female,0
pri,Puerto Rico,PRI,Americas,2024,35_44,35-44,m,Male,1
pri,Puerto Rico,PRI,Americas,2024,45_54,45-54,a,All sexes,3
pri,Puerto Rico,PRI,Americas,2024,45_54,45-54,f,Female,0
pri,Puerto Rico,PRI,Americas,2024,45_54,45-54,m,Male,3
pri,Puerto Rico,PRI,Americas,2024,55_64,55-64,a,All sexes,2
pri,Puerto Rico,PRI,Americas,2024,55_64,55-64,f,Female,1
pri,Puerto Rico,PRI,Americas,2024,55_64,55-64,m,Male,1
pri,Puerto Rico,PRI,Americas,2024,5_14,5-14,a,All sexes,0
pri,Puerto Rico,PRI,Americas,2024,5_14,5-14,f,Female,0
pri,Puerto Rico,PRI,Americas,2024,5_14,5-14,m,Male,0
pri,Puerto Rico,PRI,Americas,2024,5_9,5-9,a,All sexes,0
pri,Puerto Rico,PRI,Americas,2024,5_9,5-9,f,Female,0
pri,Puerto Rico,PRI,Americas,2024,5_9,5-9,m,Male,0
pri,Puerto Rico,PRI,Americas,2024,65plus,65+,a,All sexes,9
pri,Puerto Rico,PRI,Americas,2024,65plus,65+,f,Female,3
pri,Puerto Rico,PRI,Americas,2024,65plus,65+,m,Male,6
pri,Puerto Rico,PRI,Americas,2024,all,All ages,a,All sexes,18
pri,Puerto Rico,PRI,Americas,2024,all,All ages,f,Female,4
pri,Puerto Rico,PRI,Americas,2024,all,All ages,m,Male,13
qat,Qatar,QAT,Eastern Mediterranean,2024,0_14,0-14,a,All sexes,8
qat,Qatar,QAT,Eastern Mediterranean,2024,0_14,0-14,f,Female,1
qat,Qatar,QAT,Eastern Mediterranean,2024,0_14,0-14,m,Male,7
qat,Qatar,QAT,Eastern Mediterranean,2024,0_4,0-4,a,All sexes,1
qat,Qatar,QAT,Eastern Mediterranean,2024,0_4,0-4,f,Female,0
qat,Qatar,QAT,Eastern Mediterranean,2024,0_4,0-4,m,Male,1
qat,Qatar,QAT,Eastern Mediterranean,2024,10_14,10-14,a,All sexes,4
qat,Qatar,QAT,Eastern Mediterranean,2024,10_14,10-14,f,Female,1
qat,Qatar,QAT,Eastern Mediterranean,2024,10_14,10-14,m,Male,3
qat,Qatar,QAT,Eastern Mediterranean,2024,15_19,15-19,a,All sexes,50
qat,Qatar,QAT,Eastern Mediterranean,2024,15_19,15-19,f,Female,12
qat,Qatar,QAT,Eastern Mediterranean,2024,15_19,15-19,m,Male,38
qat,Qatar,QAT,Eastern Mediterranean,2024,15_24,15-24,a,All sexes,110
qat,Qatar,QAT,Eastern Mediterranean,2024,15_24,15-24,f,Female,26
qat,Qatar,QAT,Eastern Mediterranean,2024,15_24,15-24,m,Male,86
qat,Qatar,QAT,Eastern Mediterranean,2024,15plus,15+,a,All sexes,1100
qat,Qatar,QAT,Eastern Mediterranean,2024,15plus,15+,f,Female,310
qat,Qatar,QAT,Eastern Mediterranean,2024,15plus,15+,m,Male,790
qat,Qatar,QAT,Eastern Mediterranean,2024,20_24,20-24,a,All sexes,62
qat,Qatar,QAT,Eastern Mediterranean,2024,20_24,20-24,f,Female,15
qat,Qatar,QAT,Eastern Mediterranean,2024,20_24,20-24,m,Male,48
qat,Qatar,QAT,Eastern Mediterranean,2024,25_34,25-34,a,All sexes,440
qat,Qatar,QAT,Eastern Mediterranean,2024,25_34,25-34,f,Female,120
qat,Qatar,QAT,Eastern Mediterranean,2024,25_34,25-34,m,Male,320
qat,Qatar,QAT,Eastern Mediterranean,2024,35_44,35-44,a,All sexes,320
qat,Qatar,QAT,Eastern Mediterranean,2024,35_44,35-44,f,Female,110
qat,Qatar,QAT,Eastern Mediterranean,2024,35_44,35-44,m,Male,220
qat,Qatar,QAT,Eastern Mediterranean,2024,45_54,45-54,a,All sexes,170
qat,Qatar,QAT,Eastern Mediterranean,2024,45_54,45-54,f,Female,44
qat,Qatar,QAT,Eastern Mediterranean,2024,45_54,45-54,m,Male,120
qat,Qatar,QAT,Eastern Mediterranean,2024,55_64,55-64,a,All sexes,40
qat,Qatar,QAT,Eastern Mediterranean,2024,55_64,55-64,f,Female,8
qat,Qatar,QAT,Eastern Mediterranean,2024,55_64,55-64,m,Male,32
qat,Qatar,QAT,Eastern Mediterranean,2024,5_14,5-14,a,All sexes,7
qat,Qatar,QAT,Eastern Mediterranean,2024,5_14,5-14,f,Female,1
qat,Qatar,QAT,Eastern Mediterranean,2024,5_14,5-14,m,Male,5
qat,Qatar,QAT,Eastern Mediterranean,2024,5_9,5-9,a,All sexes,3
qat,Qatar,QAT,Eastern Mediterranean,2024,5_9,5-9,f,Female,0
qat,Qatar,QAT,Eastern Mediterranean,2024,5_9,5-9,m,Male,3
qat,Qatar,QAT,Eastern Mediterranean,2024,65plus,65+,a,All sexes,26
qat,Qatar,QAT,Eastern Mediterranean,2024,65plus,65+,f,Female,7
qat,Qatar,QAT,Eastern Mediterranean,2024,65plus,65+,m,Male,20
qat,Qatar,QAT,Eastern Mediterranean,2024,all,All ages,a,All sexes,1100
qat,Qatar,QAT,Eastern Mediterranean,2024,all,All ages,f,Female,320
qat,Qatar,QAT,Eastern Mediterranean,2024,all,All ages,m,Male,800
rou,Romania,ROU,Europe,2024,0_14,0-14,a,All sexes,540
rou,Romania,ROU,Europe,2024,0_14,0-14,f,Female,230
rou,Romania,ROU,Europe,2024,0_14,0-14,m,Male,300
rou,Romania,ROU,Europe,2024,0_4,0-4,a,All sexes,240
rou,Romania,ROU,Europe,2024,0_4,0-4,f,Female,93
rou,Romania,ROU,Europe,2024,0_4,0-4,m,Male,140
rou,Romania,ROU,Europe,2024,10_14,10-14,a,All sexes,150
rou,Romania,ROU,Europe,2024,10_14,10-14,f,Female,63
rou,Romania,ROU,Europe,2024,10_14,10-14,m,Male,87
rou,Romania,ROU,Europe,2024,15_19,15-19,a,All sexes,430
rou,Romania,ROU,Europe,2024,15_19,15-19,f,Female,200
rou,Romania,ROU,Europe,2024,15_19,15-19,m,Male,230
rou,Romania,ROU,Europe,2024,15_24,15-24,a,All sexes,980
rou,Romania,ROU,Europe,2024,15_24,15-24,f,Female,430
rou,Romania,ROU,Europe,2024,15_24,15-24,m,Male,550
rou,Romania,ROU,Europe,2024,15plus,15+,a,All sexes,11000
rou,Romania,ROU,Europe,2024,15plus,15+,f,Female,3100
rou,Romania,ROU,Europe,2024,15plus,15+,m,Male,7800
rou,Romania,ROU,Europe,2024,20_24,20-24,a,All sexes,550
rou,Romania,ROU,Europe,2024,20_24,20-24,f,Female,230
rou,Romania,ROU,Europe,2024,20_24,20-24,m,Male,320
rou,Romania,ROU,Europe,2024,25_34,25-34,a,All sexes,1300
rou,Romania,ROU,Europe,2024,25_34,25-34,f,Female,470
rou,Romania,ROU,Europe,2024,25_34,25-34,m,Male,790
rou,Romania,ROU,Europe,2024,35_44,35-44,a,All sexes,1900
rou,Romania,ROU,Europe,2024,35_44,35-44,f,Female,480
rou,Romania,ROU,Europe,2024,35_44,35-44,m,Male,1400
rou,Romania,ROU,Europe,2024,45_54,45-54,a,All sexes,2900
rou,Romania,ROU,Europe,2024,45_54,45-54,f,Female,560
rou,Romania,ROU,Europe,2024,45_54,45-54,m,Male,2300
rou,Romania,ROU,Europe,2024,55_64,55-64,a,All sexes,2000
rou,Romania,ROU,Europe,2024,55_64,55-64,f,Female,400
rou,Romania,ROU,Europe,2024,55_64,55-64,m,Male,1600
rou,Romania,ROU,Europe,2024,5_14,5-14,a,All sexes,300
rou,Romania,ROU,Europe,2024,5_14,5-14,f,Female,140
rou,Romania,ROU,Europe,2024,5_14,5-14,m,Male,160
rou,Romania,ROU,Europe,2024,5_9,5-9,a,All sexes,150
rou,Romania,ROU,Europe,2024,5_9,5-9,f,Female,77
rou,Romania,ROU,Europe,2024,5_9,5-9,m,Male,73
rou,Romania,ROU,Europe,2024,65plus,65+,a,All sexes,2000
rou,Romania,ROU,Europe,2024,65plus,65+,f,Female,760
rou,Romania,ROU,Europe,2024,65plus,65+,m,Male,1200
rou,Romania,ROU,Europe,2024,all,All ages,a,All sexes,11000
rou,Romania,ROU,Europe,2024,all,All ages,f,Female,3300
rou,Romania,ROU,Europe,2024,all,All ages,m,Male,8100
rus,Russia,RUS,Europe,2024,0_14,0-14,a,All sexes,1500
rus,Russia,RUS,Europe,2024,0_14,0-14,f,Female,820
rus,Russia,RUS,Europe,2024,0_14,0-14,m,Male,720
rus,Russia,RUS,Europe,2024,0_4,0-4,a,All sexes,480
rus,Russia,RUS,Europe,2024,0_4,0-4,f,Female,240
rus,Russia,RUS,Europe,2024,0_4,0-4,m,Male,240
rus,Russia,RUS,Europe,2024,10_14,10-14,a,All sexes,510
rus,Russia,RUS,Europe,2024,10_14,10-14,f,Female,280
rus,Russia,RUS,Europe,2024,10_14,10-14,m,Male,230
rus,Russia,RUS,Europe,2024,15_19,15-19,a,All sexes,1300
rus,Russia,RUS,Europe,2024,15_19,15-19,f,Female,570
rus,Russia,RUS,Europe,2024,15_19,15-19,m,Male,710
rus,Russia,RUS,Europe,2024,15_24,15-24,a,All sexes,2400
rus,Russia,RUS,Europe,2024,15_24,15-24,f,Female,1100
rus,Russia,RUS,Europe,2024,15_24,15-24,m,Male,1400
rus,Russia,RUS,Europe,2024,15plus,15+,a,All sexes,48000
rus,Russia,RUS,Europe,2024,15plus,15+,f,Female,14000
rus,Russia,RUS,Europe,2024,15plus,15+,m,Male,34000
rus,Russia,RUS,Europe,2024,20_24,20-24,a,All sexes,1200
rus,Russia,RUS,Europe,2024,20_24,20-24,f,Female,520
rus,Russia,RUS,Europe,2024,20_24,20-24,m,Male,650
rus,Russia,RUS,Europe,2024,25_34,25-34,a,All sexes,5900
rus,Russia,RUS,Europe,2024,25_34,25-34,f,Female,2100
rus,Russia,RUS,Europe,2024,25_34,25-34,m,Male,3800
rus,Russia,RUS,Europe,2024,35_44,35-44,a,All sexes,16000
rus,Russia,RUS,Europe,2024,35_44,35-44,f,Female,4100
rus,Russia,RUS,Europe,2024,35_44,35-44,m,Male,11000
rus,Russia,RUS,Europe,2024,45_54,45-54,a,All sexes,12000
rus,Russia,RUS,Europe,2024,45_54,45-54,f,Female,2800
rus,Russia,RUS,Europe,2024,45_54,45-54,m,Male,9400
rus,Russia,RUS,Europe,2024,55_64,55-64,a,All sexes,6900
rus,Russia,RUS,Europe,2024,55_64,55-64,f,Female,1500
rus,Russia,RUS,Europe,2024,55_64,55-64,m,Male,5300
rus,Russia,RUS,Europe,2024,5_14,5-14,a,All sexes,1100
rus,Russia,RUS,Europe,2024,5_14,5-14,f,Female,580
rus,Russia,RUS,Europe,2024,5_14,5-14,m,Male,470
rus,Russia,RUS,Europe,2024,5_9,5-9,a,All sexes,550
rus,Russia,RUS,Europe,2024,5_9,5-9,f,Female,300
rus,Russia,RUS,Europe,2024,5_9,5-9,m,Male,250
rus,Russia,RUS,Europe,2024,65plus,65+,a,All sexes,4900
rus,Russia,RUS,Europe,2024,65plus,65+,f,Female,2100
rus,Russia,RUS,Europe,2024,65plus,65+,m,Male,2800
rus,Russia,RUS,Europe,2024,all,All ages,a,All sexes,49000
rus,Russia,RUS,Europe,2024,all,All ages,f,Female,15000
rus,Russia,RUS,Europe,2024,all,All ages,m,Male,35000
rwa,Rwanda,RWA,Africa,2024,0_14,0-14,a,All sexes,2400
rwa,Rwanda,RWA,Africa,2024,0_14,0-14,f,Female,1500
rwa,Rwanda,RWA,Africa,2024,0_14,0-14,m,Male,900
rwa,Rwanda,RWA,Africa,2024,0_4,0-4,a,All sexes,1200
rwa,Rwanda,RWA,Africa,2024,0_4,0-4,f,Female,710
rwa,Rwanda,RWA,Africa,2024,0_4,0-4,m,Male,530
rwa,Rwanda,RWA,Africa,2024,10_14,10-14,a,All sexes,760
rwa,Rwanda,RWA,Africa,2024,10_14,10-14,f,Female,490
rwa,Rwanda,RWA,Africa,2024,10_14,10-14,m,Male,270
rwa,Rwanda,RWA,Africa,2024,15_19,15-19,a,All sexes,490
rwa,Rwanda,RWA,Africa,2024,15_19,15-19,f,Female,130
rwa,Rwanda,RWA,Africa,2024,15_19,15-19,m,Male,370
rwa,Rwanda,RWA,Africa,2024,15_24,15-24,a,All sexes,1100
rwa,Rwanda,RWA,Africa,2024,15_24,15-24,f,Female,380
rwa,Rwanda,RWA,Africa,2024,15_24,15-24,m,Male,710
rwa,Rwanda,RWA,Africa,2024,15plus,15+,a,All sexes,6400
rwa,Rwanda,RWA,Africa,2024,15plus,15+,f,Female,2500
rwa,Rwanda,RWA,Africa,2024,15plus,15+,m,Male,3900
rwa,Rwanda,RWA,Africa,2024,20_24,20-24,a,All sexes,600
rwa,Rwanda,RWA,Africa,2024,20_24,20-24,f,Female,260
rwa,Rwanda,RWA,Africa,2024,20_24,20-24,m,Male,340
rwa,Rwanda,RWA,Africa,2024,25_34,25-34,a,All sexes,1100
rwa,Rwanda,RWA,Africa,2024,25_34,25-34,f,Female,300
rwa,Rwanda,RWA,Africa,2024,25_34,25-34,m,Male,770
rwa,Rwanda,RWA,Africa,2024,35_44,35-44,a,All sexes,1100
rwa,Rwanda,RWA,Africa,2024,35_44,35-44,f,Female,290
rwa,Rwanda,RWA,Africa,2024,35_44,35-44,m,Male,820
rwa,Rwanda,RWA,Africa,2024,45_54,45-54,a,All sexes,1300
rwa,Rwanda,RWA,Africa,2024,45_54,45-54,f,Female,710
rwa,Rwanda,RWA,Africa,2024,45_54,45-54,m,Male,550
rwa,Rwanda,RWA,Africa,2024,55_64,55-64,a,All sexes,980
rwa,Rwanda,RWA,Africa,2024,55_64,55-64,f,Female,290
rwa,Rwanda,RWA,Africa,2024,55_64,55-64,m,Male,690
rwa,Rwanda,RWA,Africa,2024,5_14,5-14,a,All sexes,1100
rwa,Rwanda,RWA,Africa,2024,5_14,5-14,f,Female,780
rwa,Rwanda,RWA,Africa,2024,5_14,5-14,m,Male,360
rwa,Rwanda,RWA,Africa,2024,5_9,5-9,a,All sexes,380
rwa,Rwanda,RWA,Africa,2024,5_9,5-9,f,Female,290
rwa,Rwanda,RWA,Africa,2024,5_9,5-9,m,Male,91
rwa,Rwanda,RWA,Africa,2024,65plus,65+,a,All sexes,900
rwa,Rwanda,RWA,Africa,2024,65plus,65+,f,Female,490
rwa,Rwanda,RWA,Africa,2024,65plus,65+,m,Male,410
rwa,Rwanda,RWA,Africa,2024,all,All ages,a,All sexes,8800
rwa,Rwanda,RWA,Africa,2024,all,All ages,f,Female,4000
rwa,Rwanda,RWA,Africa,2024,all,All ages,m,Male,4800
stp,Sao Tome and Principe,STP,Africa,2024,0_14,0-14,a,All sexes,14
stp,Sao Tome and Principe,STP,Africa,2024,0_14,0-14,f,Female,10
stp,Sao Tome and Principe,STP,Africa,2024,0_14,0-14,m,Male,5
stp,Sao Tome and Principe,STP,Africa,2024,0_4,0-4,a,All sexes,3
stp,Sao Tome and Principe,STP,Africa,2024,0_4,0-4,f,Female,3
stp,Sao Tome and Principe,STP,Africa,2024,0_4,0-4,m,Male,0
stp,Sao Tome and Principe,STP,Africa,2024,10_14,10-14,a,All sexes,2
stp,Sao Tome and Principe,STP,Africa,2024,10_14,10-14,f,Female,0
stp,Sao Tome and Principe,STP,Africa,2024,10_14,10-14,m,Male,2
stp,Sao Tome and Principe,STP,Africa,2024,15_19,15-19,a,All sexes,3
stp,Sao Tome and Principe,STP,Africa,2024,15_19,15-19,f,Female,2
stp,Sao Tome and Principe,STP,Africa,2024,15_19,15-19,m,Male,2
stp,Sao Tome and Principe,STP,Africa,2024,15_24,15-24,a,All sexes,24
stp,Sao Tome and Principe,STP,Africa,2024,15_24,15-24,f,Female,8
stp,Sao Tome and Principe,STP,Africa,2024,15_24,15-24,m,Male,16
stp,Sao Tome and Principe,STP,Africa,2024,15plus,15+,a,All sexes,190
stp,Sao Tome and Principe,STP,Africa,2024,15plus,15+,f,Female,72
stp,Sao Tome and Principe,STP,Africa,2024,15plus,15+,m,Male,120
stp,Sao Tome and Principe,STP,Africa,2024,20_24,20-24,a,All sexes,21
stp,Sao Tome and Principe,STP,Africa,2024,20_24,20-24,f,Female,6
stp,Sao Tome and Principe,STP,Africa,2024,20_24,20-24,m,Male,14
stp,Sao Tome and Principe,STP,Africa,2024,25_34,25-34,a,All sexes,26
stp,Sao Tome and Principe,STP,Africa,2024,25_34,25-34,f,Female,10
stp,Sao Tome and Principe,STP,Africa,2024,25_34,25-34,m,Male,16
stp,Sao Tome and Principe,STP,Africa,2024,35_44,35-44,a,All sexes,49
stp,Sao Tome and Principe,STP,Africa,2024,35_44,35-44,f,Female,18
stp,Sao Tome and Principe,STP,Africa,2024,35_44,35-44,m,Male,32
stp,Sao Tome and Principe,STP,Africa,2024,45_54,45-54,a,All sexes,46
stp,Sao Tome and Principe,STP,Africa,2024,45_54,45-54,f,Female,19
stp,Sao Tome and Principe,STP,Africa,2024,45_54,45-54,m,Male,27
stp,Sao Tome and Principe,STP,Africa,2024,55_64,55-64,a,All sexes,22
stp,Sao Tome and Principe,STP,Africa,2024,55_64,55-64,f,Female,14
stp,Sao Tome and Principe,STP,Africa,2024,55_64,55-64,m,Male,8
stp,Sao Tome and Principe,STP,Africa,2024,5_14,5-14,a,All sexes,11
stp,Sao Tome and Principe,STP,Africa,2024,5_14,5-14,f,Female,6
stp,Sao Tome and Principe,STP,Africa,2024,5_14,5-14,m,Male,5
stp,Sao Tome and Principe,STP,Africa,2024,5_9,5-9,a,All sexes,10
stp,Sao Tome and Principe,STP,Africa,2024,5_9,5-9,f,Female,6
stp,Sao Tome and Principe,STP,Africa,2024,5_9,5-9,m,Male,3
stp,Sao Tome and Principe,STP,Africa,2024,65plus,65+,a,All sexes,24
stp,Sao Tome and Principe,STP,Africa,2024,65plus,65+,f,Female,3
stp,Sao Tome and Principe,STP,Africa,2024,65plus,65+,m,Male,21
stp,Sao Tome and Principe,STP,Africa,2024,all,All ages,a,All sexes,210
stp,Sao Tome and Principe,STP,Africa,2024,all,All ages,f,Female,81
stp,Sao Tome and Principe,STP,Africa,2024,all,All ages,m,Male,120
sau,Saudi Arabia,SAU,Eastern Mediterranean,2024,0_14,0-14,a,All sexes,85
sau,Saudi Arabia,SAU,Eastern Mediterranean,2024,0_14,0-14,f,Female,52
sau,Saudi Arabia,SAU,Eastern Mediterranean,2024,0_14,0-14,m,Male,33
sau,Saudi Arabia,SAU,Eastern Mediterranean,2024,0_4,0-4,a,All sexes,30
sau,Saudi Arabia,SAU,Eastern Mediterranean,2024,0_4,0-4,f,Female,14
sau,Saudi Arabia,SAU,Eastern Mediterranean,2024,0_4,0-4,m,Male,15
sau,Saudi Arabia,SAU,Eastern Mediterranean,2024,10_14,10-14,a,All sexes,31
sau,Saudi Arabia,SAU,Eastern Mediterranean,2024,10_14,10-14,f,Female,21
sau,Saudi Arabia,SAU,Eastern Mediterranean,2024,10_14,10-14,m,Male,10
sau,Saudi Arabia,SAU,Eastern Mediterranean,2024,15_19,15-19,a,All sexes,190
sau,Saudi Arabia,SAU,Eastern Mediterranean,2024,15_19,15-19,f,Female,76
sau,Saudi Arabia,SAU,Eastern Mediterranean,2024,15_19,15-19,m,Male,120
sau,Saudi Arabia,SAU,Eastern Mediterranean,2024,15_24,15-24,a,All sexes,430
sau,Saudi Arabia,SAU,Eastern Mediterranean,2024,15_24,15-24,f,Female,170
sau,Saudi Arabia,SAU,Eastern Mediterranean,2024,15_24,15-24,m,Male,260
sau,Saudi Arabia,SAU,Eastern Mediterranean,2024,15plus,15+,a,All sexes,2800
sau,Saudi Arabia,SAU,Eastern Mediterranean,2024,15plus,15+,f,Female,800
sau,Saudi Arabia,SAU,Eastern Mediterranean,2024,15plus,15+,m,Male,2000
sau,Saudi Arabia,SAU,Eastern Mediterranean,2024,20_24,20-24,a,All sexes,240
sau,Saudi Arabia,SAU,Eastern Mediterranean,2024,20_24,20-24,f,Female,96
sau,Saudi Arabia,SAU,Eastern Mediterranean,2024,20_24,20-24,m,Male,150
sau,Saudi Arabia,SAU,Eastern Mediterranean,2024,25_34,25-34,a,All sexes,870
sau,Saudi Arabia,SAU,Eastern Mediterranean,2024,25_34,25-34,f,Female,250
sau,Saudi Arabia,SAU,Eastern Mediterranean,2024,25_34,25-34,m,Male,610
sau,Saudi Arabia,SAU,Eastern Mediterranean,2024,35_44,35-44,a,All sexes,550
sau,Saudi Arabia,SAU,Eastern Mediterranean,2024,35_44,35-44,f,Female,130
sau,Saudi Arabia,SAU,Eastern Mediterranean,2024,35_44,35-44,m,Male,420
sau,Saudi Arabia,SAU,Eastern Mediterranean,2024,45_54,45-54,a,All sexes,370
sau,Saudi Arabia,SAU,Eastern Mediterranean,2024,45_54,45-54,f,Female,80
sau,Saudi Arabia,SAU,Eastern Mediterranean,2024,45_54,45-54,m,Male,290
sau,Saudi Arabia,SAU,Eastern Mediterranean,2024,55_64,55-64,a,All sexes,270
sau,Saudi Arabia,SAU,Eastern Mediterranean,2024,55_64,55-64,f,Female,80
sau,Saudi Arabia,SAU,Eastern Mediterranean,2024,55_64,55-64,m,Male,190
sau,Saudi Arabia,SAU,Eastern Mediterranean,2024,5_14,5-14,a,All sexes,55
sau,Saudi Arabia,SAU,Eastern Mediterranean,2024,5_14,5-14,f,Female,37
sau,Saudi Arabia,SAU,Eastern Mediterranean,2024,5_14,5-14,m,Male,18
sau,Saudi Arabia,SAU,Eastern Mediterranean,2024,5_9,5-9,a,All sexes,24
sau,Saudi Arabia,SAU,Eastern Mediterranean,2024,5_9,5-9,f,Female,16
sau,Saudi Arabia,SAU,Eastern Mediterranean,2024,5_9,5-9,m,Male,8
sau,Saudi Arabia,SAU,Eastern Mediterranean,2024,65plus,65+,a,All sexes,280
sau,Saudi Arabia,SAU,Eastern Mediterranean,2024,65plus,65+,f,Female,91
sau,Saudi Arabia,SAU,Eastern Mediterranean,2024,65plus,65+,m,Male,190
sau,Saudi Arabia,SAU,Eastern Mediterranean,2024,all,All ages,a,All sexes,2900
sau,Saudi Arabia,SAU,Eastern Mediterranean,2024,all,All ages,f,Female,860
sau,Saudi Arabia,SAU,Eastern Mediterranean,2024,all,All ages,m,Male,2000
sen,Senegal,SEN,Africa,2024,0_14,0-14,a,All sexes,3200
sen,Senegal,SEN,Africa,2024,0_14,0-14,f,Female,1500
sen,Senegal,SEN,Africa,2024,0_14,0-14,m,Male,1700
sen,Senegal,SEN,Africa,2024,0_4,0-4,a,All sexes,1400
sen,Senegal,SEN,Africa,2024,0_4,0-4,f,Female,620
sen,Senegal,SEN,Africa,2024,0_4,0-4,m,Male,770
sen,Senegal,SEN,Africa,2024,10_14,10-14,a,All sexes,960
sen,Senegal,SEN,Africa,2024,10_14,10-14,f,Female,480
sen,Senegal,SEN,Africa,2024,10_14,10-14,m,Male,480
sen,Senegal,SEN,Africa,2024,15_19,15-19,a,All sexes,2600
sen,Senegal,SEN,Africa,2024,15_19,15-19,f,Female,980
sen,Senegal,SEN,Africa,2024,15_19,15-19,m,Male,1600
sen,Senegal,SEN,Africa,2024,15_24,15-24,a,All sexes,5400
sen,Senegal,SEN,Africa,2024,15_24,15-24,f,Female,2000
sen,Senegal,SEN,Africa,2024,15_24,15-24,m,Male,3300
sen,Senegal,SEN,Africa,2024,15plus,15+,a,All sexes,21000
sen,Senegal,SEN,Africa,2024,15plus,15+,f,Female,6800
sen,Senegal,SEN,Africa,2024,15plus,15+,m,Male,14000
sen,Senegal,SEN,Africa,2024,20_24,20-24,a,All sexes,2800
sen,Senegal,SEN,Africa,2024,20_24,20-24,f,Female,1100
sen,Senegal,SEN,Africa,2024,20_24,20-24,m,Male,1700
sen,Senegal,SEN,Africa,2024,25_34,25-34,a,All sexes,6100
sen,Senegal,SEN,Africa,2024,25_34,25-34,f,Female,1700
sen,Senegal,SEN,Africa,2024,25_34,25-34,m,Male,4400
sen,Senegal,SEN,Africa,2024,35_44,35-44,a,All sexes,4000
sen,Senegal,SEN,Africa,2024,35_44,35-44,f,Female,1200
sen,Senegal,SEN,Africa,2024,35_44,35-44,m,Male,2800
sen,Senegal,SEN,Africa,2024,45_54,45-54,a,All sexes,2500
sen,Senegal,SEN,Africa,2024,45_54,45-54,f,Female,780
sen,Senegal,SEN,Africa,2024,45_54,45-54,m,Male,1800
sen,Senegal,SEN,Africa,2024,55_64,55-64,a,All sexes,1800
sen,Senegal,SEN,Africa,2024,55_64,55-64,f,Female,590
sen,Senegal,SEN,Africa,2024,55_64,55-64,m,Male,1200
sen,Senegal,SEN,Africa,2024,5_14,5-14,a,All sexes,1800
sen,Senegal,SEN,Africa,2024,5_14,5-14,f,Female,920
sen,Senegal,SEN,Africa,2024,5_14,5-14,m,Male,920
sen,Senegal,SEN,Africa,2024,5_9,5-9,a,All sexes,890
sen,Senegal,SEN,Africa,2024,5_9,5-9,f,Female,440
sen,Senegal,SEN,Africa,2024,5_9,5-9,m,Male,440
sen,Senegal,SEN,Africa,2024,65plus,65+,a,All sexes,1400
sen,Senegal,SEN,Africa,2024,65plus,65+,f,Female,470
sen,Senegal,SEN,Africa,2024,65plus,65+,m,Male,910
sen,Senegal,SEN,Africa,2024,all,All ages,a,All sexes,24000
sen,Senegal,SEN,Africa,2024,all,All ages,f,Female,8300
sen,Senegal,SEN,Africa,2024,all,All ages,m,Male,16000
srb,Serbia,SRB,Europe,2024,0_14,0-14,a,All sexes,28
srb,Serbia,SRB,Europe,2024,0_14,0-14,f,Female,14
srb,Serbia,SRB,Europe,2024,0_14,0-14,m,Male,14
srb,Serbia,SRB,Europe,2024,0_4,0-4,a,All sexes,9
srb,Serbia,SRB,Europe,2024,0_4,0-4,f,Female,4
srb,Serbia,SRB,Europe,2024,0_4,0-4,m,Male,5
srb,Serbia,SRB,Europe,2024,10_14,10-14,a,All sexes,10
srb,Serbia,SRB,Europe,2024,10_14,10-14,f,Female,5
srb,Serbia,SRB,Europe,2024,10_14,10-14,m,Male,5
srb,Serbia,SRB,Europe,2024,15_19,15-19,a,All sexes,25
srb,Serbia,SRB,Europe,2024,15_19,15-19,f,Female,10
srb,Serbia,SRB,Europe,2024,15_19,15-19,m,Male,14
srb,Serbia,SRB,Europe,2024,15_24,15-24,a,All sexes,54
srb,Serbia,SRB,Europe,2024,15_24,15-24,f,Female,22
srb,Serbia,SRB,Europe,2024,15_24,15-24,m,Male,32
srb,Serbia,SRB,Europe,2024,15plus,15+,a,All sexes,560
srb,Serbia,SRB,Europe,2024,15plus,15+,f,Female,180
srb,Serbia,SRB,Europe,2024,15plus,15+,m,Male,380
srb,Serbia,SRB,Europe,2024,20_24,20-24,a,All sexes,30
srb,Serbia,SRB,Europe,2024,20_24,20-24,f,Female,12
srb,Serbia,SRB,Europe,2024,20_24,20-24,m,Male,18
srb,Serbia,SRB,Europe,2024,25_34,25-34,a,All sexes,87
srb,Serbia,SRB,Europe,2024,25_34,25-34,f,Female,32
srb,Serbia,SRB,Europe,2024,25_34,25-34,m,Male,54
srb,Serbia,SRB,Europe,2024,35_44,35-44,a,All sexes,130
srb,Serbia,SRB,Europe,2024,35_44,35-44,f,Female,37
srb,Serbia,SRB,Europe,2024,35_44,35-44,m,Male,93
srb,Serbia,SRB,Europe,2024,45_54,45-54,a,All sexes,120
srb,Serbia,SRB,Europe,2024,45_54,45-54,f,Female,30
srb,Serbia,SRB,Europe,2024,45_54,45-54,m,Male,87
srb,Serbia,SRB,Europe,2024,55_64,55-64,a,All sexes,86
srb,Serbia,SRB,Europe,2024,55_64,55-64,f,Female,24
srb,Serbia,SRB,Europe,2024,55_64,55-64,m,Male,62
srb,Serbia,SRB,Europe,2024,5_14,5-14,a,All sexes,19
srb,Serbia,SRB,Europe,2024,5_14,5-14,f,Female,10
srb,Serbia,SRB,Europe,2024,5_14,5-14,m,Male,9
srb,Serbia,SRB,Europe,2024,5_9,5-9,a,All sexes,9
srb,Serbia,SRB,Europe,2024,5_9,5-9,f,Female,4
srb,Serbia,SRB,Europe,2024,5_9,5-9,m,Male,4
srb,Serbia,SRB,Europe,2024,65plus,65+,a,All sexes,83
srb,Serbia,SRB,Europe,2024,65plus,65+,f,Female,36
srb,Serbia,SRB,Europe,2024,65plus,65+,m,Male,47
srb,Serbia,SRB,Europe,2024,all,All ages,a,All sexes,590
srb,Serbia,SRB,Europe,2024,all,All ages,f,Female,200
srb,Serbia,SRB,Europe,2024,all,All ages,m,Male,390
sle,Sierra Leone,SLE,Africa,2024,0_14,0-14,a,All sexes,4100
sle,Sierra Leone,SLE,Africa,2024,0_14,0-14,f,Female,1900
sle,Sierra Leone,SLE,Africa,2024,0_14,0-14,m,Male,2100
sle,Sierra Leone,SLE,Africa,2024,0_4,0-4,a,All sexes,2300
sle,Sierra Leone,SLE,Africa,2024,0_4,0-4,f,Female,1100
sle,Sierra Leone,SLE,Africa,2024,0_4,0-4,m,Male,1300
sle,Sierra Leone,SLE,Africa,2024,10_14,10-14,a,All sexes,920
sle,Sierra Leone,SLE,Africa,2024,10_14,10-14,f,Female,460
sle,Sierra Leone,SLE,Africa,2024,10_14,10-14,m,Male,460
sle,Sierra Leone,SLE,Africa,2024,15_19,15-19,a,All sexes,2800
sle,Sierra Leone,SLE,Africa,2024,15_19,15-19,f,Female,1200
sle,Sierra Leone,SLE,Africa,2024,15_19,15-19,m,Male,1600
sle,Sierra Leone,SLE,Africa,2024,15_24,15-24,a,All sexes,5900
sle,Sierra Leone,SLE,Africa,2024,15_24,15-24,f,Female,2600
sle,Sierra Leone,SLE,Africa,2024,15_24,15-24,m,Male,3300
sle,Sierra Leone,SLE,Africa,2024,15plus,15+,a,All sexes,28000
sle,Sierra Leone,SLE,Africa,2024,15plus,15+,f,Female,11000
sle,Sierra Leone,SLE,Africa,2024,15plus,15+,m,Male,17000
sle,Sierra Leone,SLE,Africa,2024,20_24,20-24,a,All sexes,3100
sle,Sierra Leone,SLE,Africa,2024,20_24,20-24,f,Female,1400
sle,Sierra Leone,SLE,Africa,2024,20_24,20-24,m,Male,1700
sle,Sierra Leone,SLE,Africa,2024,25_34,25-34,a,All sexes,6700
sle,Sierra Leone,SLE,Africa,2024,25_34,25-34,f,Female,2700
sle,Sierra Leone,SLE,Africa,2024,25_34,25-34,m,Male,4000
sle,Sierra Leone,SLE,Africa,2024,35_44,35-44,a,All sexes,6000
sle,Sierra Leone,SLE,Africa,2024,35_44,35-44,f,Female,2400
sle,Sierra Leone,SLE,Africa,2024,35_44,35-44,m,Male,3600
sle,Sierra Leone,SLE,Africa,2024,45_54,45-54,a,All sexes,4700
sle,Sierra Leone,SLE,Africa,2024,45_54,45-54,f,Female,1700
sle,Sierra Leone,SLE,Africa,2024,45_54,45-54,m,Male,2900
sle,Sierra Leone,SLE,Africa,2024,55_64,55-64,a,All sexes,2800
sle,Sierra Leone,SLE,Africa,2024,55_64,55-64,f,Female,1100
sle,Sierra Leone,SLE,Africa,2024,55_64,55-64,m,Male,1700
sle,Sierra Leone,SLE,Africa,2024,5_14,5-14,a,All sexes,1800
sle,Sierra Leone,SLE,Africa,2024,5_14,5-14,f,Female,880
sle,Sierra Leone,SLE,Africa,2024,5_14,5-14,m,Male,890
sle,Sierra Leone,SLE,Africa,2024,5_9,5-9,a,All sexes,850
sle,Sierra Leone,SLE,Africa,2024,5_9,5-9,f,Female,420
sle,Sierra Leone,SLE,Africa,2024,5_9,5-9,m,Male,430
sle,Sierra Leone,SLE,Africa,2024,65plus,65+,a,All sexes,2000
sle,Sierra Leone,SLE,Africa,2024,65plus,65+,f,Female,740
sle,Sierra Leone,SLE,Africa,2024,65plus,65+,m,Male,1200
sle,Sierra Leone,SLE,Africa,2024,all,All ages,a,All sexes,32000
sle,Sierra Leone,SLE,Africa,2024,all,All ages,f,Female,13000
sle,Sierra Leone,SLE,Africa,2024,all,All ages,m,Male,19000
sgp,Singapore,SGP,Western Pacific,2024,0_14,0-14,a,All sexes,3
sgp,Singapore,SGP,Western Pacific,2024,0_14,0-14,f,Female,3
sgp,Singapore,SGP,Western Pacific,2024,0_14,0-14,m,Male,0
sgp,Singapore,SGP,Western Pacific,2024,0_4,0-4,a,All sexes,1
sgp,Singapore,SGP,Western Pacific,2024,0_4,0-4,f,Female,1
sgp,Singapore,SGP,Western Pacific,2024,0_4,0-4,m,Male,0
sgp,Singapore,SGP,Western Pacific,2024,10_14,10-14,a,All sexes,2
sgp,Singapore,SGP,Western Pacific,2024,10_14,10-14,f,Female,2
sgp,Singapore,SGP,Western Pacific,2024,10_14,10-14,m,Male,0
sgp,Singapore,SGP,Western Pacific,2024,15_19,15-19,a,All sexes,18
sgp,Singapore,SGP,Western Pacific,2024,15_19,15-19,f,Female,10
sgp,Singapore,SGP,Western Pacific,2024,15_19,15-19,m,Male,8
sgp,Singapore,SGP,Western Pacific,2024,15_24,15-24,a,All sexes,140
sgp,Singapore,SGP,Western Pacific,2024,15_24,15-24,f,Female,46
sgp,Singapore,SGP,Western Pacific,2024,15_24,15-24,m,Male,90
sgp,Singapore,SGP,Western Pacific,2024,15plus,15+,a,All sexes,2500
sgp,Singapore,SGP,Western Pacific,2024,15plus,15+,f,Female,950
sgp,Singapore,SGP,Western Pacific,2024,15plus,15+,m,Male,1600
sgp,Singapore,SGP,Western Pacific,2024,20_24,20-24,a,All sexes,120
sgp,Singapore,SGP,Western Pacific,2024,20_24,20-24,f,Female,36
sgp,Singapore,SGP,Western Pacific,2024,20_24,20-24,m,Male,82
sgp,Singapore,SGP,Western Pacific,2024,25_34,25-34,a,All sexes,500
sgp,Singapore,SGP,Western Pacific,2024,25_34,25-34,f,Female,280
sgp,Singapore,SGP,Western Pacific,2024,25_34,25-34,m,Male,220
sgp,Singapore,SGP,Western Pacific,2024,35_44,35-44,a,All sexes,480
sgp,Singapore,SGP,Western Pacific,2024,35_44,35-44,f,Female,220
sgp,Singapore,SGP,Western Pacific,2024,35_44,35-44,m,Male,260
sgp,Singapore,SGP,Western Pacific,2024,45_54,45-54,a,All sexes,310
sgp,Singapore,SGP,Western Pacific,2024,45_54,45-54,f,Female,110
sgp,Singapore,SGP,Western Pacific,2024,45_54,45-54,m,Male,200
sgp,Singapore,SGP,Western Pacific,2024,55_64,55-64,a,All sexes,290
sgp,Singapore,SGP,Western Pacific,2024,55_64,55-64,f,Female,88
sgp,Singapore,SGP,Western Pacific,2024,55_64,55-64,m,Male,210
sgp,Singapore,SGP,Western Pacific,2024,5_14,5-14,a,All sexes,2
sgp,Singapore,SGP,Western Pacific,2024,5_14,5-14,f,Female,2
sgp,Singapore,SGP,Western Pacific,2024,5_14,5-14,m,Male,0
sgp,Singapore,SGP,Western Pacific,2024,5_9,5-9,a,All sexes,0
sgp,Singapore,SGP,Western Pacific,2024,5_9,5-9,f,Female,0
sgp,Singapore,SGP,Western Pacific,2024,5_9,5-9,m,Male,0
sgp,Singapore,SGP,Western Pacific,2024,65plus,65+,a,All sexes,800
sgp,Singapore,SGP,Western Pacific,2024,65plus,65+,f,Female,200
sgp,Singapore,SGP,Western Pacific,2024,65plus,65+,m,Male,600
sgp,Singapore,SGP,Western Pacific,2024,all,All ages,a,All sexes,2500
sgp,Singapore,SGP,Western Pacific,2024,all,All ages,f,Female,950
sgp,Singapore,SGP,Western Pacific,2024,all,All ages,m,Male,1600
svk,Slovakia,SVK,Europe,2024,0_14,0-14,a,All sexes,71
svk,Slovakia,SVK,Europe,2024,0_14,0-14,f,Female,38
svk,Slovakia,SVK,Europe,2024,0_14,0-14,m,Male,32
svk,Slovakia,SVK,Europe,2024,0_4,0-4,a,All sexes,31
svk,Slovakia,SVK,Europe,2024,0_4,0-4,f,Female,15
svk,Slovakia,SVK,Europe,2024,0_4,0-4,m,Male,17
svk,Slovakia,SVK,Europe,2024,10_14,10-14,a,All sexes,17
svk,Slovakia,SVK,Europe,2024,10_14,10-14,f,Female,9
svk,Slovakia,SVK,Europe,2024,10_14,10-14,m,Male,8
svk,Slovakia,SVK,Europe,2024,15_19,15-19,a,All sexes,13
svk,Slovakia,SVK,Europe,2024,15_19,15-19,f,Female,8
svk,Slovakia,SVK,Europe,2024,15_19,15-19,m,Male,5
svk,Slovakia,SVK,Europe,2024,15_24,15-24,a,All sexes,15
svk,Slovakia,SVK,Europe,2024,15_24,15-24,f,Female,8
svk,Slovakia,SVK,Europe,2024,15_24,15-24,m,Male,7
svk,Slovakia,SVK,Europe,2024,15plus,15+,a,All sexes,110
svk,Slovakia,SVK,Europe,2024,15plus,15+,f,Female,45
svk,Slovakia,SVK,Europe,2024,15plus,15+,m,Male,65
svk,Slovakia,SVK,Europe,2024,20_24,20-24,a,All sexes,2
svk,Slovakia,SVK,Europe,2024,20_24,20-24,f,Female,0
svk,Slovakia,SVK,Europe,2024,20_24,20-24,m,Male,2
svk,Slovakia,SVK,Europe,2024,25_34,25-34,a,All sexes,7
svk,Slovakia,SVK,Europe,2024,25_34,25-34,f,Female,3
svk,Slovakia,SVK,Europe,2024,25_34,25-34,m,Male,3
svk,Slovakia,SVK,Europe,2024,35_44,35-44,a,All sexes,14
svk,Slovakia,SVK,Europe,2024,35_44,35-44,f,Female,6
svk,Slovakia,SVK,Europe,2024,35_44,35-44,m,Male,8
svk,Slovakia,SVK,Europe,2024,45_54,45-54,a,All sexes,24
svk,Slovakia,SVK,Europe,2024,45_54,45-54,f,Female,5
svk,Slovakia,SVK,Europe,2024,45_54,45-54,m,Male,19
svk,Slovakia,SVK,Europe,2024,55_64,55-64,a,All sexes,20
svk,Slovakia,SVK,Europe,2024,55_64,55-64,f,Female,3
svk,Slovakia,SVK,Europe,2024,55_64,55-64,m,Male,17
svk,Slovakia,SVK,Europe,2024,5_14,5-14,a,All sexes,39
svk,Slovakia,SVK,Europe,2024,5_14,5-14,f,Female,24
svk,Slovakia,SVK,Europe,2024,5_14,5-14,m,Male,16
svk,Slovakia,SVK,Europe,2024,5_9,5-9,a,All sexes,23
svk,Slovakia,SVK,Europe,2024,5_9,5-9,f,Female,15
svk,Slovakia,SVK,Europe,2024,5_9,5-9,m,Male,8
svk,Slovakia,SVK,Europe,2024,65plus,65+,a,All sexes,29
svk,Slovakia,SVK,Europe,2024,65plus,65+,f,Female,18
svk,Slovakia,SVK,Europe,2024,65plus,65+,m,Male,10
svk,Slovakia,SVK,Europe,2024,all,All ages,a,All sexes,180
svk,Slovakia,SVK,Europe,2024,all,All ages,f,Female,83
svk,Slovakia,SVK,Europe,2024,all,All ages,m,Male,97
svn,Slovenia,SVN,Europe,2024,0_14,0-14,a,All sexes,1
svn,Slovenia,SVN,Europe,2024,0_14,0-14,f,Female,0
svn,Slovenia,SVN,Europe,2024,0_14,0-14,m,Male,1
svn,Slovenia,SVN,Europe,2024,0_4,0-4,a,All sexes,1
svn,Slovenia,SVN,Europe,2024,0_4,0-4,f,Female,0
svn,Slovenia,SVN,Europe,2024,0_4,0-4,m,Male,1
svn,Slovenia,SVN,Europe,2024,10_14,10-14,a,All sexes,0
svn,Slovenia,SVN,Europe,2024,10_14,10-14,f,Female,0
svn,Slovenia,SVN,Europe,2024,10_14,10-14,m,Male,0
svn,Slovenia,SVN,Europe,2024,15_19,15-19,a,All sexes,1
svn,Slovenia,SVN,Europe,2024,15_19,15-19,f,Female,1
svn,Slovenia,SVN,Europe,2024,15_19,15-19,m,Male,0
svn,Slovenia,SVN,Europe,2024,15_24,15-24,a,All sexes,2
svn,Slovenia,SVN,Europe,2024,15_24,15-24,f,Female,1
svn,Slovenia,SVN,Europe,2024,15_24,15-24,m,Male,1
svn,Slovenia,SVN,Europe,2024,15plus,15+,a,All sexes,53
svn,Slovenia,SVN,Europe,2024,15plus,15+,f,Female,25
svn,Slovenia,SVN,Europe,2024,15plus,15+,m,Male,28
svn,Slovenia,SVN,Europe,2024,20_24,20-24,a,All sexes,1
svn,Slovenia,SVN,Europe,2024,20_24,20-24,f,Female,0
svn,Slovenia,SVN,Europe,2024,20_24,20-24,m,Male,1
svn,Slovenia,SVN,Europe,2024,25_34,25-34,a,All sexes,5
svn,Slovenia,SVN,Europe,2024,25_34,25-34,f,Female,1
svn,Slovenia,SVN,Europe,2024,25_34,25-34,m,Male,4
svn,Slovenia,SVN,Europe,2024,35_44,35-44,a,All sexes,6
svn,Slovenia,SVN,Europe,2024,35_44,35-44,f,Female,4
svn,Slovenia,SVN,Europe,2024,35_44,35-44,m,Male,2
svn,Slovenia,SVN,Europe,2024,45_54,45-54,a,All sexes,5
svn,Slovenia,SVN,Europe,2024,45_54,45-54,f,Female,1
svn,Slovenia,SVN,Europe,2024,45_54,45-54,m,Male,4
svn,Slovenia,SVN,Europe,2024,55_64,55-64,a,All sexes,13
svn,Slovenia,SVN,Europe,2024,55_64,55-64,f,Female,5
svn,Slovenia,SVN,Europe,2024,55_64,55-64,m,Male,8
svn,Slovenia,SVN,Europe,2024,5_14,5-14,a,All sexes,0
svn,Slovenia,SVN,Europe,2024,5_14,5-14,f,Female,0
svn,Slovenia,SVN,Europe,2024,5_14,5-14,m,Male,0
svn,Slovenia,SVN,Europe,2024,5_9,5-9,a,All sexes,0
svn,Slovenia,SVN,Europe,2024,5_9,5-9,f,Female,0
svn,Slovenia,SVN,Europe,2024,5_9,5-9,m,Male,0
svn,Slovenia,SVN,Europe,2024,65plus,65+,a,All sexes,22
svn,Slovenia,SVN,Europe,2024,65plus,65+,f,Female,13
svn,Slovenia,SVN,Europe,2024,65plus,65+,m,Male,9
svn,Slovenia,SVN,Europe,2024,all,All ages,a,All sexes,54
svn,Slovenia,SVN,Europe,2024,all,All ages,f,Female,25
svn,Slovenia,SVN,Europe,2024,all,All ages,m,Male,29
slb,Solomon Islands,SLB,Western Pacific,2024,0_14,0-14,a,All sexes,60
slb,Solomon Islands,SLB,Western Pacific,2024,0_14,0-14,f,Female,38
slb,Solomon Islands,SLB,Western Pacific,2024,0_14,0-14,m,Male,22
slb,Solomon Islands,SLB,Western Pacific,2024,0_4,0-4,a,All sexes,22
slb,Solomon Islands,SLB,Western Pacific,2024,0_4,0-4,f,Female,18
slb,Solomon Islands,SLB,Western Pacific,2024,0_4,0-4,m,Male,4
slb,Solomon Islands,SLB,Western Pacific,2024,10_14,10-14,a,All sexes,20
slb,Solomon Islands,SLB,Western Pacific,2024,10_14,10-14,f,Female,11
slb,Solomon Islands,SLB,Western Pacific,2024,10_14,10-14,m,Male,9
slb,Solomon Islands,SLB,Western Pacific,2024,15_19,15-19,a,All sexes,130
slb,Solomon Islands,SLB,Western Pacific,2024,15_19,15-19,f,Female,73
slb,Solomon Islands,SLB,Western Pacific,2024,15_19,15-19,m,Male,53
slb,Solomon Islands,SLB,Western Pacific,2024,15_24,15-24,a,All sexes,250
slb,Solomon Islands,SLB,Western Pacific,2024,15_24,15-24,f,Female,150
slb,Solomon Islands,SLB,Western Pacific,2024,15_24,15-24,m,Male,110
slb,Solomon Islands,SLB,Western Pacific,2024,15plus,15+,a,All sexes,950
slb,Solomon Islands,SLB,Western Pacific,2024,15plus,15+,f,Female,480
slb,Solomon Islands,SLB,Western Pacific,2024,15plus,15+,m,Male,460
slb,Solomon Islands,SLB,Western Pacific,2024,20_24,20-24,a,All sexes,130
slb,Solomon Islands,SLB,Western Pacific,2024,20_24,20-24,f,Female,73
slb,Solomon Islands,SLB,Western Pacific,2024,20_24,20-24,m,Male,53
slb,Solomon Islands,SLB,Western Pacific,2024,25_34,25-34,a,All sexes,170
slb,Solomon Islands,SLB,Western Pacific,2024,25_34,25-34,f,Female,100
slb,Solomon Islands,SLB,Western Pacific,2024,25_34,25-34,m,Male,71
slb,Solomon Islands,SLB,Western Pacific,2024,35_44,35-44,a,All sexes,150
slb,Solomon Islands,SLB,Western Pacific,2024,35_44,35-44,f,Female,73
slb,Solomon Islands,SLB,Western Pacific,2024,35_44,35-44,m,Male,76
slb,Solomon Islands,SLB,Western Pacific,2024,45_54,45-54,a,All sexes,180
slb,Solomon Islands,SLB,Western Pacific,2024,45_54,45-54,f,Female,73
slb,Solomon Islands,SLB,Western Pacific,2024,45_54,45-54,m,Male,100
slb,Solomon Islands,SLB,Western Pacific,2024,55_64,55-64,a,All sexes,120
slb,Solomon Islands,SLB,Western Pacific,2024,55_64,55-64,f,Female,53
slb,Solomon Islands,SLB,Western Pacific,2024,55_64,55-64,m,Male,67
slb,Solomon Islands,SLB,Western Pacific,2024,5_14,5-14,a,All sexes,38
slb,Solomon Islands,SLB,Western Pacific,2024,5_14,5-14,f,Female,20
slb,Solomon Islands,SLB,Western Pacific,2024,5_14,5-14,m,Male,18
slb,Solomon Islands,SLB,Western Pacific,2024,5_9,5-9,a,All sexes,18
slb,Solomon Islands,SLB,Western Pacific,2024,5_9,5-9,f,Female,9
slb,Solomon Islands,SLB,Western Pacific,2024,5_9,5-9,m,Male,9
slb,Solomon Islands,SLB,Western Pacific,2024,65plus,65+,a,All sexes,76
slb,Solomon Islands,SLB,Western Pacific,2024,65plus,65+,f,Female,38
slb,Solomon Islands,SLB,Western Pacific,2024,65plus,65+,m,Male,38
slb,Solomon Islands,SLB,Western Pacific,2024,all,All ages,a,All sexes,1000
slb,Solomon Islands,SLB,Western Pacific,2024,all,All ages,f,Female,520
slb,Solomon Islands,SLB,Western Pacific,2024,all,All ages,m,Male,480
som,Somalia,SOM,Eastern Mediterranean,2024,0_14,0-14,a,All sexes,5900
som,Somalia,SOM,Eastern Mediterranean,2024,0_14,0-14,f,Female,2800
som,Somalia,SOM,Eastern Mediterranean,2024,0_14,0-14,m,Male,3100
som,Somalia,SOM,Eastern Mediterranean,2024,0_4,0-4,a,All sexes,3100
som,Somalia,SOM,Eastern Mediterranean,2024,0_4,0-4,f,Female,1400
som,Somalia,SOM,Eastern Mediterranean,2024,0_4,0-4,m,Male,1700
som,Somalia,SOM,Eastern Mediterranean,2024,10_14,10-14,a,All sexes,1600
som,Somalia,SOM,Eastern Mediterranean,2024,10_14,10-14,f,Female,780
som,Somalia,SOM,Eastern Mediterranean,2024,10_14,10-14,m,Male,800
som,Somalia,SOM,Eastern Mediterranean,2024,15_19,15-19,a,All sexes,2100
som,Somalia,SOM,Eastern Mediterranean,2024,15_19,15-19,f,Female,860
som,Somalia,SOM,Eastern Mediterranean,2024,15_19,15-19,m,Male,1300
som,Somalia,SOM,Eastern Mediterranean,2024,15_24,15-24,a,All sexes,4800
som,Somalia,SOM,Eastern Mediterranean,2024,15_24,15-24,f,Female,1900
som,Somalia,SOM,Eastern Mediterranean,2024,15_24,15-24,m,Male,2800
som,Somalia,SOM,Eastern Mediterranean,2024,15plus,15+,a,All sexes,23000
som,Somalia,SOM,Eastern Mediterranean,2024,15plus,15+,f,Female,9600
som,Somalia,SOM,Eastern Mediterranean,2024,15plus,15+,m,Male,13000
som,Somalia,SOM,Eastern Mediterranean,2024,20_24,20-24,a,All sexes,2700
som,Somalia,SOM,Eastern Mediterranean,2024,20_24,20-24,f,Female,1100
som,Somalia,SOM,Eastern Mediterranean,2024,20_24,20-24,m,Male,1600
som,Somalia,SOM,Eastern Mediterranean,2024,25_34,25-34,a,All sexes,4900
som,Somalia,SOM,Eastern Mediterranean,2024,25_34,25-34,f,Female,2000
som,Somalia,SOM,Eastern Mediterranean,2024,25_34,25-34,m,Male,2900
som,Somalia,SOM,Eastern Mediterranean,2024,35_44,35-44,a,All sexes,4200
som,Somalia,SOM,Eastern Mediterranean,2024,35_44,35-44,f,Female,1800
som,Somalia,SOM,Eastern Mediterranean,2024,35_44,35-44,m,Male,2400
som,Somalia,SOM,Eastern Mediterranean,2024,45_54,45-54,a,All sexes,3200
som,Somalia,SOM,Eastern Mediterranean,2024,45_54,45-54,f,Female,1400
som,Somalia,SOM,Eastern Mediterranean,2024,45_54,45-54,m,Male,1900
som,Somalia,SOM,Eastern Mediterranean,2024,55_64,55-64,a,All sexes,2600
som,Somalia,SOM,Eastern Mediterranean,2024,55_64,55-64,f,Female,1100
som,Somalia,SOM,Eastern Mediterranean,2024,55_64,55-64,m,Male,1500
som,Somalia,SOM,Eastern Mediterranean,2024,5_14,5-14,a,All sexes,2800
som,Somalia,SOM,Eastern Mediterranean,2024,5_14,5-14,f,Female,1400
som,Somalia,SOM,Eastern Mediterranean,2024,5_14,5-14,m,Male,1400
som,Somalia,SOM,Eastern Mediterranean,2024,5_9,5-9,a,All sexes,1300
som,Somalia,SOM,Eastern Mediterranean,2024,5_9,5-9,f,Female,630
som,Somalia,SOM,Eastern Mediterranean,2024,5_9,5-9,m,Male,630
som,Somalia,SOM,Eastern Mediterranean,2024,65plus,65+,a,All sexes,3000
som,Somalia,SOM,Eastern Mediterranean,2024,65plus,65+,f,Female,1300
som,Somalia,SOM,Eastern Mediterranean,2024,65plus,65+,m,Male,1700
som,Somalia,SOM,Eastern Mediterranean,2024,all,All ages,a,All sexes,29000
som,Somalia,SOM,Eastern Mediterranean,2024,all,All ages,f,Female,12000
som,Somalia,SOM,Eastern Mediterranean,2024,all,All ages,m,Male,16000
zaf,South Africa,ZAF,Africa,2024,0_14,0-14,a,All sexes,22000
zaf,South Africa,ZAF,Africa,2024,0_14,0-14,f,Female,11000
zaf,South Africa,ZAF,Africa,2024,0_14,0-14,m,Male,11000
zaf,South Africa,ZAF,Africa,2024,0_4,0-4,a,All sexes,12000
zaf,South Africa,ZAF,Africa,2024,0_4,0-4,f,Female,5800
zaf,South Africa,ZAF,Africa,2024,0_4,0-4,m,Male,6600
zaf,South Africa,ZAF,Africa,2024,10_14,10-14,a,All sexes,4900
zaf,South Africa,ZAF,Africa,2024,10_14,10-14,f,Female,2500
zaf,South Africa,ZAF,Africa,2024,10_14,10-14,m,Male,2400
zaf,South Africa,ZAF,Africa,2024,15_19,15-19,a,All sexes,13000
zaf,South Africa,ZAF,Africa,2024,15_19,15-19,f,Female,6100
zaf,South Africa,ZAF,Africa,2024,15_19,15-19,m,Male,7000
zaf,South Africa,ZAF,Africa,2024,15_24,15-24,a,All sexes,30000
zaf,South Africa,ZAF,Africa,2024,15_24,15-24,f,Female,14000
zaf,South Africa,ZAF,Africa,2024,15_24,15-24,m,Male,16000
zaf,South Africa,ZAF,Africa,2024,15plus,15+,a,All sexes,227000
zaf,South Africa,ZAF,Africa,2024,15plus,15+,f,Female,101000
zaf,South Africa,ZAF,Africa,2024,15plus,15+,m,Male,126000
zaf,South Africa,ZAF,Africa,2024,20_24,20-24,a,All sexes,17000
zaf,South Africa,ZAF,Africa,2024,20_24,20-24,f,Female,8100
zaf,South Africa,ZAF,Africa,2024,20_24,20-24,m,Male,8700
zaf,South Africa,ZAF,Africa,2024,25_34,25-34,a,All sexes,52000
zaf,South Africa,ZAF,Africa,2024,25_34,25-34,f,Female,24000
zaf,South Africa,ZAF,Africa,2024,25_34,25-34,m,Male,28000
zaf,South Africa,ZAF,Africa,2024,35_44,35-44,a,All sexes,60000
zaf,South Africa,ZAF,Africa,2024,35_44,35-44,f,Female,26000
zaf,South Africa,ZAF,Africa,2024,35_44,35-44,m,Male,34000
zaf,South Africa,ZAF,Africa,2024,45_54,45-54,a,All sexes,40000
zaf,South Africa,ZAF,Africa,2024,45_54,45-54,f,Female,17000
zaf,South Africa,ZAF,Africa,2024,45_54,45-54,m,Male,23000
zaf,South Africa,ZAF,Africa,2024,55_64,55-64,a,All sexes,25000
zaf,South Africa,ZAF,Africa,2024,55_64,55-64,f,Female,11000
zaf,South Africa,ZAF,Africa,2024,55_64,55-64,m,Male,15000
zaf,South Africa,ZAF,Africa,2024,5_14,5-14,a,All sexes,9300
zaf,South Africa,ZAF,Africa,2024,5_14,5-14,f,Female,4700
zaf,South Africa,ZAF,Africa,2024,5_14,5-14,m,Male,4600
zaf,South Africa,ZAF,Africa,2024,5_9,5-9,a,All sexes,4400
zaf,South Africa,ZAF,Africa,2024,5_9,5-9,f,Female,2200
zaf,South Africa,ZAF,Africa,2024,5_9,5-9,m,Male,2200
zaf,South Africa,ZAF,Africa,2024,65plus,65+,a,All sexes,21000
zaf,South Africa,ZAF,Africa,2024,65plus,65+,f,Female,9800
zaf,South Africa,ZAF,Africa,2024,65plus,65+,m,Male,11000
zaf,South Africa,ZAF,Africa,2024,all,All ages,a,All sexes,249000
zaf,South Africa,ZAF,Africa,2024,all,All ages,f,Female,112000
zaf,South Africa,ZAF,Africa,2024,all,All ages,m,Male,137000
kor,South Korea,KOR,Western Pacific,2024,0_14,0-14,a,All sexes,29
kor,South Korea,KOR,Western Pacific,2024,0_14,0-14,f,Female,14
kor,South Korea,KOR,Western Pacific,2024,0_14,0-14,m,Male,15
kor,South Korea,KOR,Western Pacific,2024,0_4,0-4,a,All sexes,4
kor,South Korea,KOR,Western Pacific,2024,0_4,0-4,f,Female,3
kor,South Korea,KOR,Western Pacific,2024,0_4,0-4,m,Male,1
kor,South Korea,KOR,Western Pacific,2024,10_14,10-14,a,All sexes,18
kor,South Korea,KOR,Western Pacific,2024,10_14,10-14,f,Female,10
kor,South Korea,KOR,Western Pacific,2024,10_14,10-14,m,Male,9
kor,South Korea,KOR,Western Pacific,2024,15_19,15-19,a,All sexes,110
kor,South Korea,KOR,Western Pacific,2024,15_19,15-19,f,Female,49
kor,South Korea,KOR,Western Pacific,2024,15_19,15-19,m,Male,60
kor,South Korea,KOR,Western Pacific,2024,15_24,15-24,a,All sexes,340
kor,South Korea,KOR,Western Pacific,2024,15_24,15-24,f,Female,160
kor,South Korea,KOR,Western Pacific,2024,15_24,15-24,m,Male,180
kor,South Korea,KOR,Western Pacific,2024,15plus,15+,a,All sexes,18000
kor,South Korea,KOR,Western Pacific,2024,15plus,15+,f,Female,6800
kor,South Korea,KOR,Western Pacific,2024,15plus,15+,m,Male,11000
kor,South Korea,KOR,Western Pacific,2024,20_24,20-24,a,All sexes,240
kor,South Korea,KOR,Western Pacific,2024,20_24,20-24,f,Female,110
kor,South Korea,KOR,Western Pacific,2024,20_24,20-24,m,Male,120
kor,South Korea,KOR,Western Pacific,2024,25_34,25-34,a,All sexes,880
kor,South Korea,KOR,Western Pacific,2024,25_34,25-34,f,Female,380
kor,South Korea,KOR,Western Pacific,2024,25_34,25-34,m,Male,500
kor,South Korea,KOR,Western Pacific,2024,35_44,35-44,a,All sexes,1100
kor,South Korea,KOR,Western Pacific,2024,35_44,35-44,f,Female,460
kor,South Korea,KOR,Western Pacific,2024,35_44,35-44,m,Male,640
kor,South Korea,KOR,Western Pacific,2024,45_54,45-54,a,All sexes,1900
kor,South Korea,KOR,Western Pacific,2024,45_54,45-54,f,Female,640
kor,South Korea,KOR,Western Pacific,2024,45_54,45-54,m,Male,1200
kor,South Korea,KOR,Western Pacific,2024,55_64,55-64,a,All sexes,3200
kor,South Korea,KOR,Western Pacific,2024,55_64,55-64,f,Female,830
kor,South Korea,KOR,Western Pacific,2024,55_64,55-64,m,Male,2300
kor,South Korea,KOR,Western Pacific,2024,5_14,5-14,a,All sexes,25
kor,South Korea,KOR,Western Pacific,2024,5_14,5-14,f,Female,11
kor,South Korea,KOR,Western Pacific,2024,5_14,5-14,m,Male,14
kor,South Korea,KOR,Western Pacific,2024,5_9,5-9,a,All sexes,6
kor,South Korea,KOR,Western Pacific,2024,5_9,5-9,f,Female,1
kor,South Korea,KOR,Western Pacific,2024,5_9,5-9,m,Male,5
kor,South Korea,KOR,Western Pacific,2024,65plus,65+,a,All sexes,11000
kor,South Korea,KOR,Western Pacific,2024,65plus,65+,f,Female,4300
kor,South Korea,KOR,Western Pacific,2024,65plus,65+,m,Male,6200
kor,South Korea,KOR,Western Pacific,2024,all,All ages,a,All sexes,18000
kor,South Korea,KOR,Western Pacific,2024,all,All ages,f,Female,6800
kor,South Korea,KOR,Western Pacific,2024,all,All ages,m,Male,11000
ssd,South Sudan,SSD,Africa,2024,0_14,0-14,a,All sexes,4900
ssd,South Sudan,SSD,Africa,2024,0_14,0-14,f,Female,2300
ssd,South Sudan,SSD,Africa,2024,0_14,0-14,m,Male,2600
ssd,South Sudan,SSD,Africa,2024,0_4,0-4,a,All sexes,2100
ssd,South Sudan,SSD,Africa,2024,0_4,0-4,f,Female,960
ssd,South Sudan,SSD,Africa,2024,0_4,0-4,m,Male,1200
ssd,South Sudan,SSD,Africa,2024,10_14,10-14,a,All sexes,1400
ssd,South Sudan,SSD,Africa,2024,10_14,10-14,f,Female,710
ssd,South Sudan,SSD,Africa,2024,10_14,10-14,m,Male,730
ssd,South Sudan,SSD,Africa,2024,15_19,15-19,a,All sexes,2800
ssd,South Sudan,SSD,Africa,2024,15_19,15-19,f,Female,1200
ssd,South Sudan,SSD,Africa,2024,15_19,15-19,m,Male,1600
ssd,South Sudan,SSD,Africa,2024,15_24,15-24,a,All sexes,6000
ssd,South Sudan,SSD,Africa,2024,15_24,15-24,f,Female,2500
ssd,South Sudan,SSD,Africa,2024,15_24,15-24,m,Male,3500
ssd,South Sudan,SSD,Africa,2024,15plus,15+,a,All sexes,33000
ssd,South Sudan,SSD,Africa,2024,15plus,15+,f,Female,13000
ssd,South Sudan,SSD,Africa,2024,15plus,15+,m,Male,20000
ssd,South Sudan,SSD,Africa,2024,20_24,20-24,a,All sexes,3300
ssd,South Sudan,SSD,Africa,2024,20_24,20-24,f,Female,1400
ssd,South Sudan,SSD,Africa,2024,20_24,20-24,m,Male,1900
ssd,South Sudan,SSD,Africa,2024,25_34,25-34,a,All sexes,7600
ssd,South Sudan,SSD,Africa,2024,25_34,25-34,f,Female,3100
ssd,South Sudan,SSD,Africa,2024,25_34,25-34,m,Male,4500
ssd,South Sudan,SSD,Africa,2024,35_44,35-44,a,All sexes,7300
ssd,South Sudan,SSD,Africa,2024,35_44,35-44,f,Female,2900
ssd,South Sudan,SSD,Africa,2024,35_44,35-44,m,Male,4400
ssd,South Sudan,SSD,Africa,2024,45_54,45-54,a,All sexes,5500
ssd,South Sudan,SSD,Africa,2024,45_54,45-54,f,Female,2200
ssd,South Sudan,SSD,Africa,2024,45_54,45-54,m,Male,3300
ssd,South Sudan,SSD,Africa,2024,55_64,55-64,a,All sexes,3700
ssd,South Sudan,SSD,Africa,2024,55_64,55-64,f,Female,1500
ssd,South Sudan,SSD,Africa,2024,55_64,55-64,m,Male,2200
ssd,South Sudan,SSD,Africa,2024,5_14,5-14,a,All sexes,2800
ssd,South Sudan,SSD,Africa,2024,5_14,5-14,f,Female,1400
ssd,South Sudan,SSD,Africa,2024,5_14,5-14,m,Male,1400
ssd,South Sudan,SSD,Africa,2024,5_9,5-9,a,All sexes,1300
ssd,South Sudan,SSD,Africa,2024,5_9,5-9,f,Female,650
ssd,South Sudan,SSD,Africa,2024,5_9,5-9,m,Male,680
ssd,South Sudan,SSD,Africa,2024,65plus,65+,a,All sexes,3100
ssd,South Sudan,SSD,Africa,2024,65plus,65+,f,Female,1300
ssd,South Sudan,SSD,Africa,2024,65plus,65+,m,Male,1800
ssd,South Sudan,SSD,Africa,2024,all,All ages,a,All sexes,38000
ssd,South Sudan,SSD,Africa,2024,all,All ages,f,Female,16000
ssd,South Sudan,SSD,Africa,2024,all,All ages,m,Male,22000
esp,Spain,ESP,Europe,2024,0_14,0-14,a,All sexes,240
esp,Spain,ESP,Europe,2024,0_14,0-14,f,Female,110
esp,Spain,ESP,Europe,2024,0_14,0-14,m,Male,130
esp,Spain,ESP,Europe,2024,0_4,0-4,a,All sexes,92
esp,Spain,ESP,Europe,2024,0_4,0-4,f,Female,41
esp,Spain,ESP,Europe,2024,0_4,0-4,m,Male,51
esp,Spain,ESP,Europe,2024,10_14,10-14,a,All sexes,91
esp,Spain,ESP,Europe,2024,10_14,10-14,f,Female,41
esp,Spain,ESP,Europe,2024,10_14,10-14,m,Male,49
esp,Spain,ESP,Europe,2024,15_19,15-19,a,All sexes,140
esp,Spain,ESP,Europe,2024,15_19,15-19,f,Female,54
esp,Spain,ESP,Europe,2024,15_19,15-19,m,Male,86
esp,Spain,ESP,Europe,2024,15_24,15-24,a,All sexes,430
esp,Spain,ESP,Europe,2024,15_24,15-24,f,Female,150
esp,Spain,ESP,Europe,2024,15_24,15-24,m,Male,280
esp,Spain,ESP,Europe,2024,15plus,15+,a,All sexes,3600
esp,Spain,ESP,Europe,2024,15plus,15+,f,Female,1200
esp,Spain,ESP,Europe,2024,15plus,15+,m,Male,2300
esp,Spain,ESP,Europe,2024,20_24,20-24,a,All sexes,290
esp,Spain,ESP,Europe,2024,20_24,20-24,f,Female,98
esp,Spain,ESP,Europe,2024,20_24,20-24,m,Male,190
esp,Spain,ESP,Europe,2024,25_34,25-34,a,All sexes,610
esp,Spain,ESP,Europe,2024,25_34,25-34,f,Female,220
esp,Spain,ESP,Europe,2024,25_34,25-34,m,Male,380
esp,Spain,ESP,Europe,2024,35_44,35-44,a,All sexes,620
esp,Spain,ESP,Europe,2024,35_44,35-44,f,Female,240
esp,Spain,ESP,Europe,2024,35_44,35-44,m,Male,380
esp,Spain,ESP,Europe,2024,45_54,45-54,a,All sexes,570
esp,Spain,ESP,Europe,2024,45_54,45-54,f,Female,190
esp,Spain,ESP,Europe,2024,45_54,45-54,m,Male,380
esp,Spain,ESP,Europe,2024,55_64,55-64,a,All sexes,530
esp,Spain,ESP,Europe,2024,55_64,55-64,f,Female,130
esp,Spain,ESP,Europe,2024,55_64,55-64,m,Male,400
esp,Spain,ESP,Europe,2024,5_14,5-14,a,All sexes,150
esp,Spain,ESP,Europe,2024,5_14,5-14,f,Female,66
esp,Spain,ESP,Europe,2024,5_14,5-14,m,Male,82
esp,Spain,ESP,Europe,2024,5_9,5-9,a,All sexes,58
esp,Spain,ESP,Europe,2024,5_9,5-9,f,Female,25
esp,Spain,ESP,Europe,2024,5_9,5-9,m,Male,33
esp,Spain,ESP,Europe,2024,65plus,65+,a,All sexes,810
esp,Spain,ESP,Europe,2024,65plus,65+,f,Female,270
esp,Spain,ESP,Europe,2024,65plus,65+,m,Male,530
esp,Spain,ESP,Europe,2024,all,All ages,a,All sexes,3800
esp,Spain,ESP,Europe,2024,all,All ages,f,Female,1300
esp,Spain,ESP,Europe,2024,all,All ages,m,Male,2500
lka,Sri Lanka,LKA,South-East Asia,2024,0_14,0-14,a,All sexes,700
lka,Sri Lanka,LKA,South-East Asia,2024,0_14,0-14,f,Female,330
lka,Sri Lanka,LKA,South-East Asia,2024,0_14,0-14,m,Male,360
lka,Sri Lanka,LKA,South-East Asia,2024,0_4,0-4,a,All sexes,320
lka,Sri Lanka,LKA,South-East Asia,2024,0_4,0-4,f,Female,150
lka,Sri Lanka,LKA,South-East Asia,2024,0_4,0-4,m,Male,180
lka,Sri Lanka,LKA,South-East Asia,2024,10_14,10-14,a,All sexes,220
lka,Sri Lanka,LKA,South-East Asia,2024,10_14,10-14,f,Female,110
lka,Sri Lanka,LKA,South-East Asia,2024,10_14,10-14,m,Male,110
lka,Sri Lanka,LKA,South-East Asia,2024,15_19,15-19,a,All sexes,540
lka,Sri Lanka,LKA,South-East Asia,2024,15_19,15-19,f,Female,240
lka,Sri Lanka,LKA,South-East Asia,2024,15_19,15-19,m,Male,300
lka,Sri Lanka,LKA,South-East Asia,2024,15_24,15-24,a,All sexes,1300
lka,Sri Lanka,LKA,South-East Asia,2024,15_24,15-24,f,Female,580
lka,Sri Lanka,LKA,South-East Asia,2024,15_24,15-24,m,Male,730
lka,Sri Lanka,LKA,South-East Asia,2024,15plus,15+,a,All sexes,13000
lka,Sri Lanka,LKA,South-East Asia,2024,15plus,15+,f,Female,4400
lka,Sri Lanka,LKA,South-East Asia,2024,15plus,15+,m,Male,8500
lka,Sri Lanka,LKA,South-East Asia,2024,20_24,20-24,a,All sexes,770
lka,Sri Lanka,LKA,South-East Asia,2024,20_24,20-24,f,Female,340
lka,Sri Lanka,LKA,South-East Asia,2024,20_24,20-24,m,Male,430
lka,Sri Lanka,LKA,South-East Asia,2024,25_34,25-34,a,All sexes,1600
lka,Sri Lanka,LKA,South-East Asia,2024,25_34,25-34,f,Female,600
lka,Sri Lanka,LKA,South-East Asia,2024,25_34,25-34,m,Male,1000
lka,Sri Lanka,LKA,South-East Asia,2024,35_44,35-44,a,All sexes,1900
lka,Sri Lanka,LKA,South-East Asia,2024,35_44,35-44,f,Female,600
lka,Sri Lanka,LKA,South-East Asia,2024,35_44,35-44,m,Male,1300
lka,Sri Lanka,LKA,South-East Asia,2024,45_54,45-54,a,All sexes,2400
lka,Sri Lanka,LKA,South-East Asia,2024,45_54,45-54,f,Female,760
lka,Sri Lanka,LKA,South-East Asia,2024,45_54,45-54,m,Male,1700
lka,Sri Lanka,LKA,South-East Asia,2024,55_64,55-64,a,All sexes,2700
lka,Sri Lanka,LKA,South-East Asia,2024,55_64,55-64,f,Female,830
lka,Sri Lanka,LKA,South-East Asia,2024,55_64,55-64,m,Male,1900
lka,Sri Lanka,LKA,South-East Asia,2024,5_14,5-14,a,All sexes,370
lka,Sri Lanka,LKA,South-East Asia,2024,5_14,5-14,f,Female,190
lka,Sri Lanka,LKA,South-East Asia,2024,5_14,5-14,m,Male,190
lka,Sri Lanka,LKA,South-East Asia,2024,5_9,5-9,a,All sexes,150
lka,Sri Lanka,LKA,South-East Asia,2024,5_9,5-9,f,Female,78
lka,Sri Lanka,LKA,South-East Asia,2024,5_9,5-9,m,Male,77
lka,Sri Lanka,LKA,South-East Asia,2024,65plus,65+,a,All sexes,3000
lka,Sri Lanka,LKA,South-East Asia,2024,65plus,65+,f,Female,1000
lka,Sri Lanka,LKA,South-East Asia,2024,65plus,65+,m,Male,1900
lka,Sri Lanka,LKA,South-East Asia,2024,all,All ages,a,All sexes,14000
lka,Sri Lanka,LKA,South-East Asia,2024,all,All ages,f,Female,4700
lka,Sri Lanka,LKA,South-East Asia,2024,all,All ages,m,Male,8900
sdn,Sudan,SDN,Eastern Mediterranean,2024,0_14,0-14,a,All sexes,3800
sdn,Sudan,SDN,Eastern Mediterranean,2024,0_14,0-14,f,Female,1700
sdn,Sudan,SDN,Eastern Mediterranean,2024,0_14,0-14,m,Male,2000
sdn,Sudan,SDN,Eastern Mediterranean,2024,0_4,0-4,a,All sexes,1900
sdn,Sudan,SDN,Eastern Mediterranean,2024,0_4,0-4,f,Female,820
sdn,Sudan,SDN,Eastern Mediterranean,2024,0_4,0-4,m,Male,1000
sdn,Sudan,SDN,Eastern Mediterranean,2024,10_14,10-14,a,All sexes,1100
sdn,Sudan,SDN,Eastern Mediterranean,2024,10_14,10-14,f,Female,510
sdn,Sudan,SDN,Eastern Mediterranean,2024,10_14,10-14,m,Male,560
sdn,Sudan,SDN,Eastern Mediterranean,2024,15_19,15-19,a,All sexes,1400
sdn,Sudan,SDN,Eastern Mediterranean,2024,15_19,15-19,f,Female,520
sdn,Sudan,SDN,Eastern Mediterranean,2024,15_19,15-19,m,Male,830
sdn,Sudan,SDN,Eastern Mediterranean,2024,15_24,15-24,a,All sexes,3100
sdn,Sudan,SDN,Eastern Mediterranean,2024,15_24,15-24,f,Female,1200
sdn,Sudan,SDN,Eastern Mediterranean,2024,15_24,15-24,m,Male,1900
sdn,Sudan,SDN,Eastern Mediterranean,2024,15plus,15+,a,All sexes,20000
sdn,Sudan,SDN,Eastern Mediterranean,2024,15plus,15+,f,Female,7800
sdn,Sudan,SDN,Eastern Mediterranean,2024,15plus,15+,m,Male,12000
sdn,Sudan,SDN,Eastern Mediterranean,2024,20_24,20-24,a,All sexes,1800
sdn,Sudan,SDN,Eastern Mediterranean,2024,20_24,20-24,f,Female,710
sdn,Sudan,SDN,Eastern Mediterranean,2024,20_24,20-24,m,Male,1100
sdn,Sudan,SDN,Eastern Mediterranean,2024,25_34,25-34,a,All sexes,4600
sdn,Sudan,SDN,Eastern Mediterranean,2024,25_34,25-34,f,Female,1600
sdn,Sudan,SDN,Eastern Mediterranean,2024,25_34,25-34,m,Male,2900
sdn,Sudan,SDN,Eastern Mediterranean,2024,35_44,35-44,a,All sexes,3900
sdn,Sudan,SDN,Eastern Mediterranean,2024,35_44,35-44,f,Female,1600
sdn,Sudan,SDN,Eastern Mediterranean,2024,35_44,35-44,m,Male,2300
sdn,Sudan,SDN,Eastern Mediterranean,2024,45_54,45-54,a,All sexes,3200
sdn,Sudan,SDN,Eastern Mediterranean,2024,45_54,45-54,f,Female,1300
sdn,Sudan,SDN,Eastern Mediterranean,2024,45_54,45-54,m,Male,1900
sdn,Sudan,SDN,Eastern Mediterranean,2024,55_64,55-64,a,All sexes,2500
sdn,Sudan,SDN,Eastern Mediterranean,2024,55_64,55-64,f,Female,1000
sdn,Sudan,SDN,Eastern Mediterranean,2024,55_64,55-64,m,Male,1500
sdn,Sudan,SDN,Eastern Mediterranean,2024,5_14,5-14,a,All sexes,1900
sdn,Sudan,SDN,Eastern Mediterranean,2024,5_14,5-14,f,Female,910
sdn,Sudan,SDN,Eastern Mediterranean,2024,5_14,5-14,m,Male,1000
sdn,Sudan,SDN,Eastern Mediterranean,2024,5_9,5-9,a,All sexes,840
sdn,Sudan,SDN,Eastern Mediterranean,2024,5_9,5-9,f,Female,400
sdn,Sudan,SDN,Eastern Mediterranean,2024,5_9,5-9,m,Male,440
sdn,Sudan,SDN,Eastern Mediterranean,2024,65plus,65+,a,All sexes,2700
sdn,Sudan,SDN,Eastern Mediterranean,2024,65plus,65+,f,Female,1000
sdn,Sudan,SDN,Eastern Mediterranean,2024,65plus,65+,m,Male,1700
sdn,Sudan,SDN,Eastern Mediterranean,2024,all,All ages,a,All sexes,24000
sdn,Sudan,SDN,Eastern Mediterranean,2024,all,All ages,f,Female,9500
sdn,Sudan,SDN,Eastern Mediterranean,2024,all,All ages,m,Male,14000
sur,Suriname,SUR,Americas,2024,0_14,0-14,a,All sexes,11
sur,Suriname,SUR,Americas,2024,0_14,0-14,f,Female,8
sur,Suriname,SUR,Americas,2024,0_14,0-14,m,Male,3
sur,Suriname,SUR,Americas,2024,0_4,0-4,a,All sexes,8
sur,Suriname,SUR,Americas,2024,0_4,0-4,f,Female,7
sur,Suriname,SUR,Americas,2024,0_4,0-4,m,Male,2
sur,Suriname,SUR,Americas,2024,10_14,10-14,a,All sexes,3
sur,Suriname,SUR,Americas,2024,10_14,10-14,f,Female,2
sur,Suriname,SUR,Americas,2024,10_14,10-14,m,Male,2
sur,Suriname,SUR,Americas,2024,15_19,15-19,a,All sexes,10
sur,Suriname,SUR,Americas,2024,15_19,15-19,f,Female,2
sur,Suriname,SUR,Americas,2024,15_19,15-19,m,Male,8
sur,Suriname,SUR,Americas,2024,15_24,15-24,a,All sexes,23
sur,Suriname,SUR,Americas,2024,15_24,15-24,f,Female,8
sur,Suriname,SUR,Americas,2024,15_24,15-24,m,Male,15
sur,Suriname,SUR,Americas,2024,15plus,15+,a,All sexes,200
sur,Suriname,SUR,Americas,2024,15plus,15+,f,Female,47
sur,Suriname,SUR,Americas,2024,15plus,15+,m,Male,160
sur,Suriname,SUR,Americas,2024,20_24,20-24,a,All sexes,13
sur,Suriname,SUR,Americas,2024,20_24,20-24,f,Female,7
sur,Suriname,SUR,Americas,2024,20_24,20-24,m,Male,7
sur,Suriname,SUR,Americas,2024,25_34,25-34,a,All sexes,26
sur,Suriname,SUR,Americas,2024,25_34,25-34,f,Female,10
sur,Suriname,SUR,Americas,2024,25_34,25-34,m,Male,16
sur,Suriname,SUR,Americas,2024,35_44,35-44,a,All sexes,57
sur,Suriname,SUR,Americas,2024,35_44,35-44,f,Female,8
sur,Suriname,SUR,Americas,2024,35_44,35-44,m,Male,49
sur,Suriname,SUR,Americas,2024,45_54,45-54,a,All sexes,39
sur,Suriname,SUR,Americas,2024,45_54,45-54,f,Female,10
sur,Suriname,SUR,Americas,2024,45_54,45-54,m,Male,29
sur,Suriname,SUR,Americas,2024,55_64,55-64,a,All sexes,42
sur,Suriname,SUR,Americas,2024,55_64,55-64,f,Female,8
sur,Suriname,SUR,Americas,2024,55_64,55-64,m,Male,34
sur,Suriname,SUR,Americas,2024,5_14,5-14,a,All sexes,3
sur,Suriname,SUR,Americas,2024,5_14,5-14,f,Female,2
sur,Suriname,SUR,Americas,2024,5_14,5-14,m,Male,2
sur,Suriname,SUR,Americas,2024,5_9,5-9,a,All sexes,0
sur,Suriname,SUR,Americas,2024,5_9,5-9,f,Female,0
sur,Suriname,SUR,Americas,2024,5_9,5-9,m,Male,0
sur,Suriname,SUR,Americas,2024,65plus,65+,a,All sexes,16
sur,Suriname,SUR,Americas,2024,65plus,65+,f,Female,3
sur,Suriname,SUR,Americas,2024,65plus,65+,m,Male,13
sur,Suriname,SUR,Americas,2024,all,All ages,a,All sexes,210
sur,Suriname,SUR,Americas,2024,all,All ages,f,Female,55
sur,Suriname,SUR,Americas,2024,all,All ages,m,Male,160
swe,Sweden,SWE,Europe,2024,0_14,0-14,a,All sexes,10
swe,Sweden,SWE,Europe,2024,0_14,0-14,f,Female,5
swe,Sweden,SWE,Europe,2024,0_14,0-14,m,Male,6
swe,Sweden,SWE,Europe,2024,0_4,0-4,a,All sexes,2
swe,Sweden,SWE,Europe,2024,0_4,0-4,f,Female,0
swe,Sweden,SWE,Europe,2024,0_4,0-4,m,Male,2
swe,Sweden,SWE,Europe,2024,10_14,10-14,a,All sexes,3
swe,Sweden,SWE,Europe,2024,10_14,10-14,f,Female,2
swe,Sweden,SWE,Europe,2024,10_14,10-14,m,Male,1
swe,Sweden,SWE,Europe,2024,15_19,15-19,a,All sexes,13
swe,Sweden,SWE,Europe,2024,15_19,15-19,f,Female,7
swe,Sweden,SWE,Europe,2024,15_19,15-19,m,Male,6
swe,Sweden,SWE,Europe,2024,15_24,15-24,a,All sexes,45
swe,Sweden,SWE,Europe,2024,15_24,15-24,f,Female,24
swe,Sweden,SWE,Europe,2024,15_24,15-24,m,Male,21
swe,Sweden,SWE,Europe,2024,15plus,15+,a,All sexes,340
swe,Sweden,SWE,Europe,2024,15plus,15+,f,Female,170
swe,Sweden,SWE,Europe,2024,15plus,15+,m,Male,170
swe,Sweden,SWE,Europe,2024,20_24,20-24,a,All sexes,33
swe,Sweden,SWE,Europe,2024,20_24,20-24,f,Female,17
swe,Sweden,SWE,Europe,2024,20_24,20-24,m,Male,15
swe,Sweden,SWE,Europe,2024,25_34,25-34,a,All sexes,66
swe,Sweden,SWE,Europe,2024,25_34,25-34,f,Female,41
swe,Sweden,SWE,Europe,2024,25_34,25-34,m,Male,26
swe,Sweden,SWE,Europe,2024,35_44,35-44,a,All sexes,61
swe,Sweden,SWE,Europe,2024,35_44,35-44,f,Female,27
swe,Sweden,SWE,Europe,2024,35_44,35-44,m,Male,34
swe,Sweden,SWE,Europe,2024,45_54,45-54,a,All sexes,62
swe,Sweden,SWE,Europe,2024,45_54,45-54,f,Female,30
swe,Sweden,SWE,Europe,2024,45_54,45-54,m,Male,31
swe,Sweden,SWE,Europe,2024,55_64,55-64,a,All sexes,45
swe,Sweden,SWE,Europe,2024,55_64,55-64,f,Female,16
swe,Sweden,SWE,Europe,2024,55_64,55-64,m,Male,29
swe,Sweden,SWE,Europe,2024,5_14,5-14,a,All sexes,8
swe,Sweden,SWE,Europe,2024,5_14,5-14,f,Female,5
swe,Sweden,SWE,Europe,2024,5_14,5-14,m,Male,3
swe,Sweden,SWE,Europe,2024,5_9,5-9,a,All sexes,5
swe,Sweden,SWE,Europe,2024,5_9,5-9,f,Female,2
swe,Sweden,SWE,Europe,2024,5_9,5-9,m,Male,2
swe,Sweden,SWE,Europe,2024,65plus,65+,a,All sexes,61
swe,Sweden,SWE,Europe,2024,65plus,65+,f,Female,27
swe,Sweden,SWE,Europe,2024,65plus,65+,m,Male,34
swe,Sweden,SWE,Europe,2024,all,All ages,a,All sexes,350
swe,Sweden,SWE,Europe,2024,all,All ages,f,Female,170
swe,Sweden,SWE,Europe,2024,all,All ages,m,Male,180
che,Switzerland,CHE,Europe,2024,0_14,0-14,a,All sexes,24
che,Switzerland,CHE,Europe,2024,0_14,0-14,f,Female,15
che,Switzerland,CHE,Europe,2024,0_14,0-14,m,Male,9
che,Switzerland,CHE,Europe,2024,0_4,0-4,a,All sexes,14
che,Switzerland,CHE,Europe,2024,0_4,0-4,f,Female,6
che,Switzerland,CHE,Europe,2024,0_4,0-4,m,Male,8
che,Switzerland,CHE,Europe,2024,10_14,10-14,a,All sexes,8
che,Switzerland,CHE,Europe,2024,10_14,10-14,f,Female,7
che,Switzerland,CHE,Europe,2024,10_14,10-14,m,Male,1
che,Switzerland,CHE,Europe,2024,15_19,15-19,a,All sexes,55
che,Switzerland,CHE,Europe,2024,15_19,15-19,f,Female,10
che,Switzerland,CHE,Europe,2024,15_19,15-19,m,Male,45
che,Switzerland,CHE,Europe,2024,15_24,15-24,a,All sexes,94
che,Switzerland,CHE,Europe,2024,15_24,15-24,f,Female,22
che,Switzerland,CHE,Europe,2024,15_24,15-24,m,Male,72
che,Switzerland,CHE,Europe,2024,15plus,15+,a,All sexes,460
che,Switzerland,CHE,Europe,2024,15plus,15+,f,Female,170
che,Switzerland,CHE,Europe,2024,15plus,15+,m,Male,290
che,Switzerland,CHE,Europe,2024,20_24,20-24,a,All sexes,39
che,Switzerland,CHE,Europe,2024,20_24,20-24,f,Female,11
che,Switzerland,CHE,Europe,2024,20_24,20-24,m,Male,28
che,Switzerland,CHE,Europe,2024,25_34,25-34,a,All sexes,100
che,Switzerland,CHE,Europe,2024,25_34,25-34,f,Female,34
che,Switzerland,CHE,Europe,2024,25_34,25-34,m,Male,67
che,Switzerland,CHE,Europe,2024,35_44,35-44,a,All sexes,84
che,Switzerland,CHE,Europe,2024,35_44,35-44,f,Female,40
che,Switzerland,CHE,Europe,2024,35_44,35-44,m,Male,44
che,Switzerland,CHE,Europe,2024,45_54,45-54,a,All sexes,61
che,Switzerland,CHE,Europe,2024,45_54,45-54,f,Female,28
che,Switzerland,CHE,Europe,2024,45_54,45-54,m,Male,33
che,Switzerland,CHE,Europe,2024,55_64,55-64,a,All sexes,60
che,Switzerland,CHE,Europe,2024,55_64,55-64,f,Female,17
che,Switzerland,CHE,Europe,2024,55_64,55-64,m,Male,43
che,Switzerland,CHE,Europe,2024,5_14,5-14,a,All sexes,10
che,Switzerland,CHE,Europe,2024,5_14,5-14,f,Female,9
che,Switzerland,CHE,Europe,2024,5_14,5-14,m,Male,1
che,Switzerland,CHE,Europe,2024,5_9,5-9,a,All sexes,2
che,Switzerland,CHE,Europe,2024,5_9,5-9,f,Female,2
che,Switzerland,CHE,Europe,2024,5_9,5-9,m,Male,0
che,Switzerland,CHE,Europe,2024,65plus,65+,a,All sexes,60
che,Switzerland,CHE,Europe,2024,65plus,65+,f,Female,24
che,Switzerland,CHE,Europe,2024,65plus,65+,m,Male,36
che,Switzerland,CHE,Europe,2024,all,All ages,a,All sexes,480
che,Switzerland,CHE,Europe,2024,all,All ages,f,Female,180
che,Switzerland,CHE,Europe,2024,all,All ages,m,Male,300
syr,Syria,SYR,Eastern Mediterranean,2024,0_14,0-14,a,All sexes,420
syr,Syria,SYR,Eastern Mediterranean,2024,0_14,0-14,f,Female,230
syr,Syria,SYR,Eastern Mediterranean,2024,0_14,0-14,m,Male,180
syr,Syria,SYR,Eastern Mediterranean,2024,0_4,0-4,a,All sexes,90
syr,Syria,SYR,Eastern Mediterranean,2024,0_4,0-4,f,Female,45
syr,Syria,SYR,Eastern Mediterranean,2024,0_4,0-4,m,Male,45
syr,Syria,SYR,Eastern Mediterranean,2024,10_14,10-14,a,All sexes,180
syr,Syria,SYR,Eastern Mediterranean,2024,10_14,10-14,f,Female,110
syr,Syria,SYR,Eastern Mediterranean,2024,10_14,10-14,m,Male,75
syr,Syria,SYR,Eastern Mediterranean,2024,15_19,15-19,a,All sexes,490
syr,Syria,SYR,Eastern Mediterranean,2024,15_19,15-19,f,Female,170
syr,Syria,SYR,Eastern Mediterranean,2024,15_19,15-19,m,Male,320
syr,Syria,SYR,Eastern Mediterranean,2024,15_24,15-24,a,All sexes,1200
syr,Syria,SYR,Eastern Mediterranean,2024,15_24,15-24,f,Female,500
syr,Syria,SYR,Eastern Mediterranean,2024,15_24,15-24,m,Male,690
syr,Syria,SYR,Eastern Mediterranean,2024,15plus,15+,a,All sexes,5200
syr,Syria,SYR,Eastern Mediterranean,2024,15plus,15+,f,Female,1900
syr,Syria,SYR,Eastern Mediterranean,2024,15plus,15+,m,Male,3300
syr,Syria,SYR,Eastern Mediterranean,2024,20_24,20-24,a,All sexes,710
syr,Syria,SYR,Eastern Mediterranean,2024,20_24,20-24,f,Female,340
syr,Syria,SYR,Eastern Mediterranean,2024,20_24,20-24,m,Male,370
syr,Syria,SYR,Eastern Mediterranean,2024,25_34,25-34,a,All sexes,1500
syr,Syria,SYR,Eastern Mediterranean,2024,25_34,25-34,f,Female,440
syr,Syria,SYR,Eastern Mediterranean,2024,25_34,25-34,m,Male,1000
syr,Syria,SYR,Eastern Mediterranean,2024,35_44,35-44,a,All sexes,880
syr,Syria,SYR,Eastern Mediterranean,2024,35_44,35-44,f,Female,330
syr,Syria,SYR,Eastern Mediterranean,2024,35_44,35-44,m,Male,550
syr,Syria,SYR,Eastern Mediterranean,2024,45_54,45-54,a,All sexes,670
syr,Syria,SYR,Eastern Mediterranean,2024,45_54,45-54,f,Female,230
syr,Syria,SYR,Eastern Mediterranean,2024,45_54,45-54,m,Male,440
syr,Syria,SYR,Eastern Mediterranean,2024,55_64,55-64,a,All sexes,520
syr,Syria,SYR,Eastern Mediterranean,2024,55_64,55-64,f,Female,190
syr,Syria,SYR,Eastern Mediterranean,2024,55_64,55-64,m,Male,330
syr,Syria,SYR,Eastern Mediterranean,2024,5_14,5-14,a,All sexes,330
syr,Syria,SYR,Eastern Mediterranean,2024,5_14,5-14,f,Female,190
syr,Syria,SYR,Eastern Mediterranean,2024,5_14,5-14,m,Male,140
syr,Syria,SYR,Eastern Mediterranean,2024,5_9,5-9,a,All sexes,140
syr,Syria,SYR,Eastern Mediterranean,2024,5_9,5-9,f,Female,80
syr,Syria,SYR,Eastern Mediterranean,2024,5_9,5-9,m,Male,64
syr,Syria,SYR,Eastern Mediterranean,2024,65plus,65+,a,All sexes,460
syr,Syria,SYR,Eastern Mediterranean,2024,65plus,65+,f,Female,170
syr,Syria,SYR,Eastern Mediterranean,2024,65plus,65+,m,Male,300
syr,Syria,SYR,Eastern Mediterranean,2024,all,All ages,a,All sexes,5600
syr,Syria,SYR,Eastern Mediterranean,2024,all,All ages,f,Female,2100
syr,Syria,SYR,Eastern Mediterranean,2024,all,All ages,m,Male,3500
tjk,Tajikistan,TJK,Europe,2024,0_14,0-14,a,All sexes,610
tjk,Tajikistan,TJK,Europe,2024,0_14,0-14,f,Female,290
tjk,Tajikistan,TJK,Europe,2024,0_14,0-14,m,Male,320
tjk,Tajikistan,TJK,Europe,2024,0_4,0-4,a,All sexes,250
tjk,Tajikistan,TJK,Europe,2024,0_4,0-4,f,Female,110
tjk,Tajikistan,TJK,Europe,2024,0_4,0-4,m,Male,140
tjk,Tajikistan,TJK,Europe,2024,10_14,10-14,a,All sexes,170
tjk,Tajikistan,TJK,Europe,2024,10_14,10-14,f,Female,85
tjk,Tajikistan,TJK,Europe,2024,10_14,10-14,m,Male,86
tjk,Tajikistan,TJK,Europe,2024,15_19,15-19,a,All sexes,880
tjk,Tajikistan,TJK,Europe,2024,15_19,15-19,f,Female,350
tjk,Tajikistan,TJK,Europe,2024,15_19,15-19,m,Male,530
tjk,Tajikistan,TJK,Europe,2024,15_24,15-24,a,All sexes,1700
tjk,Tajikistan,TJK,Europe,2024,15_24,15-24,f,Female,660
tjk,Tajikistan,TJK,Europe,2024,15_24,15-24,m,Male,1000
tjk,Tajikistan,TJK,Europe,2024,15plus,15+,a,All sexes,7300
tjk,Tajikistan,TJK,Europe,2024,15plus,15+,f,Female,3300
tjk,Tajikistan,TJK,Europe,2024,15plus,15+,m,Male,4100
tjk,Tajikistan,TJK,Europe,2024,20_24,20-24,a,All sexes,810
tjk,Tajikistan,TJK,Europe,2024,20_24,20-24,f,Female,320
tjk,Tajikistan,TJK,Europe,2024,20_24,20-24,m,Male,490
tjk,Tajikistan,TJK,Europe,2024,25_34,25-34,a,All sexes,1700
tjk,Tajikistan,TJK,Europe,2024,25_34,25-34,f,Female,760
tjk,Tajikistan,TJK,Europe,2024,25_34,25-34,m,Male,950
tjk,Tajikistan,TJK,Europe,2024,35_44,35-44,a,All sexes,1100
tjk,Tajikistan,TJK,Europe,2024,35_44,35-44,f,Female,460
tjk,Tajikistan,TJK,Europe,2024,35_44,35-44,m,Male,640
tjk,Tajikistan,TJK,Europe,2024,45_54,45-54,a,All sexes,910
tjk,Tajikistan,TJK,Europe,2024,45_54,45-54,f,Female,380
tjk,Tajikistan,TJK,Europe,2024,45_54,45-54,m,Male,530
tjk,Tajikistan,TJK,Europe,2024,55_64,55-64,a,All sexes,960
tjk,Tajikistan,TJK,Europe,2024,55_64,55-64,f,Female,470
tjk,Tajikistan,TJK,Europe,2024,55_64,55-64,m,Male,490
tjk,Tajikistan,TJK,Europe,2024,5_14,5-14,a,All sexes,360
tjk,Tajikistan,TJK,Europe,2024,5_14,5-14,f,Female,180
tjk,Tajikistan,TJK,Europe,2024,5_14,5-14,m,Male,180
tjk,Tajikistan,TJK,Europe,2024,5_9,5-9,a,All sexes,190
tjk,Tajikistan,TJK,Europe,2024,5_9,5-9,f,Female,92
tjk,Tajikistan,TJK,Europe,2024,5_9,5-9,m,Male,94
tjk,Tajikistan,TJK,Europe,2024,65plus,65+,a,All sexes,950
tjk,Tajikistan,TJK,Europe,2024,65plus,65+,f,Female,530
tjk,Tajikistan,TJK,Europe,2024,65plus,65+,m,Male,420
tjk,Tajikistan,TJK,Europe,2024,all,All ages,a,All sexes,7900
tjk,Tajikistan,TJK,Europe,2024,all,All ages,f,Female,3500
tjk,Tajikistan,TJK,Europe,2024,all,All ages,m,Male,4400
tza,Tanzania,TZA,Africa,2024,0_14,0-14,a,All sexes,21000
tza,Tanzania,TZA,Africa,2024,0_14,0-14,f,Female,9900
tza,Tanzania,TZA,Africa,2024,0_14,0-14,m,Male,11000
tza,Tanzania,TZA,Africa,2024,0_4,0-4,a,All sexes,11000
tza,Tanzania,TZA,Africa,2024,0_4,0-4,f,Female,5100
tza,Tanzania,TZA,Africa,2024,0_4,0-4,m,Male,5800
tza,Tanzania,TZA,Africa,2024,10_14,10-14,a,All sexes,4900
tza,Tanzania,TZA,Africa,2024,10_14,10-14,f,Female,2400
tza,Tanzania,TZA,Africa,2024,10_14,10-14,m,Male,2500
tza,Tanzania,TZA,Africa,2024,15_19,15-19,a,All sexes,4500
tza,Tanzania,TZA,Africa,2024,15_19,15-19,f,Female,1800
tza,Tanzania,TZA,Africa,2024,15_19,15-19,m,Male,2800
tza,Tanzania,TZA,Africa,2024,15_24,15-24,a,All sexes,11000
tza,Tanzania,TZA,Africa,2024,15_24,15-24,f,Female,4400
tza,Tanzania,TZA,Africa,2024,15_24,15-24,m,Male,6700
tza,Tanzania,TZA,Africa,2024,15plus,15+,a,All sexes,97000
tza,Tanzania,TZA,Africa,2024,15plus,15+,f,Female,38000
tza,Tanzania,TZA,Africa,2024,15plus,15+,m,Male,59000
tza,Tanzania,TZA,Africa,2024,20_24,20-24,a,All sexes,6500
tza,Tanzania,TZA,Africa,2024,20_24,20-24,f,Female,2600
tza,Tanzania,TZA,Africa,2024,20_24,20-24,m,Male,3900
tza,Tanzania,TZA,Africa,2024,25_34,25-34,a,All sexes,18000
tza,Tanzania,TZA,Africa,2024,25_34,25-34,f,Female,7300
tza,Tanzania,TZA,Africa,2024,25_34,25-34,m,Male,11000
tza,Tanzania,TZA,Africa,2024,35_44,35-44,a,All sexes,20000
tza,Tanzania,TZA,Africa,2024,35_44,35-44,f,Female,7600
tza,Tanzania,TZA,Africa,2024,35_44,35-44,m,Male,12000
tza,Tanzania,TZA,Africa,2024,45_54,45-54,a,All sexes,18000
tza,Tanzania,TZA,Africa,2024,45_54,45-54,f,Female,6900
tza,Tanzania,TZA,Africa,2024,45_54,45-54,m,Male,11000
tza,Tanzania,TZA,Africa,2024,55_64,55-64,a,All sexes,13000
tza,Tanzania,TZA,Africa,2024,55_64,55-64,f,Female,5300
tza,Tanzania,TZA,Africa,2024,55_64,55-64,m,Male,8200
tza,Tanzania,TZA,Africa,2024,5_14,5-14,a,All sexes,9900
tza,Tanzania,TZA,Africa,2024,5_14,5-14,f,Female,4800
tza,Tanzania,TZA,Africa,2024,5_14,5-14,m,Male,5100
tza,Tanzania,TZA,Africa,2024,5_9,5-9,a,All sexes,5100
tza,Tanzania,TZA,Africa,2024,5_9,5-9,f,Female,2400
tza,Tanzania,TZA,Africa,2024,5_9,5-9,m,Male,2600
tza,Tanzania,TZA,Africa,2024,65plus,65+,a,All sexes,16000
tza,Tanzania,TZA,Africa,2024,65plus,65+,f,Female,6200
tza,Tanzania,TZA,Africa,2024,65plus,65+,m,Male,9400
tza,Tanzania,TZA,Africa,2024,all,All ages,a,All sexes,118000
tza,Tanzania,TZA,Africa,2024,all,All ages,f,Female,48000
tza,Tanzania,TZA,Africa,2024,all,All ages,m,Male,70000
tha,Thailand,THA,South-East Asia,2024,0_14,0-14,a,All sexes,3600
tha,Thailand,THA,South-East Asia,2024,0_14,0-14,f,Female,1700
tha,Thailand,THA,South-East Asia,2024,0_14,0-14,m,Male,1900
tha,Thailand,THA,South-East Asia,2024,0_4,0-4,a,All sexes,1700
tha,Thailand,THA,South-East Asia,2024,0_4,0-4,f,Female,780
tha,Thailand,THA,South-East Asia,2024,0_4,0-4,m,Male,960
tha,Thailand,THA,South-East Asia,2024,10_14,10-14,a,All sexes,1100
tha,Thailand,THA,South-East Asia,2024,10_14,10-14,f,Female,550
tha,Thailand,THA,South-East Asia,2024,10_14,10-14,m,Male,540
tha,Thailand,THA,South-East Asia,2024,15_19,15-19,a,All sexes,3700
tha,Thailand,THA,South-East Asia,2024,15_19,15-19,f,Female,1100
tha,Thailand,THA,South-East Asia,2024,15_19,15-19,m,Male,2500
tha,Thailand,THA,South-East Asia,2024,15_24,15-24,a,All sexes,9200
tha,Thailand,THA,South-East Asia,2024,15_24,15-24,f,Female,3100
tha,Thailand,THA,South-East Asia,2024,15_24,15-24,m,Male,6100
tha,Thailand,THA,South-East Asia,2024,15plus,15+,a,All sexes,101000
tha,Thailand,THA,South-East Asia,2024,15plus,15+,f,Female,33000
tha,Thailand,THA,South-East Asia,2024,15plus,15+,m,Male,68000
tha,Thailand,THA,South-East Asia,2024,20_24,20-24,a,All sexes,5500
tha,Thailand,THA,South-East Asia,2024,20_24,20-24,f,Female,2000
tha,Thailand,THA,South-East Asia,2024,20_24,20-24,m,Male,3600
tha,Thailand,THA,South-East Asia,2024,25_34,25-34,a,All sexes,13000
tha,Thailand,THA,South-East Asia,2024,25_34,25-34,f,Female,4600
tha,Thailand,THA,South-East Asia,2024,25_34,25-34,m,Male,8500
tha,Thailand,THA,South-East Asia,2024,35_44,35-44,a,All sexes,15000
tha,Thailand,THA,South-East Asia,2024,35_44,35-44,f,Female,4500
tha,Thailand,THA,South-East Asia,2024,35_44,35-44,m,Male,11000
tha,Thailand,THA,South-East Asia,2024,45_54,45-54,a,All sexes,19000
tha,Thailand,THA,South-East Asia,2024,45_54,45-54,f,Female,5400
tha,Thailand,THA,South-East Asia,2024,45_54,45-54,m,Male,13000
tha,Thailand,THA,South-East Asia,2024,55_64,55-64,a,All sexes,20000
tha,Thailand,THA,South-East Asia,2024,55_64,55-64,f,Female,6000
tha,Thailand,THA,South-East Asia,2024,55_64,55-64,m,Male,14000
tha,Thailand,THA,South-East Asia,2024,5_14,5-14,a,All sexes,1900
tha,Thailand,THA,South-East Asia,2024,5_14,5-14,f,Female,940
tha,Thailand,THA,South-East Asia,2024,5_14,5-14,m,Male,930
tha,Thailand,THA,South-East Asia,2024,5_9,5-9,a,All sexes,770
tha,Thailand,THA,South-East Asia,2024,5_9,5-9,f,Female,390
tha,Thailand,THA,South-East Asia,2024,5_9,5-9,m,Male,390
tha,Thailand,THA,South-East Asia,2024,65plus,65+,a,All sexes,25000
tha,Thailand,THA,South-East Asia,2024,65plus,65+,f,Female,9100
tha,Thailand,THA,South-East Asia,2024,65plus,65+,m,Male,16000
tha,Thailand,THA,South-East Asia,2024,all,All ages,a,All sexes,104000
tha,Thailand,THA,South-East Asia,2024,all,All ages,f,Female,35000
tha,Thailand,THA,South-East Asia,2024,all,All ages,m,Male,70000
tls,Timor-Leste,TLS,South-East Asia,2024,0_14,0-14,a,All sexes,750
tls,Timor-Leste,TLS,South-East Asia,2024,0_14,0-14,f,Female,360
tls,Timor-Leste,TLS,South-East Asia,2024,0_14,0-14,m,Male,390
tls,Timor-Leste,TLS,South-East Asia,2024,0_4,0-4,a,All sexes,310
tls,Timor-Leste,TLS,South-East Asia,2024,0_4,0-4,f,Female,140
tls,Timor-Leste,TLS,South-East Asia,2024,0_4,0-4,m,Male,170
tls,Timor-Leste,TLS,South-East Asia,2024,10_14,10-14,a,All sexes,250
tls,Timor-Leste,TLS,South-East Asia,2024,10_14,10-14,f,Female,130
tls,Timor-Leste,TLS,South-East Asia,2024,10_14,10-14,m,Male,120
tls,Timor-Leste,TLS,South-East Asia,2024,15_19,15-19,a,All sexes,510
tls,Timor-Leste,TLS,South-East Asia,2024,15_19,15-19,f,Female,280
tls,Timor-Leste,TLS,South-East Asia,2024,15_19,15-19,m,Male,230
tls,Timor-Leste,TLS,South-East Asia,2024,15_24,15-24,a,All sexes,1200
tls,Timor-Leste,TLS,South-East Asia,2024,15_24,15-24,f,Female,630
tls,Timor-Leste,TLS,South-East Asia,2024,15_24,15-24,m,Male,570
tls,Timor-Leste,TLS,South-East Asia,2024,15plus,15+,a,All sexes,6200
tls,Timor-Leste,TLS,South-East Asia,2024,15plus,15+,f,Female,2500
tls,Timor-Leste,TLS,South-East Asia,2024,15plus,15+,m,Male,3700
tls,Timor-Leste,TLS,South-East Asia,2024,20_24,20-24,a,All sexes,690
tls,Timor-Leste,TLS,South-East Asia,2024,20_24,20-24,f,Female,360
tls,Timor-Leste,TLS,South-East Asia,2024,20_24,20-24,m,Male,330
tls,Timor-Leste,TLS,South-East Asia,2024,25_34,25-34,a,All sexes,1200
tls,Timor-Leste,TLS,South-East Asia,2024,25_34,25-34,f,Female,540
tls,Timor-Leste,TLS,South-East Asia,2024,25_34,25-34,m,Male,640
tls,Timor-Leste,TLS,South-East Asia,2024,35_44,35-44,a,All sexes,1000
tls,Timor-Leste,TLS,South-East Asia,2024,35_44,35-44,f,Female,390
tls,Timor-Leste,TLS,South-East Asia,2024,35_44,35-44,m,Male,650
tls,Timor-Leste,TLS,South-East Asia,2024,45_54,45-54,a,All sexes,1000
tls,Timor-Leste,TLS,South-East Asia,2024,45_54,45-54,f,Female,350
tls,Timor-Leste,TLS,South-East Asia,2024,45_54,45-54,m,Male,670
tls,Timor-Leste,TLS,South-East Asia,2024,55_64,55-64,a,All sexes,930
tls,Timor-Leste,TLS,South-East Asia,2024,55_64,55-64,f,Female,290
tls,Timor-Leste,TLS,South-East Asia,2024,55_64,55-64,m,Male,630
tls,Timor-Leste,TLS,South-East Asia,2024,5_14,5-14,a,All sexes,430
tls,Timor-Leste,TLS,South-East Asia,2024,5_14,5-14,f,Female,220
tls,Timor-Leste,TLS,South-East Asia,2024,5_14,5-14,m,Male,220
tls,Timor-Leste,TLS,South-East Asia,2024,5_9,5-9,a,All sexes,180
tls,Timor-Leste,TLS,South-East Asia,2024,5_9,5-9,f,Female,90
tls,Timor-Leste,TLS,South-East Asia,2024,5_9,5-9,m,Male,94
tls,Timor-Leste,TLS,South-East Asia,2024,65plus,65+,a,All sexes,840
tls,Timor-Leste,TLS,South-East Asia,2024,65plus,65+,f,Female,250
tls,Timor-Leste,TLS,South-East Asia,2024,65plus,65+,m,Male,580
tls,Timor-Leste,TLS,South-East Asia,2024,all,All ages,a,All sexes,6900
tls,Timor-Leste,TLS,South-East Asia,2024,all,All ages,f,Female,2800
tls,Timor-Leste,TLS,South-East Asia,2024,all,All ages,m,Male,4100
tgo,Togo,TGO,Africa,2024,0_14,0-14,a,All sexes,150
tgo,Togo,TGO,Africa,2024,0_14,0-14,f,Female,78
tgo,Togo,TGO,Africa,2024,0_14,0-14,m,Male,69
tgo,Togo,TGO,Africa,2024,0_4,0-4,a,All sexes,43
tgo,Togo,TGO,Africa,2024,0_4,0-4,f,Female,20
tgo,Togo,TGO,Africa,2024,0_4,0-4,m,Male,23
tgo,Togo,TGO,Africa,2024,10_14,10-14,a,All sexes,54
tgo,Togo,TGO,Africa,2024,10_14,10-14,f,Female,30
tgo,Togo,TGO,Africa,2024,10_14,10-14,m,Male,24
tgo,Togo,TGO,Africa,2024,15_19,15-19,a,All sexes,310
tgo,Togo,TGO,Africa,2024,15_19,15-19,f,Female,150
tgo,Togo,TGO,Africa,2024,15_19,15-19,m,Male,160
tgo,Togo,TGO,Africa,2024,15_24,15-24,a,All sexes,660
tgo,Togo,TGO,Africa,2024,15_24,15-24,f,Female,310
tgo,Togo,TGO,Africa,2024,15_24,15-24,m,Male,340
tgo,Togo,TGO,Africa,2024,15plus,15+,a,All sexes,4400
tgo,Togo,TGO,Africa,2024,15plus,15+,f,Female,1600
tgo,Togo,TGO,Africa,2024,15plus,15+,m,Male,2800
tgo,Togo,TGO,Africa,2024,20_24,20-24,a,All sexes,340
tgo,Togo,TGO,Africa,2024,20_24,20-24,f,Female,160
tgo,Togo,TGO,Africa,2024,20_24,20-24,m,Male,180
tgo,Togo,TGO,Africa,2024,25_34,25-34,a,All sexes,910
tgo,Togo,TGO,Africa,2024,25_34,25-34,f,Female,350
tgo,Togo,TGO,Africa,2024,25_34,25-34,m,Male,560
tgo,Togo,TGO,Africa,2024,35_44,35-44,a,All sexes,990
tgo,Togo,TGO,Africa,2024,35_44,35-44,f,Female,300
tgo,Togo,TGO,Africa,2024,35_44,35-44,m,Male,680
tgo,Togo,TGO,Africa,2024,45_54,45-54,a,All sexes,870
tgo,Togo,TGO,Africa,2024,45_54,45-54,f,Female,260
tgo,Togo,TGO,Africa,2024,45_54,45-54,m,Male,610
tgo,Togo,TGO,Africa,2024,55_64,55-64,a,All sexes,560
tgo,Togo,TGO,Africa,2024,55_64,55-64,f,Female,190
tgo,Togo,TGO,Africa,2024,55_64,55-64,m,Male,370
tgo,Togo,TGO,Africa,2024,5_14,5-14,a,All sexes,100
tgo,Togo,TGO,Africa,2024,5_14,5-14,f,Female,57
tgo,Togo,TGO,Africa,2024,5_14,5-14,m,Male,46
tgo,Togo,TGO,Africa,2024,5_9,5-9,a,All sexes,49
tgo,Togo,TGO,Africa,2024,5_9,5-9,f,Female,27
tgo,Togo,TGO,Africa,2024,5_9,5-9,m,Male,22
tgo,Togo,TGO,Africa,2024,65plus,65+,a,All sexes,410
tgo,Togo,TGO,Africa,2024,65plus,65+,f,Female,170
tgo,Togo,TGO,Africa,2024,65plus,65+,m,Male,250
tgo,Togo,TGO,Africa,2024,all,All ages,a,All sexes,4500
tgo,Togo,TGO,Africa,2024,all,All ages,f,Female,1700
tgo,Togo,TGO,Africa,2024,all,All ages,m,Male,2900
tto,Trinidad and Tobago,TTO,Americas,2024,0_14,0-14,a,All sexes,15
tto,Trinidad and Tobago,TTO,Americas,2024,0_14,0-14,f,Female,7
tto,Trinidad and Tobago,TTO,Americas,2024,0_14,0-14,m,Male,8
tto,Trinidad and Tobago,TTO,Americas,2024,0_4,0-4,a,All sexes,8
tto,Trinidad and Tobago,TTO,Americas,2024,0_4,0-4,f,Female,3
tto,Trinidad and Tobago,TTO,Americas,2024,0_4,0-4,m,Male,6
tto,Trinidad and Tobago,TTO,Americas,2024,10_14,10-14,a,All sexes,4
tto,Trinidad and Tobago,TTO,Americas,2024,10_14,10-14,f,Female,3
tto,Trinidad and Tobago,TTO,Americas,2024,10_14,10-14,m,Male,1
tto,Trinidad and Tobago,TTO,Americas,2024,15_19,15-19,a,All sexes,8
tto,Trinidad and Tobago,TTO,Americas,2024,15_19,15-19,f,Female,3
tto,Trinidad and Tobago,TTO,Americas,2024,15_19,15-19,m,Male,6
tto,Trinidad and Tobago,TTO,Americas,2024,15_24,15-24,a,All sexes,29
tto,Trinidad and Tobago,TTO,Americas,2024,15_24,15-24,f,Female,10
tto,Trinidad and Tobago,TTO,Americas,2024,15_24,15-24,m,Male,19
tto,Trinidad and Tobago,TTO,Americas,2024,15plus,15+,a,All sexes,390
tto,Trinidad and Tobago,TTO,Americas,2024,15plus,15+,f,Female,79
tto,Trinidad and Tobago,TTO,Americas,2024,15plus,15+,m,Male,310
tto,Trinidad and Tobago,TTO,Americas,2024,20_24,20-24,a,All sexes,21
tto,Trinidad and Tobago,TTO,Americas,2024,20_24,20-24,f,Female,7
tto,Trinidad and Tobago,TTO,Americas,2024,20_24,20-24,m,Male,14
tto,Trinidad and Tobago,TTO,Americas,2024,25_34,25-34,a,All sexes,72
tto,Trinidad and Tobago,TTO,Americas,2024,25_34,25-34,f,Female,8
tto,Trinidad and Tobago,TTO,Americas,2024,25_34,25-34,m,Male,64
tto,Trinidad and Tobago,TTO,Americas,2024,35_44,35-44,a,All sexes,85
tto,Trinidad and Tobago,TTO,Americas,2024,35_44,35-44,f,Female,19
tto,Trinidad and Tobago,TTO,Americas,2024,35_44,35-44,m,Male,65
tto,Trinidad and Tobago,TTO,Americas,2024,45_54,45-54,a,All sexes,95
tto,Trinidad and Tobago,TTO,Americas,2024,45_54,45-54,f,Female,17
tto,Trinidad and Tobago,TTO,Americas,2024,45_54,45-54,m,Male,78
tto,Trinidad and Tobago,TTO,Americas,2024,55_64,55-64,a,All sexes,64
tto,Trinidad and Tobago,TTO,Americas,2024,55_64,55-64,f,Female,10
tto,Trinidad and Tobago,TTO,Americas,2024,55_64,55-64,m,Male,54
tto,Trinidad and Tobago,TTO,Americas,2024,5_14,5-14,a,All sexes,7
tto,Trinidad and Tobago,TTO,Americas,2024,5_14,5-14,f,Female,4
tto,Trinidad and Tobago,TTO,Americas,2024,5_14,5-14,m,Male,3
tto,Trinidad and Tobago,TTO,Americas,2024,5_9,5-9,a,All sexes,3
tto,Trinidad and Tobago,TTO,Americas,2024,5_9,5-9,f,Female,1
tto,Trinidad and Tobago,TTO,Americas,2024,5_9,5-9,m,Male,1
tto,Trinidad and Tobago,TTO,Americas,2024,65plus,65+,a,All sexes,45
tto,Trinidad and Tobago,TTO,Americas,2024,65plus,65+,f,Female,15
tto,Trinidad and Tobago,TTO,Americas,2024,65plus,65+,m,Male,29
tto,Trinidad and Tobago,TTO,Americas,2024,all,All ages,a,All sexes,400
tto,Trinidad and Tobago,TTO,Americas,2024,all,All ages,f,Female,86
tto,Trinidad and Tobago,TTO,Americas,2024,all,All ages,m,Male,320
tun,Tunisia,TUN,Eastern Mediterranean,2024,0_14,0-14,a,All sexes,320
tun,Tunisia,TUN,Eastern Mediterranean,2024,0_14,0-14,f,Female,170
tun,Tunisia,TUN,Eastern Mediterranean,2024,0_14,0-14,m,Male,150
tun,Tunisia,TUN,Eastern Mediterranean,2024,0_4,0-4,a,All sexes,55
tun,Tunisia,TUN,Eastern Mediterranean,2024,0_4,0-4,f,Female,24
tun,Tunisia,TUN,Eastern Mediterranean,2024,0_4,0-4,m,Male,30
tun,Tunisia,TUN,Eastern Mediterranean,2024,10_14,10-14,a,All sexes,140
tun,Tunisia,TUN,Eastern Mediterranean,2024,10_14,10-14,f,Female,79
tun,Tunisia,TUN,Eastern Mediterranean,2024,10_14,10-14,m,Male,65
tun,Tunisia,TUN,Eastern Mediterranean,2024,15_19,15-19,a,All sexes,320
tun,Tunisia,TUN,Eastern Mediterranean,2024,15_19,15-19,f,Female,170
tun,Tunisia,TUN,Eastern Mediterranean,2024,15_19,15-19,m,Male,150
tun,Tunisia,TUN,Eastern Mediterranean,2024,15_24,15-24,a,All sexes,720
tun,Tunisia,TUN,Eastern Mediterranean,2024,15_24,15-24,f,Female,380
tun,Tunisia,TUN,Eastern Mediterranean,2024,15_24,15-24,m,Male,330
tun,Tunisia,TUN,Eastern Mediterranean,2024,15plus,15+,a,All sexes,4400
tun,Tunisia,TUN,Eastern Mediterranean,2024,15plus,15+,f,Female,2300
tun,Tunisia,TUN,Eastern Mediterranean,2024,15plus,15+,m,Male,2200
tun,Tunisia,TUN,Eastern Mediterranean,2024,20_24,20-24,a,All sexes,400
tun,Tunisia,TUN,Eastern Mediterranean,2024,20_24,20-24,f,Female,210
tun,Tunisia,TUN,Eastern Mediterranean,2024,20_24,20-24,m,Male,190
tun,Tunisia,TUN,Eastern Mediterranean,2024,25_34,25-34,a,All sexes,780
tun,Tunisia,TUN,Eastern Mediterranean,2024,25_34,25-34,f,Female,410
tun,Tunisia,TUN,Eastern Mediterranean,2024,25_34,25-34,m,Male,370
tun,Tunisia,TUN,Eastern Mediterranean,2024,35_44,35-44,a,All sexes,840
tun,Tunisia,TUN,Eastern Mediterranean,2024,35_44,35-44,f,Female,400
tun,Tunisia,TUN,Eastern Mediterranean,2024,35_44,35-44,m,Male,430
tun,Tunisia,TUN,Eastern Mediterranean,2024,45_54,45-54,a,All sexes,730
tun,Tunisia,TUN,Eastern Mediterranean,2024,45_54,45-54,f,Female,380
tun,Tunisia,TUN,Eastern Mediterranean,2024,45_54,45-54,m,Male,350
tun,Tunisia,TUN,Eastern Mediterranean,2024,55_64,55-64,a,All sexes,670
tun,Tunisia,TUN,Eastern Mediterranean,2024,55_64,55-64,f,Female,350
tun,Tunisia,TUN,Eastern Mediterranean,2024,55_64,55-64,m,Male,320
tun,Tunisia,TUN,Eastern Mediterranean,2024,5_14,5-14,a,All sexes,260
tun,Tunisia,TUN,Eastern Mediterranean,2024,5_14,5-14,f,Female,140
tun,Tunisia,TUN,Eastern Mediterranean,2024,5_14,5-14,m,Male,120
tun,Tunisia,TUN,Eastern Mediterranean,2024,5_9,5-9,a,All sexes,120
tun,Tunisia,TUN,Eastern Mediterranean,2024,5_9,5-9,f,Female,64
tun,Tunisia,TUN,Eastern Mediterranean,2024,5_9,5-9,m,Male,52
tun,Tunisia,TUN,Eastern Mediterranean,2024,65plus,65+,a,All sexes,690
tun,Tunisia,TUN,Eastern Mediterranean,2024,65plus,65+,f,Female,350
tun,Tunisia,TUN,Eastern Mediterranean,2024,65plus,65+,m,Male,340
tun,Tunisia,TUN,Eastern Mediterranean,2024,all,All ages,a,All sexes,4700
tun,Tunisia,TUN,Eastern Mediterranean,2024,all,All ages,f,Female,2400
tun,Tunisia,TUN,Eastern Mediterranean,2024,all,All ages,m,Male,2300
tkm,Turkmenistan,TKM,Europe,2024,0_14,0-14,a,All sexes,66
tkm,Turkmenistan,TKM,Europe,2024,0_14,0-14,f,Female,29
tkm,Turkmenistan,TKM,Europe,2024,0_14,0-14,m,Male,37
tkm,Turkmenistan,TKM,Europe,2024,0_4,0-4,a,All sexes,4
tkm,Turkmenistan,TKM,Europe,2024,0_4,0-4,f,Female,1
tkm,Turkmenistan,TKM,Europe,2024,0_4,0-4,m,Male,3
tkm,Turkmenistan,TKM,Europe,2024,10_14,10-14,a,All sexes,29
tkm,Turkmenistan,TKM,Europe,2024,10_14,10-14,f,Female,13
tkm,Turkmenistan,TKM,Europe,2024,10_14,10-14,m,Male,16
tkm,Turkmenistan,TKM,Europe,2024,15_19,15-19,a,All sexes,190
tkm,Turkmenistan,TKM,Europe,2024,15_19,15-19,f,Female,95
tkm,Turkmenistan,TKM,Europe,2024,15_19,15-19,m,Male,93
tkm,Turkmenistan,TKM,Europe,2024,15_24,15-24,a,All sexes,360
tkm,Turkmenistan,TKM,Europe,2024,15_24,15-24,f,Female,180
tkm,Turkmenistan,TKM,Europe,2024,15_24,15-24,m,Male,180
tkm,Turkmenistan,TKM,Europe,2024,15plus,15+,a,All sexes,2900
tkm,Turkmenistan,TKM,Europe,2024,15plus,15+,f,Female,1100
tkm,Turkmenistan,TKM,Europe,2024,15plus,15+,m,Male,1800
tkm,Turkmenistan,TKM,Europe,2024,20_24,20-24,a,All sexes,170
tkm,Turkmenistan,TKM,Europe,2024,20_24,20-24,f,Female,87
tkm,Turkmenistan,TKM,Europe,2024,20_24,20-24,m,Male,87
tkm,Turkmenistan,TKM,Europe,2024,25_34,25-34,a,All sexes,510
tkm,Turkmenistan,TKM,Europe,2024,25_34,25-34,f,Female,240
tkm,Turkmenistan,TKM,Europe,2024,25_34,25-34,m,Male,270
tkm,Turkmenistan,TKM,Europe,2024,35_44,35-44,a,All sexes,600
tkm,Turkmenistan,TKM,Europe,2024,35_44,35-44,f,Female,210
tkm,Turkmenistan,TKM,Europe,2024,35_44,35-44,m,Male,390
tkm,Turkmenistan,TKM,Europe,2024,45_54,45-54,a,All sexes,610
tkm,Turkmenistan,TKM,Europe,2024,45_54,45-54,f,Female,160
tkm,Turkmenistan,TKM,Europe,2024,45_54,45-54,m,Male,450
tkm,Turkmenistan,TKM,Europe,2024,55_64,55-64,a,All sexes,500
tkm,Turkmenistan,TKM,Europe,2024,55_64,55-64,f,Female,170
tkm,Turkmenistan,TKM,Europe,2024,55_64,55-64,m,Male,330
tkm,Turkmenistan,TKM,Europe,2024,5_14,5-14,a,All sexes,62
tkm,Turkmenistan,TKM,Europe,2024,5_14,5-14,f,Female,28
tkm,Turkmenistan,TKM,Europe,2024,5_14,5-14,m,Male,34
tkm,Turkmenistan,TKM,Europe,2024,5_9,5-9,a,All sexes,33
tkm,Turkmenistan,TKM,Europe,2024,5_9,5-9,f,Female,14
tkm,Turkmenistan,TKM,Europe,2024,5_9,5-9,m,Male,18
tkm,Turkmenistan,TKM,Europe,2024,65plus,65+,a,All sexes,330
tkm,Turkmenistan,TKM,Europe,2024,65plus,65+,f,Female,180
tkm,Turkmenistan,TKM,Europe,2024,65plus,65+,m,Male,150
tkm,Turkmenistan,TKM,Europe,2024,all,All ages,a,All sexes,3000
tkm,Turkmenistan,TKM,Europe,2024,all,All ages,f,Female,1200
tkm,Turkmenistan,TKM,Europe,2024,all,All ages,m,Male,1800
tur,Türkiye,TUR,Europe,2024,0_14,0-14,a,All sexes,500
tur,Türkiye,TUR,Europe,2024,0_14,0-14,f,Female,260
tur,Türkiye,TUR,Europe,2024,0_14,0-14,m,Male,240
tur,Türkiye,TUR,Europe,2024,0_4,0-4,a,All sexes,160
tur,Türkiye,TUR,Europe,2024,0_4,0-4,f,Female,59
tur,Türkiye,TUR,Europe,2024,0_4,0-4,m,Male,99
tur,Türkiye,TUR,Europe,2024,10_14,10-14,a,All sexes,190
tur,Türkiye,TUR,Europe,2024,10_14,10-14,f,Female,120
tur,Türkiye,TUR,Europe,2024,10_14,10-14,m,Male,72
tur,Türkiye,TUR,Europe,2024,15_19,15-19,a,All sexes,530
tur,Türkiye,TUR,Europe,2024,15_19,15-19,f,Female,290
tur,Türkiye,TUR,Europe,2024,15_19,15-19,m,Male,250
tur,Türkiye,TUR,Europe,2024,15_24,15-24,a,All sexes,1500
tur,Türkiye,TUR,Europe,2024,15_24,15-24,f,Female,720
tur,Türkiye,TUR,Europe,2024,15_24,15-24,m,Male,750
tur,Türkiye,TUR,Europe,2024,15plus,15+,a,All sexes,11000
tur,Türkiye,TUR,Europe,2024,15plus,15+,f,Female,4500
tur,Türkiye,TUR,Europe,2024,15plus,15+,m,Male,6400
tur,Türkiye,TUR,Europe,2024,20_24,20-24,a,All sexes,940
tur,Türkiye,TUR,Europe,2024,20_24,20-24,f,Female,440
tur,Türkiye,TUR,Europe,2024,20_24,20-24,m,Male,510
tur,Türkiye,TUR,Europe,2024,25_34,25-34,a,All sexes,1600
tur,Türkiye,TUR,Europe,2024,25_34,25-34,f,Female,760
tur,Türkiye,TUR,Europe,2024,25_34,25-34,m,Male,860
tur,Türkiye,TUR,Europe,2024,35_44,35-44,a,All sexes,1500
tur,Türkiye,TUR,Europe,2024,35_44,35-44,f,Female,650
tur,Türkiye,TUR,Europe,2024,35_44,35-44,m,Male,870
tur,Türkiye,TUR,Europe,2024,45_54,45-54,a,All sexes,1700
tur,Türkiye,TUR,Europe,2024,45_54,45-54,f,Female,660
tur,Türkiye,TUR,Europe,2024,45_54,45-54,m,Male,1000
tur,Türkiye,TUR,Europe,2024,55_64,55-64,a,All sexes,2000
tur,Türkiye,TUR,Europe,2024,55_64,55-64,f,Female,690
tur,Türkiye,TUR,Europe,2024,55_64,55-64,m,Male,1300
tur,Türkiye,TUR,Europe,2024,5_14,5-14,a,All sexes,340
tur,Türkiye,TUR,Europe,2024,5_14,5-14,f,Female,200
tur,Türkiye,TUR,Europe,2024,5_14,5-14,m,Male,140
tur,Türkiye,TUR,Europe,2024,5_9,5-9,a,All sexes,150
tur,Türkiye,TUR,Europe,2024,5_9,5-9,f,Female,80
tur,Türkiye,TUR,Europe,2024,5_9,5-9,m,Male,72
tur,Türkiye,TUR,Europe,2024,65plus,65+,a,All sexes,2600
tur,Türkiye,TUR,Europe,2024,65plus,65+,f,Female,1100
tur,Türkiye,TUR,Europe,2024,65plus,65+,m,Male,1600
tur,Türkiye,TUR,Europe,2024,all,All ages,a,All sexes,11000
tur,Türkiye,TUR,Europe,2024,all,All ages,f,Female,4800
tur,Türkiye,TUR,Europe,2024,all,All ages,m,Male,6700
uga,Uganda,UGA,Africa,2024,0_14,0-14,a,All sexes,14000
uga,Uganda,UGA,Africa,2024,0_14,0-14,f,Female,6600
uga,Uganda,UGA,Africa,2024,0_14,0-14,m,Male,7600
uga,Uganda,UGA,Africa,2024,0_4,0-4,a,All sexes,6600
uga,Uganda,UGA,Africa,2024,0_4,0-4,f,Female,2800
uga,Uganda,UGA,Africa,2024,0_4,0-4,m,Male,3800
uga,Uganda,UGA,Africa,2024,10_14,10-14,a,All sexes,3800
uga,Uganda,UGA,Africa,2024,10_14,10-14,f,Female,1900
uga,Uganda,UGA,Africa,2024,10_14,10-14,m,Male,1900
uga,Uganda,UGA,Africa,2024,15_19,15-19,a,All sexes,7700
uga,Uganda,UGA,Africa,2024,15_19,15-19,f,Female,2100
uga,Uganda,UGA,Africa,2024,15_19,15-19,m,Male,5600
uga,Uganda,UGA,Africa,2024,15_24,15-24,a,All sexes,17000
uga,Uganda,UGA,Africa,2024,15_24,15-24,f,Female,5000
uga,Uganda,UGA,Africa,2024,15_24,15-24,m,Male,12000
uga,Uganda,UGA,Africa,2024,15plus,15+,a,All sexes,84000
uga,Uganda,UGA,Africa,2024,15plus,15+,f,Female,29000
uga,Uganda,UGA,Africa,2024,15plus,15+,m,Male,55000
uga,Uganda,UGA,Africa,2024,20_24,20-24,a,All sexes,8900
uga,Uganda,UGA,Africa,2024,20_24,20-24,f,Female,2900
uga,Uganda,UGA,Africa,2024,20_24,20-24,m,Male,5900
uga,Uganda,UGA,Africa,2024,25_34,25-34,a,All sexes,20000
uga,Uganda,UGA,Africa,2024,25_34,25-34,f,Female,7600
uga,Uganda,UGA,Africa,2024,25_34,25-34,m,Male,12000
uga,Uganda,UGA,Africa,2024,35_44,35-44,a,All sexes,18000
uga,Uganda,UGA,Africa,2024,35_44,35-44,f,Female,6100
uga,Uganda,UGA,Africa,2024,35_44,35-44,m,Male,12000
uga,Uganda,UGA,Africa,2024,45_54,45-54,a,All sexes,14000
uga,Uganda,UGA,Africa,2024,45_54,45-54,f,Female,4600
uga,Uganda,UGA,Africa,2024,45_54,45-54,m,Male,9300
uga,Uganda,UGA,Africa,2024,55_64,55-64,a,All sexes,8500
uga,Uganda,UGA,Africa,2024,55_64,55-64,f,Female,2900
uga,Uganda,UGA,Africa,2024,55_64,55-64,m,Male,5600
uga,Uganda,UGA,Africa,2024,5_14,5-14,a,All sexes,7700
uga,Uganda,UGA,Africa,2024,5_14,5-14,f,Female,3800
uga,Uganda,UGA,Africa,2024,5_14,5-14,m,Male,3900
uga,Uganda,UGA,Africa,2024,5_9,5-9,a,All sexes,3900
uga,Uganda,UGA,Africa,2024,5_9,5-9,f,Female,1900
uga,Uganda,UGA,Africa,2024,5_9,5-9,m,Male,2000
uga,Uganda,UGA,Africa,2024,65plus,65+,a,All sexes,7500
uga,Uganda,UGA,Africa,2024,65plus,65+,f,Female,2800
uga,Uganda,UGA,Africa,2024,65plus,65+,m,Male,4700
uga,Uganda,UGA,Africa,2024,all,All ages,a,All sexes,99000
uga,Uganda,UGA,Africa,2024,all,All ages,f,Female,36000
uga,Uganda,UGA,Africa,2024,all,All ages,m,Male,63000
ukr,Ukraine,UKR,Europe,2024,0_14,0-14,a,All sexes,830
ukr,Ukraine,UKR,Europe,2024,0_14,0-14,f,Female,410
ukr,Ukraine,UKR,Europe,2024,0_14,0-14,m,Male,420
ukr,Ukraine,UKR,Europe,2024,0_4,0-4,a,All sexes,190
ukr,Ukraine,UKR,Europe,2024,0_4,0-4,f,Female,76
ukr,Ukraine,UKR,Europe,2024,0_4,0-4,m,Male,110
ukr,Ukraine,UKR,Europe,2024,10_14,10-14,a,All sexes,380
ukr,Ukraine,UKR,Europe,2024,10_14,10-14,f,Female,200
ukr,Ukraine,UKR,Europe,2024,10_14,10-14,m,Male,180
ukr,Ukraine,UKR,Europe,2024,15_19,15-19,a,All sexes,510
ukr,Ukraine,UKR,Europe,2024,15_19,15-19,f,Female,230
ukr,Ukraine,UKR,Europe,2024,15_19,15-19,m,Male,280
ukr,Ukraine,UKR,Europe,2024,15_24,15-24,a,All sexes,1200
ukr,Ukraine,UKR,Europe,2024,15_24,15-24,f,Female,480
ukr,Ukraine,UKR,Europe,2024,15_24,15-24,m,Male,680
ukr,Ukraine,UKR,Europe,2024,15plus,15+,a,All sexes,32000
ukr,Ukraine,UKR,Europe,2024,15plus,15+,f,Female,7500
ukr,Ukraine,UKR,Europe,2024,15plus,15+,m,Male,24000
ukr,Ukraine,UKR,Europe,2024,20_24,20-24,a,All sexes,650
ukr,Ukraine,UKR,Europe,2024,20_24,20-24,f,Female,250
ukr,Ukraine,UKR,Europe,2024,20_24,20-24,m,Male,400
ukr,Ukraine,UKR,Europe,2024,25_34,25-34,a,All sexes,4100
ukr,Ukraine,UKR,Europe,2024,25_34,25-34,f,Female,1100
ukr,Ukraine,UKR,Europe,2024,25_34,25-34,m,Male,3100
ukr,Ukraine,UKR,Europe,2024,35_44,35-44,a,All sexes,9700
ukr,Ukraine,UKR,Europe,2024,35_44,35-44,f,Female,1800
ukr,Ukraine,UKR,Europe,2024,35_44,35-44,m,Male,7800
ukr,Ukraine,UKR,Europe,2024,45_54,45-54,a,All sexes,8600
ukr,Ukraine,UKR,Europe,2024,45_54,45-54,f,Female,1600
ukr,Ukraine,UKR,Europe,2024,45_54,45-54,m,Male,7100
ukr,Ukraine,UKR,Europe,2024,55_64,55-64,a,All sexes,4700
ukr,Ukraine,UKR,Europe,2024,55_64,55-64,f,Female,1000
ukr,Ukraine,UKR,Europe,2024,55_64,55-64,m,Male,3600
ukr,Ukraine,UKR,Europe,2024,5_14,5-14,a,All sexes,640
ukr,Ukraine,UKR,Europe,2024,5_14,5-14,f,Female,330
ukr,Ukraine,UKR,Europe,2024,5_14,5-14,m,Male,310
ukr,Ukraine,UKR,Europe,2024,5_9,5-9,a,All sexes,270
ukr,Ukraine,UKR,Europe,2024,5_9,5-9,f,Female,130
ukr,Ukraine,UKR,Europe,2024,5_9,5-9,m,Male,130
ukr,Ukraine,UKR,Europe,2024,65plus,65+,a,All sexes,3500
ukr,Ukraine,UKR,Europe,2024,65plus,65+,f,Female,1500
ukr,Ukraine,UKR,Europe,2024,65plus,65+,m,Male,2000
ukr,Ukraine,UKR,Europe,2024,all,All ages,a,All sexes,33000
ukr,Ukraine,UKR,Europe,2024,all,All ages,f,Female,7900
ukr,Ukraine,UKR,Europe,2024,all,All ages,m,Male,25000
are,United Arab Emirates,ARE,Eastern Mediterranean,2024,0_14,0-14,a,All sexes,4
are,United Arab Emirates,ARE,Eastern Mediterranean,2024,0_14,0-14,f,Female,4
are,United Arab Emirates,ARE,Eastern Mediterranean,2024,0_14,0-14,m,Male,0
are,United Arab Emirates,ARE,Eastern Mediterranean,2024,0_4,0-4,a,All sexes,2
are,United Arab Emirates,ARE,Eastern Mediterranean,2024,0_4,0-4,f,Female,2
are,United Arab Emirates,ARE,Eastern Mediterranean,2024,0_4,0-4,m,Male,0
are,United Arab Emirates,ARE,Eastern Mediterranean,2024,10_14,10-14,a,All sexes,1
are,United Arab Emirates,ARE,Eastern Mediterranean,2024,10_14,10-14,f,Female,1
are,United Arab Emirates,ARE,Eastern Mediterranean,2024,10_14,10-14,m,Male,0
are,United Arab Emirates,ARE,Eastern Mediterranean,2024,15_19,15-19,a,All sexes,5
are,United Arab Emirates,ARE,Eastern Mediterranean,2024,15_19,15-19,f,Female,1
are,United Arab Emirates,ARE,Eastern Mediterranean,2024,15_19,15-19,m,Male,4
are,United Arab Emirates,ARE,Eastern Mediterranean,2024,15_24,15-24,a,All sexes,12
are,United Arab Emirates,ARE,Eastern Mediterranean,2024,15_24,15-24,f,Female,4
are,United Arab Emirates,ARE,Eastern Mediterranean,2024,15_24,15-24,m,Male,9
are,United Arab Emirates,ARE,Eastern Mediterranean,2024,15plus,15+,a,All sexes,66
are,United Arab Emirates,ARE,Eastern Mediterranean,2024,15plus,15+,f,Female,26
are,United Arab Emirates,ARE,Eastern Mediterranean,2024,15plus,15+,m,Male,40
are,United Arab Emirates,ARE,Eastern Mediterranean,2024,20_24,20-24,a,All sexes,7
are,United Arab Emirates,ARE,Eastern Mediterranean,2024,20_24,20-24,f,Female,2
are,United Arab Emirates,ARE,Eastern Mediterranean,2024,20_24,20-24,m,Male,5
are,United Arab Emirates,ARE,Eastern Mediterranean,2024,25_34,25-34,a,All sexes,13
are,United Arab Emirates,ARE,Eastern Mediterranean,2024,25_34,25-34,f,Female,2
are,United Arab Emirates,ARE,Eastern Mediterranean,2024,25_34,25-34,m,Male,11
are,United Arab Emirates,ARE,Eastern Mediterranean,2024,35_44,35-44,a,All sexes,7
are,United Arab Emirates,ARE,Eastern Mediterranean,2024,35_44,35-44,f,Female,2
are,United Arab Emirates,ARE,Eastern Mediterranean,2024,35_44,35-44,m,Male,5
are,United Arab Emirates,ARE,Eastern Mediterranean,2024,45_54,45-54,a,All sexes,12
are,United Arab Emirates,ARE,Eastern Mediterranean,2024,45_54,45-54,f,Female,7
are,United Arab Emirates,ARE,Eastern Mediterranean,2024,45_54,45-54,m,Male,5
are,United Arab Emirates,ARE,Eastern Mediterranean,2024,55_64,55-64,a,All sexes,4
are,United Arab Emirates,ARE,Eastern Mediterranean,2024,55_64,55-64,f,Female,1
are,United Arab Emirates,ARE,Eastern Mediterranean,2024,55_64,55-64,m,Male,2
are,United Arab Emirates,ARE,Eastern Mediterranean,2024,5_14,5-14,a,All sexes,1
are,United Arab Emirates,ARE,Eastern Mediterranean,2024,5_14,5-14,f,Female,1
are,United Arab Emirates,ARE,Eastern Mediterranean,2024,5_14,5-14,m,Male,0
are,United Arab Emirates,ARE,Eastern Mediterranean,2024,5_9,5-9,a,All sexes,0
are,United Arab Emirates,ARE,Eastern Mediterranean,2024,5_9,5-9,f,Female,0
are,United Arab Emirates,ARE,Eastern Mediterranean,2024,5_9,5-9,m,Male,0
are,United Arab Emirates,ARE,Eastern Mediterranean,2024,65plus,65+,a,All sexes,17
are,United Arab Emirates,ARE,Eastern Mediterranean,2024,65plus,65+,f,Female,9
are,United Arab Emirates,ARE,Eastern Mediterranean,2024,65plus,65+,m,Male,9
are,United Arab Emirates,ARE,Eastern Mediterranean,2024,all,All ages,a,All sexes,70
are,United Arab Emirates,ARE,Eastern Mediterranean,2024,all,All ages,f,Female,29
are,United Arab Emirates,ARE,Eastern Mediterranean,2024,all,All ages,m,Male,40
gbr,United Kingdom,GBR,Europe,2024,0_14,0-14,a,All sexes,190
gbr,United Kingdom,GBR,Europe,2024,0_14,0-14,f,Female,110
gbr,United Kingdom,GBR,Europe,2024,0_14,0-14,m,Male,87
gbr,United Kingdom,GBR,Europe,2024,0_4,0-4,a,All sexes,62
gbr,United Kingdom,GBR,Europe,2024,0_4,0-4,f,Female,38
gbr,United Kingdom,GBR,Europe,2024,0_4,0-4,m,Male,24
gbr,United Kingdom,GBR,Europe,2024,10_14,10-14,a,All sexes,96
gbr,United Kingdom,GBR,Europe,2024,10_14,10-14,f,Female,50
gbr,United Kingdom,GBR,Europe,2024,10_14,10-14,m,Male,46
gbr,United Kingdom,GBR,Europe,2024,15_19,15-19,a,All sexes,300
gbr,United Kingdom,GBR,Europe,2024,15_19,15-19,f,Female,110
gbr,United Kingdom,GBR,Europe,2024,15_19,15-19,m,Male,200
gbr,United Kingdom,GBR,Europe,2024,15_24,15-24,a,All sexes,940
gbr,United Kingdom,GBR,Europe,2024,15_24,15-24,f,Female,340
gbr,United Kingdom,GBR,Europe,2024,15_24,15-24,m,Male,600
gbr,United Kingdom,GBR,Europe,2024,15plus,15+,a,All sexes,6500
gbr,United Kingdom,GBR,Europe,2024,15plus,15+,f,Female,2500
gbr,United Kingdom,GBR,Europe,2024,15plus,15+,m,Male,4000
gbr,United Kingdom,GBR,Europe,2024,20_24,20-24,a,All sexes,640
gbr,United Kingdom,GBR,Europe,2024,20_24,20-24,f,Female,230
gbr,United Kingdom,GBR,Europe,2024,20_24,20-24,m,Male,410
gbr,United Kingdom,GBR,Europe,2024,25_34,25-34,a,All sexes,1900
gbr,United Kingdom,GBR,Europe,2024,25_34,25-34,f,Female,750
gbr,United Kingdom,GBR,Europe,2024,25_34,25-34,m,Male,1100
gbr,United Kingdom,GBR,Europe,2024,35_44,35-44,a,All sexes,1300
gbr,United Kingdom,GBR,Europe,2024,35_44,35-44,f,Female,500
gbr,United Kingdom,GBR,Europe,2024,35_44,35-44,m,Male,790
gbr,United Kingdom,GBR,Europe,2024,45_54,45-54,a,All sexes,900
gbr,United Kingdom,GBR,Europe,2024,45_54,45-54,f,Female,350
gbr,United Kingdom,GBR,Europe,2024,45_54,45-54,m,Male,550
gbr,United Kingdom,GBR,Europe,2024,55_64,55-64,a,All sexes,660
gbr,United Kingdom,GBR,Europe,2024,55_64,55-64,f,Female,220
gbr,United Kingdom,GBR,Europe,2024,55_64,55-64,m,Male,440
gbr,United Kingdom,GBR,Europe,2024,5_14,5-14,a,All sexes,130
gbr,United Kingdom,GBR,Europe,2024,5_14,5-14,f,Female,70
gbr,United Kingdom,GBR,Europe,2024,5_14,5-14,m,Male,63
gbr,United Kingdom,GBR,Europe,2024,5_9,5-9,a,All sexes,37
gbr,United Kingdom,GBR,Europe,2024,5_9,5-9,f,Female,20
gbr,United Kingdom,GBR,Europe,2024,5_9,5-9,m,Male,17
gbr,United Kingdom,GBR,Europe,2024,65plus,65+,a,All sexes,820
gbr,United Kingdom,GBR,Europe,2024,65plus,65+,f,Female,330
gbr,United Kingdom,GBR,Europe,2024,65plus,65+,m,Male,490
gbr,United Kingdom,GBR,Europe,2024,all,All ages,a,All sexes,6700
gbr,United Kingdom,GBR,Europe,2024,all,All ages,f,Female,2600
gbr,United Kingdom,GBR,Europe,2024,all,All ages,m,Male,4100
usa,United States of America,USA,Americas,2024,0_14,0-14,a,All sexes,550
usa,United States of America,USA,Americas,2024,0_14,0-14,f,Female,260
usa,United States of America,USA,Americas,2024,0_14,0-14,m,Male,280
usa,United States of America,USA,Americas,2024,0_4,0-4,a,All sexes,270
usa,United States of America,USA,Americas,2024,0_4,0-4,f,Female,120
usa,United States of America,USA,Americas,2024,0_4,0-4,m,Male,150
usa,United States of America,USA,Americas,2024,10_14,10-14,a,All sexes,150
usa,United States of America,USA,Americas,2024,10_14,10-14,f,Female,88
usa,United States of America,USA,Americas,2024,10_14,10-14,m,Male,60
usa,United States of America,USA,Americas,2024,15_19,15-19,a,All sexes,410
usa,United States of America,USA,Americas,2024,15_19,15-19,f,Female,180
usa,United States of America,USA,Americas,2024,15_19,15-19,m,Male,230
usa,United States of America,USA,Americas,2024,15_24,15-24,a,All sexes,1200
usa,United States of America,USA,Americas,2024,15_24,15-24,f,Female,460
usa,United States of America,USA,Americas,2024,15_24,15-24,m,Male,740
usa,United States of America,USA,Americas,2024,15plus,15+,a,All sexes,11000
usa,United States of America,USA,Americas,2024,15plus,15+,f,Female,4000
usa,United States of America,USA,Americas,2024,15plus,15+,m,Male,6700
usa,United States of America,USA,Americas,2024,20_24,20-24,a,All sexes,800
usa,United States of America,USA,Americas,2024,20_24,20-24,f,Female,280
usa,United States of America,USA,Americas,2024,20_24,20-24,m,Male,510
usa,United States of America,USA,Americas,2024,25_34,25-34,a,All sexes,1900
usa,United States of America,USA,Americas,2024,25_34,25-34,f,Female,660
usa,United States of America,USA,Americas,2024,25_34,25-34,m,Male,1200
usa,United States of America,USA,Americas,2024,35_44,35-44,a,All sexes,1600
usa,United States of America,USA,Americas,2024,35_44,35-44,f,Female,610
usa,United States of America,USA,Americas,2024,35_44,35-44,m,Male,990
usa,United States of America,USA,Americas,2024,45_54,45-54,a,All sexes,1400
usa,United States of America,USA,Americas,2024,45_54,45-54,f,Female,510
usa,United States of America,USA,Americas,2024,45_54,45-54,m,Male,920
usa,United States of America,USA,Americas,2024,55_64,55-64,a,All sexes,1600
usa,United States of America,USA,Americas,2024,55_64,55-64,f,Female,590
usa,United States of America,USA,Americas,2024,55_64,55-64,m,Male,1000
usa,United States of America,USA,Americas,2024,5_14,5-14,a,All sexes,280
usa,United States of America,USA,Americas,2024,5_14,5-14,f,Female,140
usa,United States of America,USA,Americas,2024,5_14,5-14,m,Male,140
usa,United States of America,USA,Americas,2024,5_9,5-9,a,All sexes,130
usa,United States of America,USA,Americas,2024,5_9,5-9,f,Female,54
usa,United States of America,USA,Americas,2024,5_9,5-9,m,Male,75
usa,United States of America,USA,Americas,2024,65plus,65+,a,All sexes,2900
usa,United States of America,USA,Americas,2024,65plus,65+,f,Female,1100
usa,United States of America,USA,Americas,2024,65plus,65+,m,Male,1800
usa,United States of America,USA,Americas,2024,all,All ages,a,All sexes,11000
usa,United States of America,USA,Americas,2024,all,All ages,f,Female,4200
usa,United States of America,USA,Americas,2024,all,All ages,m,Male,7000
ury,Uruguay,URY,Americas,2024,0_14,0-14,a,All sexes,160
ury,Uruguay,URY,Americas,2024,0_14,0-14,f,Female,86
ury,Uruguay,URY,Americas,2024,0_14,0-14,m,Male,71
ury,Uruguay,URY,Americas,2024,0_4,0-4,a,All sexes,37
ury,Uruguay,URY,Americas,2024,0_4,0-4,f,Female,23
ury,Uruguay,URY,Americas,2024,0_4,0-4,m,Male,14
ury,Uruguay,URY,Americas,2024,10_14,10-14,a,All sexes,62
ury,Uruguay,URY,Americas,2024,10_14,10-14,f,Female,32
ury,Uruguay,URY,Americas,2024,10_14,10-14,m,Male,30
ury,Uruguay,URY,Americas,2024,15_19,15-19,a,All sexes,64
ury,Uruguay,URY,Americas,2024,15_19,15-19,f,Female,36
ury,Uruguay,URY,Americas,2024,15_19,15-19,m,Male,28
ury,Uruguay,URY,Americas,2024,15_24,15-24,a,All sexes,190
ury,Uruguay,URY,Americas,2024,15_24,15-24,f,Female,81
ury,Uruguay,URY,Americas,2024,15_24,15-24,m,Male,110
ury,Uruguay,URY,Americas,2024,15plus,15+,a,All sexes,1400
ury,Uruguay,URY,Americas,2024,15plus,15+,f,Female,430
ury,Uruguay,URY,Americas,2024,15plus,15+,m,Male,1000
ury,Uruguay,URY,Americas,2024,20_24,20-24,a,All sexes,130
ury,Uruguay,URY,Americas,2024,20_24,20-24,f,Female,46
ury,Uruguay,URY,Americas,2024,20_24,20-24,m,Male,82
ury,Uruguay,URY,Americas,2024,25_34,25-34,a,All sexes,340
ury,Uruguay,URY,Americas,2024,25_34,25-34,f,Female,86
ury,Uruguay,URY,Americas,2024,25_34,25-34,m,Male,260
ury,Uruguay,URY,Americas,2024,35_44,35-44,a,All sexes,300
ury,Uruguay,URY,Americas,2024,35_44,35-44,f,Female,82
ury,Uruguay,URY,Americas,2024,35_44,35-44,m,Male,220
ury,Uruguay,URY,Americas,2024,45_54,45-54,a,All sexes,230
ury,Uruguay,URY,Americas,2024,45_54,45-54,f,Female,47
ury,Uruguay,URY,Americas,2024,45_54,45-54,m,Male,180
ury,Uruguay,URY,Americas,2024,55_64,55-64,a,All sexes,180
ury,Uruguay,URY,Americas,2024,55_64,55-64,f,Female,57
ury,Uruguay,URY,Americas,2024,55_64,55-64,m,Male,120
ury,Uruguay,URY,Americas,2024,5_14,5-14,a,All sexes,120
ury,Uruguay,URY,Americas,2024,5_14,5-14,f,Female,63
ury,Uruguay,URY,Americas,2024,5_14,5-14,m,Male,58
ury,Uruguay,URY,Americas,2024,5_9,5-9,a,All sexes,59
ury,Uruguay,URY,Americas,2024,5_9,5-9,f,Female,31
ury,Uruguay,URY,Americas,2024,5_9,5-9,m,Male,28
ury,Uruguay,URY,Americas,2024,65plus,65+,a,All sexes,190
ury,Uruguay,URY,Americas,2024,65plus,65+,f,Female,76
ury,Uruguay,URY,Americas,2024,65plus,65+,m,Male,110
ury,Uruguay,URY,Americas,2024,all,All ages,a,All sexes,1600
ury,Uruguay,URY,Americas,2024,all,All ages,f,Female,520
ury,Uruguay,URY,Americas,2024,all,All ages,m,Male,1100
uzb,Uzbekistan,UZB,Europe,2024,0_14,0-14,a,All sexes,2600
uzb,Uzbekistan,UZB,Europe,2024,0_14,0-14,f,Female,1200
uzb,Uzbekistan,UZB,Europe,2024,0_14,0-14,m,Male,1400
uzb,Uzbekistan,UZB,Europe,2024,0_4,0-4,a,All sexes,840
uzb,Uzbekistan,UZB,Europe,2024,0_4,0-4,f,Female,350
uzb,Uzbekistan,UZB,Europe,2024,0_4,0-4,m,Male,490
uzb,Uzbekistan,UZB,Europe,2024,10_14,10-14,a,All sexes,840
uzb,Uzbekistan,UZB,Europe,2024,10_14,10-14,f,Female,410
uzb,Uzbekistan,UZB,Europe,2024,10_14,10-14,m,Male,430
uzb,Uzbekistan,UZB,Europe,2024,15_19,15-19,a,All sexes,980
uzb,Uzbekistan,UZB,Europe,2024,15_19,15-19,f,Female,430
uzb,Uzbekistan,UZB,Europe,2024,15_19,15-19,m,Male,550
uzb,Uzbekistan,UZB,Europe,2024,15_24,15-24,a,All sexes,2000
uzb,Uzbekistan,UZB,Europe,2024,15_24,15-24,f,Female,880
uzb,Uzbekistan,UZB,Europe,2024,15_24,15-24,m,Male,1100
uzb,Uzbekistan,UZB,Europe,2024,15plus,15+,a,All sexes,16000
uzb,Uzbekistan,UZB,Europe,2024,15plus,15+,f,Female,7300
uzb,Uzbekistan,UZB,Europe,2024,15plus,15+,m,Male,8600
uzb,Uzbekistan,UZB,Europe,2024,20_24,20-24,a,All sexes,980
uzb,Uzbekistan,UZB,Europe,2024,20_24,20-24,f,Female,440
uzb,Uzbekistan,UZB,Europe,2024,20_24,20-24,m,Male,540
uzb,Uzbekistan,UZB,Europe,2024,25_34,25-34,a,All sexes,2700
uzb,Uzbekistan,UZB,Europe,2024,25_34,25-34,f,Female,1300
uzb,Uzbekistan,UZB,Europe,2024,25_34,25-34,m,Male,1500
uzb,Uzbekistan,UZB,Europe,2024,35_44,35-44,a,All sexes,2600
uzb,Uzbekistan,UZB,Europe,2024,35_44,35-44,f,Female,1100
uzb,Uzbekistan,UZB,Europe,2024,35_44,35-44,m,Male,1500
uzb,Uzbekistan,UZB,Europe,2024,45_54,45-54,a,All sexes,2600
uzb,Uzbekistan,UZB,Europe,2024,45_54,45-54,f,Female,1100
uzb,Uzbekistan,UZB,Europe,2024,45_54,45-54,m,Male,1500
uzb,Uzbekistan,UZB,Europe,2024,55_64,55-64,a,All sexes,2900
uzb,Uzbekistan,UZB,Europe,2024,55_64,55-64,f,Female,1300
uzb,Uzbekistan,UZB,Europe,2024,55_64,55-64,m,Male,1600
uzb,Uzbekistan,UZB,Europe,2024,5_14,5-14,a,All sexes,1700
uzb,Uzbekistan,UZB,Europe,2024,5_14,5-14,f,Female,800
uzb,Uzbekistan,UZB,Europe,2024,5_14,5-14,m,Male,910
uzb,Uzbekistan,UZB,Europe,2024,5_9,5-9,a,All sexes,880
uzb,Uzbekistan,UZB,Europe,2024,5_9,5-9,f,Female,400
uzb,Uzbekistan,UZB,Europe,2024,5_9,5-9,m,Male,480
uzb,Uzbekistan,UZB,Europe,2024,65plus,65+,a,All sexes,3200
uzb,Uzbekistan,UZB,Europe,2024,65plus,65+,f,Female,1700
uzb,Uzbekistan,UZB,Europe,2024,65plus,65+,m,Male,1400
uzb,Uzbekistan,UZB,Europe,2024,all,All ages,a,All sexes,18000
uzb,Uzbekistan,UZB,Europe,2024,all,All ages,f,Female,8400
uzb,Uzbekistan,UZB,Europe,2024,all,All ages,m,Male,10000
vut,Vanuatu,VUT,Western Pacific,2024,0_14,0-14,a,All sexes,15
vut,Vanuatu,VUT,Western Pacific,2024,0_14,0-14,f,Female,7
vut,Vanuatu,VUT,Western Pacific,2024,0_14,0-14,m,Male,8
vut,Vanuatu,VUT,Western Pacific,2024,0_4,0-4,a,All sexes,8
vut,Vanuatu,VUT,Western Pacific,2024,0_4,0-4,f,Female,5
vut,Vanuatu,VUT,Western Pacific,2024,0_4,0-4,m,Male,3
vut,Vanuatu,VUT,Western Pacific,2024,10_14,10-14,a,All sexes,2
vut,Vanuatu,VUT,Western Pacific,2024,10_14,10-14,f,Female,0
vut,Vanuatu,VUT,Western Pacific,2024,10_14,10-14,m,Male,2
vut,Vanuatu,VUT,Western Pacific,2024,15_19,15-19,a,All sexes,11
vut,Vanuatu,VUT,Western Pacific,2024,15_19,15-19,f,Female,7
vut,Vanuatu,VUT,Western Pacific,2024,15_19,15-19,m,Male,5
vut,Vanuatu,VUT,Western Pacific,2024,15_24,15-24,a,All sexes,33
vut,Vanuatu,VUT,Western Pacific,2024,15_24,15-24,f,Female,20
vut,Vanuatu,VUT,Western Pacific,2024,15_24,15-24,m,Male,13
vut,Vanuatu,VUT,Western Pacific,2024,15plus,15+,a,All sexes,130
vut,Vanuatu,VUT,Western Pacific,2024,15plus,15+,f,Female,65
vut,Vanuatu,VUT,Western Pacific,2024,15plus,15+,m,Male,65
vut,Vanuatu,VUT,Western Pacific,2024,20_24,20-24,a,All sexes,21
vut,Vanuatu,VUT,Western Pacific,2024,20_24,20-24,f,Female,13
vut,Vanuatu,VUT,Western Pacific,2024,20_24,20-24,m,Male,8
vut,Vanuatu,VUT,Western Pacific,2024,25_34,25-34,a,All sexes,26
vut,Vanuatu,VUT,Western Pacific,2024,25_34,25-34,f,Female,13
vut,Vanuatu,VUT,Western Pacific,2024,25_34,25-34,m,Male,13
vut,Vanuatu,VUT,Western Pacific,2024,35_44,35-44,a,All sexes,33
vut,Vanuatu,VUT,Western Pacific,2024,35_44,35-44,f,Female,8
vut,Vanuatu,VUT,Western Pacific,2024,35_44,35-44,m,Male,25
vut,Vanuatu,VUT,Western Pacific,2024,45_54,45-54,a,All sexes,13
vut,Vanuatu,VUT,Western Pacific,2024,45_54,45-54,f,Female,8
vut,Vanuatu,VUT,Western Pacific,2024,45_54,45-54,m,Male,5
vut,Vanuatu,VUT,Western Pacific,2024,55_64,55-64,a,All sexes,16
vut,Vanuatu,VUT,Western Pacific,2024,55_64,55-64,f,Female,10
vut,Vanuatu,VUT,Western Pacific,2024,55_64,55-64,m,Male,7
vut,Vanuatu,VUT,Western Pacific,2024,5_14,5-14,a,All sexes,7
vut,Vanuatu,VUT,Western Pacific,2024,5_14,5-14,f,Female,2
vut,Vanuatu,VUT,Western Pacific,2024,5_14,5-14,m,Male,5
vut,Vanuatu,VUT,Western Pacific,2024,5_9,5-9,a,All sexes,5
vut,Vanuatu,VUT,Western Pacific,2024,5_9,5-9,f,Female,2
vut,Vanuatu,VUT,Western Pacific,2024,5_9,5-9,m,Male,3
vut,Vanuatu,VUT,Western Pacific,2024,65plus,65+,a,All sexes,10
vut,Vanuatu,VUT,Western Pacific,2024,65plus,65+,f,Female,7
vut,Vanuatu,VUT,Western Pacific,2024,65plus,65+,m,Male,3
vut,Vanuatu,VUT,Western Pacific,2024,all,All ages,a,All sexes,150
vut,Vanuatu,VUT,Western Pacific,2024,all,All ages,f,Female,72
vut,Vanuatu,VUT,Western Pacific,2024,all,All ages,m,Male,74
ven,Venezuela,VEN,Americas,2024,0_14,0-14,a,All sexes,730
ven,Venezuela,VEN,Americas,2024,0_14,0-14,f,Female,340
ven,Venezuela,VEN,Americas,2024,0_14,0-14,m,Male,400
ven,Venezuela,VEN,Americas,2024,0_4,0-4,a,All sexes,270
ven,Venezuela,VEN,Americas,2024,0_4,0-4,f,Female,110
ven,Venezuela,VEN,Americas,2024,0_4,0-4,m,Male,170
ven,Venezuela,VEN,Americas,2024,10_14,10-14,a,All sexes,240
ven,Venezuela,VEN,Americas,2024,10_14,10-14,f,Female,130
ven,Venezuela,VEN,Americas,2024,10_14,10-14,m,Male,110
ven,Venezuela,VEN,Americas,2024,15_19,15-19,a,All sexes,760
ven,Venezuela,VEN,Americas,2024,15_19,15-19,f,Female,380
ven,Venezuela,VEN,Americas,2024,15_19,15-19,m,Male,380
ven,Venezuela,VEN,Americas,2024,15_24,15-24,a,All sexes,2300
ven,Venezuela,VEN,Americas,2024,15_24,15-24,f,Female,910
ven,Venezuela,VEN,Americas,2024,15_24,15-24,m,Male,1400
ven,Venezuela,VEN,Americas,2024,15plus,15+,a,All sexes,12000
ven,Venezuela,VEN,Americas,2024,15plus,15+,f,Female,4500
ven,Venezuela,VEN,Americas,2024,15plus,15+,m,Male,8000
ven,Venezuela,VEN,Americas,2024,20_24,20-24,a,All sexes,1500
ven,Venezuela,VEN,Americas,2024,20_24,20-24,f,Female,520
ven,Venezuela,VEN,Americas,2024,20_24,20-24,m,Male,1000
ven,Venezuela,VEN,Americas,2024,25_34,25-34,a,All sexes,3500
ven,Venezuela,VEN,Americas,2024,25_34,25-34,f,Female,1000
ven,Venezuela,VEN,Americas,2024,25_34,25-34,m,Male,2500
ven,Venezuela,VEN,Americas,2024,35_44,35-44,a,All sexes,2000
ven,Venezuela,VEN,Americas,2024,35_44,35-44,f,Female,720
ven,Venezuela,VEN,Americas,2024,35_44,35-44,m,Male,1300
ven,Venezuela,VEN,Americas,2024,45_54,45-54,a,All sexes,1600
ven,Venezuela,VEN,Americas,2024,45_54,45-54,f,Female,580
ven,Venezuela,VEN,Americas,2024,45_54,45-54,m,Male,1000
ven,Venezuela,VEN,Americas,2024,55_64,55-64,a,All sexes,1500
ven,Venezuela,VEN,Americas,2024,55_64,55-64,f,Female,600
ven,Venezuela,VEN,Americas,2024,55_64,55-64,m,Male,940
ven,Venezuela,VEN,Americas,2024,5_14,5-14,a,All sexes,460
ven,Venezuela,VEN,Americas,2024,5_14,5-14,f,Female,230
ven,Venezuela,VEN,Americas,2024,5_14,5-14,m,Male,230
ven,Venezuela,VEN,Americas,2024,5_9,5-9,a,All sexes,220
ven,Venezuela,VEN,Americas,2024,5_9,5-9,f,Female,100
ven,Venezuela,VEN,Americas,2024,5_9,5-9,m,Male,120
ven,Venezuela,VEN,Americas,2024,65plus,65+,a,All sexes,1600
ven,Venezuela,VEN,Americas,2024,65plus,65+,f,Female,660
ven,Venezuela,VEN,Americas,2024,65plus,65+,m,Male,910
ven,Venezuela,VEN,Americas,2024,all,All ages,a,All sexes,13000
ven,Venezuela,VEN,Americas,2024,all,All ages,f,Female,4800
ven,Venezuela,VEN,Americas,2024,all,All ages,m,Male,8400
vnm,Vietnam,VNM,Western Pacific,2024,0_14,0-14,a,All sexes,7700
vnm,Vietnam,VNM,Western Pacific,2024,0_14,0-14,f,Female,3700
vnm,Vietnam,VNM,Western Pacific,2024,0_14,0-14,m,Male,4000
vnm,Vietnam,VNM,Western Pacific,2024,0_4,0-4,a,All sexes,3700
vnm,Vietnam,VNM,Western Pacific,2024,0_4,0-4,f,Female,1700
vnm,Vietnam,VNM,Western Pacific,2024,0_4,0-4,m,Male,2000
vnm,Vietnam,VNM,Western Pacific,2024,10_14,10-14,a,All sexes,2000
vnm,Vietnam,VNM,Western Pacific,2024,10_14,10-14,f,Female,1000
vnm,Vietnam,VNM,Western Pacific,2024,10_14,10-14,m,Male,1000
vnm,Vietnam,VNM,Western Pacific,2024,15_19,15-19,a,All sexes,6500
vnm,Vietnam,VNM,Western Pacific,2024,15_19,15-19,f,Female,2500
vnm,Vietnam,VNM,Western Pacific,2024,15_19,15-19,m,Male,4100
vnm,Vietnam,VNM,Western Pacific,2024,15_24,15-24,a,All sexes,13000
vnm,Vietnam,VNM,Western Pacific,2024,15_24,15-24,f,Female,5100
vnm,Vietnam,VNM,Western Pacific,2024,15_24,15-24,m,Male,8300
vnm,Vietnam,VNM,Western Pacific,2024,15plus,15+,a,All sexes,177000
vnm,Vietnam,VNM,Western Pacific,2024,15plus,15+,f,Female,50000
vnm,Vietnam,VNM,Western Pacific,2024,15plus,15+,m,Male,127000
vnm,Vietnam,VNM,Western Pacific,2024,20_24,20-24,a,All sexes,6900
vnm,Vietnam,VNM,Western Pacific,2024,20_24,20-24,f,Female,2700
vnm,Vietnam,VNM,Western Pacific,2024,20_24,20-24,m,Male,4200
vnm,Vietnam,VNM,Western Pacific,2024,25_34,25-34,a,All sexes,27000
vnm,Vietnam,VNM,Western Pacific,2024,25_34,25-34,f,Female,8400
vnm,Vietnam,VNM,Western Pacific,2024,25_34,25-34,m,Male,19000
vnm,Vietnam,VNM,Western Pacific,2024,35_44,35-44,a,All sexes,30000
vnm,Vietnam,VNM,Western Pacific,2024,35_44,35-44,f,Female,7600
vnm,Vietnam,VNM,Western Pacific,2024,35_44,35-44,m,Male,22000
vnm,Vietnam,VNM,Western Pacific,2024,45_54,45-54,a,All sexes,33000
vnm,Vietnam,VNM,Western Pacific,2024,45_54,45-54,f,Female,7400
vnm,Vietnam,VNM,Western Pacific,2024,45_54,45-54,m,Male,25000
vnm,Vietnam,VNM,Western Pacific,2024,55_64,55-64,a,All sexes,34000
vnm,Vietnam,VNM,Western Pacific,2024,55_64,55-64,f,Female,8600
vnm,Vietnam,VNM,Western Pacific,2024,55_64,55-64,m,Male,26000
vnm,Vietnam,VNM,Western Pacific,2024,5_14,5-14,a,All sexes,4000
vnm,Vietnam,VNM,Western Pacific,2024,5_14,5-14,f,Female,2000
vnm,Vietnam,VNM,Western Pacific,2024,5_14,5-14,m,Male,2000
vnm,Vietnam,VNM,Western Pacific,2024,5_9,5-9,a,All sexes,2000
vnm,Vietnam,VNM,Western Pacific,2024,5_9,5-9,f,Female,1000
vnm,Vietnam,VNM,Western Pacific,2024,5_9,5-9,m,Male,990
vnm,Vietnam,VNM,Western Pacific,2024,65plus,65+,a,All sexes,39000
vnm,Vietnam,VNM,Western Pacific,2024,65plus,65+,f,Female,12000
vnm,Vietnam,VNM,Western Pacific,2024,65plus,65+,m,Male,27000
vnm,Vietnam,VNM,Western Pacific,2024,all,All ages,a,All sexes,184000
vnm,Vietnam,VNM,Western Pacific,2024,all,All ages,f,Female,53000
vnm,Vietnam,VNM,Western Pacific,2024,all,All ages,m,Male,131000
yem,Yemen,YEM,Eastern Mediterranean,2024,0_14,0-14,a,All sexes,1900
yem,Yemen,YEM,Eastern Mediterranean,2024,0_14,0-14,f,Female,930
yem,Yemen,YEM,Eastern Mediterranean,2024,0_14,0-14,m,Male,1000
yem,Yemen,YEM,Eastern Mediterranean,2024,0_4,0-4,a,All sexes,810
yem,Yemen,YEM,Eastern Mediterranean,2024,0_4,0-4,f,Female,390
yem,Yemen,YEM,Eastern Mediterranean,2024,0_4,0-4,m,Male,420
yem,Yemen,YEM,Eastern Mediterranean,2024,10_14,10-14,a,All sexes,630
yem,Yemen,YEM,Eastern Mediterranean,2024,10_14,10-14,f,Female,310
yem,Yemen,YEM,Eastern Mediterranean,2024,10_14,10-14,m,Male,330
yem,Yemen,YEM,Eastern Mediterranean,2024,15_19,15-19,a,All sexes,1300
yem,Yemen,YEM,Eastern Mediterranean,2024,15_19,15-19,f,Female,640
yem,Yemen,YEM,Eastern Mediterranean,2024,15_19,15-19,m,Male,670
yem,Yemen,YEM,Eastern Mediterranean,2024,15_24,15-24,a,All sexes,3000
yem,Yemen,YEM,Eastern Mediterranean,2024,15_24,15-24,f,Female,1500
yem,Yemen,YEM,Eastern Mediterranean,2024,15_24,15-24,m,Male,1500
yem,Yemen,YEM,Eastern Mediterranean,2024,15plus,15+,a,All sexes,14000
yem,Yemen,YEM,Eastern Mediterranean,2024,15plus,15+,f,Female,6700
yem,Yemen,YEM,Eastern Mediterranean,2024,15plus,15+,m,Male,7400
yem,Yemen,YEM,Eastern Mediterranean,2024,20_24,20-24,a,All sexes,1700
yem,Yemen,YEM,Eastern Mediterranean,2024,20_24,20-24,f,Female,810
yem,Yemen,YEM,Eastern Mediterranean,2024,20_24,20-24,m,Male,850
yem,Yemen,YEM,Eastern Mediterranean,2024,25_34,25-34,a,All sexes,3200
yem,Yemen,YEM,Eastern Mediterranean,2024,25_34,25-34,f,Female,1400
yem,Yemen,YEM,Eastern Mediterranean,2024,25_34,25-34,m,Male,1800
yem,Yemen,YEM,Eastern Mediterranean,2024,35_44,35-44,a,All sexes,2400
yem,Yemen,YEM,Eastern Mediterranean,2024,35_44,35-44,f,Female,1200
yem,Yemen,YEM,Eastern Mediterranean,2024,35_44,35-44,m,Male,1200
yem,Yemen,YEM,Eastern Mediterranean,2024,45_54,45-54,a,All sexes,2100
yem,Yemen,YEM,Eastern Mediterranean,2024,45_54,45-54,f,Female,1000
yem,Yemen,YEM,Eastern Mediterranean,2024,45_54,45-54,m,Male,1000
yem,Yemen,YEM,Eastern Mediterranean,2024,55_64,55-64,a,All sexes,1700
yem,Yemen,YEM,Eastern Mediterranean,2024,55_64,55-64,f,Female,850
yem,Yemen,YEM,Eastern Mediterranean,2024,55_64,55-64,m,Male,870
yem,Yemen,YEM,Eastern Mediterranean,2024,5_14,5-14,a,All sexes,1100
yem,Yemen,YEM,Eastern Mediterranean,2024,5_14,5-14,f,Female,550
yem,Yemen,YEM,Eastern Mediterranean,2024,5_14,5-14,m,Male,590
yem,Yemen,YEM,Eastern Mediterranean,2024,5_9,5-9,a,All sexes,500
yem,Yemen,YEM,Eastern Mediterranean,2024,5_9,5-9,f,Female,240
yem,Yemen,YEM,Eastern Mediterranean,2024,5_9,5-9,m,Male,260
yem,Yemen,YEM,Eastern Mediterranean,2024,65plus,65+,a,All sexes,1700
yem,Yemen,YEM,Eastern Mediterranean,2024,65plus,65+,f,Female,780
yem,Yemen,YEM,Eastern Mediterranean,2024,65plus,65+,m,Male,940
yem,Yemen,YEM,Eastern Mediterranean,2024,all,All ages,a,All sexes,16000
yem,Yemen,YEM,Eastern Mediterranean,2024,all,All ages,f,Female,7700
yem,Yemen,YEM,Eastern Mediterranean,2024,all,All ages,m,Male,8400
zmb,Zambia,ZMB,Africa,2024,0_14,0-14,a,All sexes,7900
zmb,Zambia,ZMB,Africa,2024,0_14,0-14,f,Female,3600
zmb,Zambia,ZMB,Africa,2024,0_14,0-14,m,Male,4300
zmb,Zambia,ZMB,Africa,2024,0_4,0-4,a,All sexes,4500
zmb,Zambia,ZMB,Africa,2024,0_4,0-4,f,Female,1900
zmb,Zambia,ZMB,Africa,2024,0_4,0-4,m,Male,2600
zmb,Zambia,ZMB,Africa,2024,10_14,10-14,a,All sexes,1700
zmb,Zambia,ZMB,Africa,2024,10_14,10-14,f,Female,860
zmb,Zambia,ZMB,Africa,2024,10_14,10-14,m,Male,880
zmb,Zambia,ZMB,Africa,2024,15_19,15-19,a,All sexes,2600
zmb,Zambia,ZMB,Africa,2024,15_19,15-19,f,Female,1200
zmb,Zambia,ZMB,Africa,2024,15_19,15-19,m,Male,1400
zmb,Zambia,ZMB,Africa,2024,15_24,15-24,a,All sexes,5500
zmb,Zambia,ZMB,Africa,2024,15_24,15-24,f,Female,2500
zmb,Zambia,ZMB,Africa,2024,15_24,15-24,m,Male,3000
zmb,Zambia,ZMB,Africa,2024,15plus,15+,a,All sexes,50000
zmb,Zambia,ZMB,Africa,2024,15plus,15+,f,Female,19000
zmb,Zambia,ZMB,Africa,2024,15plus,15+,m,Male,31000
zmb,Zambia,ZMB,Africa,2024,20_24,20-24,a,All sexes,2900
zmb,Zambia,ZMB,Africa,2024,20_24,20-24,f,Female,1300
zmb,Zambia,ZMB,Africa,2024,20_24,20-24,m,Male,1600
zmb,Zambia,ZMB,Africa,2024,25_34,25-34,a,All sexes,12000
zmb,Zambia,ZMB,Africa,2024,25_34,25-34,f,Female,4200
zmb,Zambia,ZMB,Africa,2024,25_34,25-34,m,Male,7600
zmb,Zambia,ZMB,Africa,2024,35_44,35-44,a,All sexes,13000
zmb,Zambia,ZMB,Africa,2024,35_44,35-44,f,Female,4200
zmb,Zambia,ZMB,Africa,2024,35_44,35-44,m,Male,8500
zmb,Zambia,ZMB,Africa,2024,45_54,45-54,a,All sexes,9300
zmb,Zambia,ZMB,Africa,2024,45_54,45-54,f,Female,3300
zmb,Zambia,ZMB,Africa,2024,45_54,45-54,m,Male,6000
zmb,Zambia,ZMB,Africa,2024,55_64,55-64,a,All sexes,5300
zmb,Zambia,ZMB,Africa,2024,55_64,55-64,f,Female,2200
zmb,Zambia,ZMB,Africa,2024,55_64,55-64,m,Male,3200
zmb,Zambia,ZMB,Africa,2024,5_14,5-14,a,All sexes,3400
zmb,Zambia,ZMB,Africa,2024,5_14,5-14,f,Female,1700
zmb,Zambia,ZMB,Africa,2024,5_14,5-14,m,Male,1700
zmb,Zambia,ZMB,Africa,2024,5_9,5-9,a,All sexes,1600
zmb,Zambia,ZMB,Africa,2024,5_9,5-9,f,Female,810
zmb,Zambia,ZMB,Africa,2024,5_9,5-9,m,Male,820
zmb,Zambia,ZMB,Africa,2024,65plus,65+,a,All sexes,5500
zmb,Zambia,ZMB,Africa,2024,65plus,65+,f,Female,2400
zmb,Zambia,ZMB,Africa,2024,65plus,65+,m,Male,3100
zmb,Zambia,ZMB,Africa,2024,all,All ages,a,All sexes,58000
zmb,Zambia,ZMB,Africa,2024,all,All ages,f,Female,22000
zmb,Zambia,ZMB,Africa,2024,all,All ages,m,Male,36000
zwe,Zimbabwe,ZWE,Africa,2024,0_14,0-14,a,All sexes,6100
zwe,Zimbabwe,ZWE,Africa,2024,0_14,0-14,f,Female,2100
zwe,Zimbabwe,ZWE,Africa,2024,0_14,0-14,m,Male,4000
zwe,Zimbabwe,ZWE,Africa,2024,0_4,0-4,a,All sexes,2700
zwe,Zimbabwe,ZWE,Africa,2024,0_4,0-4,f,Female,540
zwe,Zimbabwe,ZWE,Africa,2024,0_4,0-4,m,Male,2100
zwe,Zimbabwe,ZWE,Africa,2024,10_14,10-14,a,All sexes,2000
zwe,Zimbabwe,ZWE,Africa,2024,10_14,10-14,f,Female,830
zwe,Zimbabwe,ZWE,Africa,2024,10_14,10-14,m,Male,1100
zwe,Zimbabwe,ZWE,Africa,2024,15_19,15-19,a,All sexes,1800
zwe,Zimbabwe,ZWE,Africa,2024,15_19,15-19,f,Female,1400
zwe,Zimbabwe,ZWE,Africa,2024,15_19,15-19,m,Male,450
zwe,Zimbabwe,ZWE,Africa,2024,15_24,15-24,a,All sexes,4300
zwe,Zimbabwe,ZWE,Africa,2024,15_24,15-24,f,Female,2800
zwe,Zimbabwe,ZWE,Africa,2024,15_24,15-24,m,Male,1500
zwe,Zimbabwe,ZWE,Africa,2024,15plus,15+,a,All sexes,28000
zwe,Zimbabwe,ZWE,Africa,2024,15plus,15+,f,Female,10000
zwe,Zimbabwe,ZWE,Africa,2024,15plus,15+,m,Male,17000
zwe,Zimbabwe,ZWE,Africa,2024,20_24,20-24,a,All sexes,2500
zwe,Zimbabwe,ZWE,Africa,2024,20_24,20-24,f,Female,1500
zwe,Zimbabwe,ZWE,Africa,2024,20_24,20-24,m,Male,1000
zwe,Zimbabwe,ZWE,Africa,2024,25_34,25-34,a,All sexes,7400
zwe,Zimbabwe,ZWE,Africa,2024,25_34,25-34,f,Female,3100
zwe,Zimbabwe,ZWE,Africa,2024,25_34,25-34,m,Male,4200
zwe,Zimbabwe,ZWE,Africa,2024,35_44,35-44,a,All sexes,7000
zwe,Zimbabwe,ZWE,Africa,2024,35_44,35-44,f,Female,1700
zwe,Zimbabwe,ZWE,Africa,2024,35_44,35-44,m,Male,5300
zwe,Zimbabwe,ZWE,Africa,2024,45_54,45-54,a,All sexes,4300
zwe,Zimbabwe,ZWE,Africa,2024,45_54,45-54,f,Female,1200
zwe,Zimbabwe,ZWE,Africa,2024,45_54,45-54,m,Male,3100
zwe,Zimbabwe,ZWE,Africa,2024,55_64,55-64,a,All sexes,2200
zwe,Zimbabwe,ZWE,Africa,2024,55_64,55-64,f,Female,670
zwe,Zimbabwe,ZWE,Africa,2024,55_64,55-64,m,Male,1500
zwe,Zimbabwe,ZWE,Africa,2024,5_14,5-14,a,All sexes,3400
zwe,Zimbabwe,ZWE,Africa,2024,5_14,5-14,f,Female,1500
zwe,Zimbabwe,ZWE,Africa,2024,5_14,5-14,m,Male,1800
zwe,Zimbabwe,ZWE,Africa,2024,5_9,5-9,a,All sexes,1400
zwe,Zimbabwe,ZWE,Africa,2024,5_9,5-9,f,Female,720
zwe,Zimbabwe,ZWE,Africa,2024,5_9,5-9,m,Male,680
zwe,Zimbabwe,ZWE,Africa,2024,65plus,65+,a,All sexes,2500
zwe,Zimbabwe,ZWE,Africa,2024,65plus,65+,f,Female,930
zwe,Zimbabwe,ZWE,Africa,2024,65plus,65+,m,Male,1600
zwe,Zimbabwe,ZWE,Africa,2024,all,All ages,a,All sexes,34000
zwe,Zimbabwe,ZWE,Africa,2024,all,All ages,f,Female,13000
zwe,Zimbabwe,ZWE,Africa,2024,all,All ages,m,Male,21000
